./tmp/QF_AUFBV/com.galois.ecc.P384ECC64.ec_full_sub1.short.smt2,"[0. 1. 1. 0. 0. 0. 0. 1. 0. 0. 0. 0. 0. 0. 1. 0. 0. 0. 0. 0. 0. 0. 0. 0.
 0. 0. 0. 0. 0. 0. 0. 1. 1. 0. 0. 0. 0. 1. 0. 1. 1. 1. 1. 0. 1. 0. 1. 1.
 1. 1. 0. 1. 1. 1. 1. 1. 1. 1. 0. 0. 0. 0. 0. 0. 0. 0. 0. 0. 0. 0. 1. 0.
 0. 0. 0. 0. 0. 0. 0. 0. 0. 0. 0. 0. 0. 0. 0. 0. 0. 0. 0. 0. 0. 0. 0. 0.
 0. 0. 0. 0. 0. 0. 0. 0. 0. 0. 0. 0. 0. 0. 0. 0. 0. 0. 0. 0. 0. 0. 0. 0.
 0. 0. 0. 0. 0. 0. 0. 0. 0. 0. 0. 0. 0. 0. 0. 0. 0. 0. 0. 0. 0. 0. 0. 0.
 0. 0. 0. 0. 1. 1. 1. 1. 1. 0. 0. 0. 0. 0. 1. 0. 1.]",Z3,1.298799991607666,unsat,"['Z3', 'CVC4', 'BOOLECTOR', 'MathSAT', 'Bitwuzla', 'YICES']",[1.2903859615325928]
./tmp/QF_AUFBV/com.galois.ecc.P384ECC64.signHash3.short.smt2,"[0.         1.83812709 1.         0.         0.         0.
 0.         1.90784155 0.         0.         0.         0.
 0.         0.         1.         0.         0.         0.
 0.         0.         0.         0.         0.         0.
 0.         0.         0.         0.         0.         0.
 0.         1.         1.         0.         0.         0.
 0.         0.66666667 0.         1.96899225 1.         1.98701299
 1.97515528 0.         1.84814597 0.         1.92207792 1.98190045
 1.55263158 1.44705882 0.         1.83765502 1.32075472 0.66666667
 1.98425197 1.98701299 1.97515528 1.91666667 0.         0.
 0.         0.         0.         0.         2.         0.
 0.         0.         0.         0.         1.5        0.
 0.         0.         0.         0.         0.         0.
 0.         0.         2.         0.         0.         0.
 0.         0.         0.         0.         0.         0.
 0.         0.         0.         0.         0.         0.
 0.         0.         0.         0.         0.         0.
 0.         0.         0.         0.         0.         0.
 0.         0.         0.         0.         0.         0.
 0.         0.         0.         0.         0.         0.
 0.         0.         0.         0.         0.         0.
 0.         0.         0.         0.         0.         0.
 0.         0.         0.         0.         0.         0.
 0.         0.         0.         0.         0.         0.
 0.         0.         0.         0.         1.79099293 1.
 1.83924983 1.78489245 1.86683739 0.         0.         0.
 0.         0.         1.98190045 0.         1.90070922]",Bitwuzla,1.8568029403686523,unsat,"['Bitwuzla', 'BOOLECTOR', 'YICES', 'MathSAT', 'CVC4', 'Z3']",[1.8024699687957764]
./tmp/QF_AUFBV/com.galois.ecc.P384ECC64.ec_full_add1.short.smt2,"[0.         0.34300948 1.         0.         0.         0.
 0.         0.16717557 0.         0.         0.         0.
 0.         0.         1.         0.         0.         0.
 0.         0.         0.         0.         0.         0.
 0.         0.         0.         0.         0.         0.
 0.         1.         1.         0.         0.         0.
 0.         1.2        0.         0.13333333 1.         0.09433962
 0.05487805 0.         0.32581322 0.         0.13043478 0.08571429
 0.6969697  0.75330396 0.         0.27076923 0.58481013 0.
 0.11363636 0.09433962 0.05487805 0.         0.         0.
 0.         0.         0.         0.         0.         0.
 0.         0.         0.         0.         0.         0.
 0.         0.         0.         0.         0.         0.
 0.         0.         0.         0.         0.         0.
 0.         0.         0.         0.         0.         0.
 0.         0.         0.         0.         0.         0.
 0.         0.         0.         0.         0.         0.
 0.         0.         0.         0.         0.         0.
 0.         0.         0.         0.         0.         0.
 0.         0.         0.         0.         0.         0.
 0.         0.         0.         0.         0.         0.
 0.         0.         0.         0.         0.         0.
 0.         0.         0.         0.         0.         0.
 0.         0.         0.         0.         0.         0.
 0.         0.         0.         0.         0.36230481 1.
 0.34183976 0.38293694 0.20405728 0.         0.         0.
 0.         0.         0.08571429 0.         0.13802436]",Z3,0.07358384132385254,unsat,"['Z3', 'MathSAT', 'CVC4', 'Bitwuzla', 'BOOLECTOR', 'YICES']",[0.06543707847595215]
./tmp/QF_AUFBV/com.galois.ecc.P384ECC64.verifySignature.short.smt2,"[0.         1.63998602 1.         0.         0.         0.
 0.         1.68551237 0.         0.         0.         0.
 0.         0.         1.         0.         0.         0.
 0.         0.         0.         0.         0.         0.
 0.         0.         0.         0.         0.         0.
 0.         1.         1.         0.         0.         0.
 0.         0.66666667 0.         1.61061947 1.         1.67883212
 1.74570447 0.         1.64981504 0.         1.60594796 1.68742058
 1.64285714 1.51232877 0.         1.6771888  1.45571659 2.66666667
 1.62162162 1.67883212 1.74570447 1.65853659 4.         0.
 0.         0.         0.         0.         2.87179487 0.
 0.         0.         0.         0.         0.8        0.
 0.         0.         0.         0.         0.         0.
 0.         0.         1.31596091 0.         0.         0.
 0.         0.         0.         0.         0.         0.
 0.         0.         0.         0.         0.         0.
 0.         0.         0.         0.         0.         0.
 0.         0.         0.         0.         0.         0.
 0.         0.         0.         0.         0.         0.
 0.         0.         0.         0.         0.         0.
 0.         0.         0.         0.         0.         0.
 0.         0.         0.         0.         0.         0.
 0.         0.         0.         0.         0.         0.
 0.         0.         0.         0.         0.         0.
 0.         0.         0.         0.         1.62288461 1.
 1.64088204 1.60897352 1.66248257 0.         0.         0.
 0.         0.         1.68742058 0.         1.66508689]",BOOLECTOR,26.45479679107666,unsat,"['BOOLECTOR', 'Bitwuzla', 'YICES', 'Z3', 'CVC4', 'MathSAT']",[26.41321897506714]
./tmp/QF_AUFBV/opStructure_NPT_2.smt2,"[0.00000000e+00 1.74703005e-03 9.99999999e-01 0.00000000e+00
 0.00000000e+00 0.00000000e+00 0.00000000e+00 4.41306267e-03
 0.00000000e+00 0.00000000e+00 0.00000000e+00 0.00000000e+00
 0.00000000e+00 0.00000000e+00 9.99999999e-01 0.00000000e+00
 0.00000000e+00 0.00000000e+00 0.00000000e+00 0.00000000e+00
 0.00000000e+00 0.00000000e+00 0.00000000e+00 0.00000000e+00
 0.00000000e+00 0.00000000e+00 0.00000000e+00 0.00000000e+00
 0.00000000e+00 0.00000000e+00 0.00000000e+00 1.19047619e+00
 9.99999999e-01 0.00000000e+00 0.00000000e+00 0.00000000e+00
 5.00000000e+00 0.00000000e+00 0.00000000e+00 0.00000000e+00
 0.00000000e+00 1.81818182e-02 0.00000000e+00 0.00000000e+00
 3.08071473e-03 0.00000000e+00 0.00000000e+00 0.00000000e+00
 5.88235294e-02 2.72479564e-02 0.00000000e+00 1.18835413e-02
 4.78468900e-02 0.00000000e+00 0.00000000e+00 0.00000000e+00
 0.00000000e+00 0.00000000e+00 3.91304348e+00 5.00000000e+00
 0.00000000e+00 0.00000000e+00 0.00000000e+00 5.00000000e+00
 0.00000000e+00 0.00000000e+00 0.00000000e+00 0.00000000e+00
 0.00000000e+00 0.00000000e+00 0.00000000e+00 0.00000000e+00
 0.00000000e+00 0.00000000e+00 0.00000000e+00 0.00000000e+00
 0.00000000e+00 0.00000000e+00 0.00000000e+00 0.00000000e+00
 0.00000000e+00 0.00000000e+00 0.00000000e+00 0.00000000e+00
 0.00000000e+00 0.00000000e+00 0.00000000e+00 0.00000000e+00
 0.00000000e+00 0.00000000e+00 0.00000000e+00 0.00000000e+00
 0.00000000e+00 0.00000000e+00 0.00000000e+00 0.00000000e+00
 0.00000000e+00 0.00000000e+00 0.00000000e+00 0.00000000e+00
 0.00000000e+00 0.00000000e+00 0.00000000e+00 0.00000000e+00
 0.00000000e+00 0.00000000e+00 0.00000000e+00 0.00000000e+00
 0.00000000e+00 0.00000000e+00 0.00000000e+00 0.00000000e+00
 0.00000000e+00 0.00000000e+00 0.00000000e+00 0.00000000e+00
 0.00000000e+00 0.00000000e+00 0.00000000e+00 0.00000000e+00
 0.00000000e+00 0.00000000e+00 0.00000000e+00 0.00000000e+00
 0.00000000e+00 0.00000000e+00 0.00000000e+00 0.00000000e+00
 0.00000000e+00 0.00000000e+00 0.00000000e+00 0.00000000e+00
 0.00000000e+00 0.00000000e+00 0.00000000e+00 0.00000000e+00
 0.00000000e+00 0.00000000e+00 0.00000000e+00 0.00000000e+00
 0.00000000e+00 0.00000000e+00 0.00000000e+00 0.00000000e+00
 0.00000000e+00 0.00000000e+00 0.00000000e+00 0.00000000e+00
 3.42743983e-02 1.00000000e+00 3.49772648e-03 4.01086816e-02
 6.96378830e-03 0.00000000e+00 0.00000000e+00 0.00000000e+00
 0.00000000e+00 0.00000000e+00 0.00000000e+00 0.00000000e+00
 0.00000000e+00]",Bitwuzla,50.541281938552856,sat,"['BOOLECTOR', 'Bitwuzla', 'MathSAT', 'Z3', 'CVC4', 'YICES']","[50, 0.5396239757537842]"
./tmp/QF_AUFBV/com.galois.ecc.P384ECC64.sq_inner22.short.smt2,"[0.         0.15520762 1.         0.         0.         0.
 0.         0.08355091 0.         0.         0.         0.
 0.         0.         1.         0.         0.         0.
 0.         0.         0.         0.         0.         0.
 0.         0.         0.         0.         0.         0.
 0.         0.96       1.         0.         0.         0.
 0.         0.85714286 0.         0.05263158 1.2        0.0433213
 0.         0.         0.13726671 0.         0.08791209 0.02278481
 0.10404624 0.28423102 5.99999996 0.12565445 0.21230769 3.65217391
 0.02690583 0.12857143 0.         0.         0.48       0.54545455
 0.         0.         5.99999996 0.         0.         0.
 0.         0.         0.         0.         0.         0.
 0.         0.         0.         0.         5.99999996 5.99999998
 0.         0.         0.         0.         0.         0.
 5.99999999 0.         0.         0.         0.         0.
 0.         0.         0.         0.         0.         0.
 0.         0.         0.         0.         0.         0.
 0.         0.         0.         0.         0.         0.
 0.         0.         0.         0.         0.         0.
 0.         0.         0.         0.         0.         0.
 0.         0.         0.         0.         0.         0.
 0.         0.         0.         0.         0.         0.
 0.         0.         0.         0.         0.         0.
 0.         0.         0.         0.         0.         0.
 0.         0.         0.         0.         0.16747699 1.
 0.15337423 0.22058824 0.1147541  0.         0.         0.
 0.         0.         0.02278481 0.         0.116189  ]",BOOLECTOR,0.6965029239654541,sat,"['BOOLECTOR', 'YICES', 'MathSAT', 'Z3', 'CVC4', 'Bitwuzla']",[0.6920778751373291]
./tmp/QF_AUFBV/com.galois.ecc.P384ECC64.ec_full_sub3.short.smt2,"[0.         0.27688787 1.         0.         0.         0.
 0.         0.16942675 0.         0.         0.         0.
 0.         0.         1.         0.         0.         0.
 0.         0.         0.         0.         0.         0.
 0.         0.         0.         0.         0.         0.
 0.         0.96551724 1.         0.         0.         0.
 0.         1.55555555 0.         0.06086957 1.16666667 0.02517986
 0.04778157 0.         0.26166329 0.         0.15053763 0.03526448
 0.62631579 0.7611336  0.         0.28140704 0.99736148 0.56
 0.03125    0.02491103 0.04778157 0.16666667 0.         0.
 0.         0.         0.         0.         0.         0.
 0.         0.         0.         0.         1.16666667 0.
 0.         0.         0.         0.         0.         0.
 0.         0.         0.         0.         0.         0.
 0.         0.         0.         0.         0.         0.
 0.         0.         0.         0.         0.         0.
 0.         0.         0.         0.         0.         0.
 0.         0.         0.         0.         0.         0.
 0.         0.         0.         0.         0.         0.
 0.         0.         0.         0.         0.         0.
 0.         0.         0.         0.         0.         0.
 0.         0.         0.         0.         0.         0.
 0.         0.         0.         0.         0.         0.
 0.         0.         0.         0.         0.         0.
 0.         0.         0.         0.         0.35053335 1.
 0.27504912 0.35604448 0.24010554 0.         0.         0.
 0.         0.         0.03526448 0.         0.18476621]",Bitwuzla,0.1338667869567871,unsat,"['Bitwuzla', 'CVC4', 'Z3', 'YICES', 'MathSAT', 'BOOLECTOR']",[0.1281728744506836]
./tmp/QF_AUFBV/opStructure_C_16_32_2_2.smt2,"[0.00000000e+00 2.61437908e-03 9.99999999e-01 0.00000000e+00
 0.00000000e+00 0.00000000e+00 0.00000000e+00 6.78829020e-03
 0.00000000e+00 0.00000000e+00 0.00000000e+00 0.00000000e+00
 0.00000000e+00 0.00000000e+00 9.99999999e-01 0.00000000e+00
 0.00000000e+00 0.00000000e+00 0.00000000e+00 0.00000000e+00
 0.00000000e+00 0.00000000e+00 0.00000000e+00 0.00000000e+00
 0.00000000e+00 0.00000000e+00 0.00000000e+00 0.00000000e+00
 0.00000000e+00 0.00000000e+00 0.00000000e+00 1.17647059e+00
 9.99999999e-01 0.00000000e+00 0.00000000e+00 0.00000000e+00
 7.68127490e+00 0.00000000e+00 7.99999994e+00 0.00000000e+00
 0.00000000e+00 5.71428571e-02 0.00000000e+00 0.00000000e+00
 9.26193922e-03 0.00000000e+00 0.00000000e+00 0.00000000e+00
 8.33333333e-02 3.68451353e-02 0.00000000e+00 1.78272981e-02
 6.28272251e-02 0.00000000e+00 0.00000000e+00 4.36833603e+00
 3.46615087e+00 0.00000000e+00 6.62068965e+00 7.64940239e+00
 0.00000000e+00 0.00000000e+00 7.96566524e+00 7.84516129e+00
 0.00000000e+00 0.00000000e+00 0.00000000e+00 8.00000000e+00
 0.00000000e+00 0.00000000e+00 0.00000000e+00 0.00000000e+00
 0.00000000e+00 0.00000000e+00 0.00000000e+00 0.00000000e+00
 0.00000000e+00 0.00000000e+00 0.00000000e+00 0.00000000e+00
 0.00000000e+00 0.00000000e+00 0.00000000e+00 0.00000000e+00
 0.00000000e+00 0.00000000e+00 0.00000000e+00 0.00000000e+00
 0.00000000e+00 0.00000000e+00 0.00000000e+00 0.00000000e+00
 0.00000000e+00 0.00000000e+00 0.00000000e+00 0.00000000e+00
 0.00000000e+00 0.00000000e+00 0.00000000e+00 0.00000000e+00
 0.00000000e+00 0.00000000e+00 0.00000000e+00 0.00000000e+00
 0.00000000e+00 0.00000000e+00 0.00000000e+00 0.00000000e+00
 0.00000000e+00 0.00000000e+00 0.00000000e+00 0.00000000e+00
 0.00000000e+00 0.00000000e+00 0.00000000e+00 0.00000000e+00
 0.00000000e+00 0.00000000e+00 0.00000000e+00 0.00000000e+00
 0.00000000e+00 0.00000000e+00 0.00000000e+00 0.00000000e+00
 0.00000000e+00 0.00000000e+00 0.00000000e+00 0.00000000e+00
 0.00000000e+00 0.00000000e+00 0.00000000e+00 0.00000000e+00
 0.00000000e+00 0.00000000e+00 0.00000000e+00 0.00000000e+00
 0.00000000e+00 0.00000000e+00 0.00000000e+00 0.00000000e+00
 0.00000000e+00 0.00000000e+00 0.00000000e+00 0.00000000e+00
 0.00000000e+00 0.00000000e+00 0.00000000e+00 0.00000000e+00
 1.09069925e+00 1.00000000e+00 7.85083415e-03 1.37395905e+00
 1.05401845e-02 0.00000000e+00 0.00000000e+00 0.00000000e+00
 0.00000000e+00 0.00000000e+00 0.00000000e+00 0.00000000e+00
 0.00000000e+00]",CVC4,60.00524091720581,timeout (27.0 s),"['Bitwuzla', 'YICES', 'CVC4', 'Z3', 'BOOLECTOR', 'MathSAT']","[3, 30, 27]"
./tmp/QF_AUFBV/com.galois.ecc.P384ECC64.ec_mul_aux2.short.smt2,"[0.         4.81776765 1.         0.         0.         0.
 0.         5.30113339 0.         0.         0.         0.
 0.         0.         1.         0.         0.         0.
 0.         0.         0.         0.         0.         0.
 0.         0.         0.         0.         0.         0.
 0.         0.94736842 1.         0.         0.         0.
 0.         0.9        0.         2.61111111 1.28571428 2.82352941
 2.75118483 0.         5.58596838 0.         7.92554557 2.7534965
 1.51948052 1.14027149 0.         5.6807068  1.52608696 6.70408163
 2.68025078 2.66931818 1.80834621 5.90163934 0.         0.
 0.         0.         0.15189873 1.57978723 4.44155844 0.
 0.         0.         0.         0.         0.         0.
 0.         0.         0.         0.         8.91262136 0.
 0.         0.         2.34216867 0.         0.         0.
 0.         0.         0.         0.         0.         0.
 0.         0.         0.         0.         0.         0.
 0.         0.         0.         0.         0.         0.
 0.         0.         0.         0.         0.         0.
 0.         0.         0.         0.         0.         0.
 0.         0.         0.         0.         0.         0.
 0.         0.         0.         0.         0.         0.
 0.         0.         0.         0.         0.         0.
 0.         0.         0.         0.         0.         0.
 0.         0.         0.         0.         0.         0.
 0.         0.         0.         0.         4.68074686 1.
 4.81932837 4.27745219 5.99273608 0.         0.         0.
 0.         0.         2.7534965  0.         6.23237477]",YICES,0.26357102394104004,unsat,"['YICES', 'MathSAT', 'CVC4', 'Z3', 'BOOLECTOR', 'Bitwuzla']",[0.13610291481018066]
./tmp/QF_AUFBV/com.galois.ecc.P384ECC64.ec_twin_mul_init.short.smt2,"[0.         0.57130584 1.         0.         0.         0.
 0.         0.28460105 0.         0.         0.         0.
 0.         0.         1.         0.         0.         0.
 0.         0.         0.         0.         0.         0.
 0.         0.         0.         0.         0.         0.
 0.         0.95238095 1.         0.         0.         0.
 0.         0.90909091 0.         0.2994012  1.25       0.19230769
 0.3652968  0.         0.45983031 0.         0.0722175  0.28037383
 1.95121951 1.70212766 0.         0.39281484 1.08527132 0.39215686
 0.27439024 0.09009009 0.2413273  0.16129032 0.         0.
 0.         0.         0.         0.         0.         0.
 0.         0.         0.         0.         0.         0.
 0.         0.         0.         0.         0.         0.
 0.         0.         0.         0.         0.         0.
 0.         0.         0.         0.         0.         0.
 0.         0.         0.         0.         0.         0.
 0.         0.         0.         0.         0.         0.
 0.         0.         0.         0.         0.         0.
 0.         0.         0.         0.         0.         0.
 0.         0.         0.         0.         0.         0.
 0.         0.         0.         0.         0.         0.
 0.         0.         0.         0.         0.         0.
 0.         0.         0.         0.         0.         0.
 0.         0.         0.         0.         0.         0.
 0.         0.         0.         0.         0.51113836 1.
 0.57028228 0.53200292 0.28235294 0.         0.         0.
 0.         0.         0.28037383 0.         0.17319964]",CVC4,1.319566011428833,unsat,"['CVC4', 'Z3', 'BOOLECTOR', 'MathSAT', 'YICES', 'Bitwuzla']",[1.3015809059143066]
./tmp/QF_AUFBV/com.galois.ecc.P384ECC64.ec_full_sub2.short.smt2,"[0.         0.18733286 1.         0.         0.         0.
 0.         0.10520134 0.         0.         0.         0.
 0.         0.         1.         0.         0.         0.
 0.         0.         0.         0.         0.         0.
 0.         0.         0.         0.         0.         0.
 0.         0.95652174 1.         0.         0.         0.
 0.         1.69230769 0.         0.06547619 1.22222222 0.0263789
 0.05       0.         0.14665151 0.         0.0279661  0.03725656
 0.61513158 0.8        0.         0.15414558 1.04210526 0.21153846
 0.03343465 0.01237345 0.03308271 0.088      0.         0.
 0.         0.         0.         0.         0.         0.
 0.         0.         0.         0.         1.57142857 0.
 0.         0.         0.         0.         0.         0.
 0.         0.         0.         0.         0.         0.
 0.         0.         0.         0.         0.         0.
 0.         0.         0.         0.         0.         0.
 0.         0.         0.         0.         0.         0.
 0.         0.         0.         0.         0.         0.
 0.         0.         0.         0.         0.         0.
 0.         0.         0.         0.         0.         0.
 0.         0.         0.         0.         0.         0.
 0.         0.         0.         0.         0.         0.
 0.         0.         0.         0.         0.         0.
 0.         0.         0.         0.         0.         0.
 0.         0.         0.         0.         0.21246044 1.
 0.18594168 0.22550656 0.12100698 0.         0.         0.
 0.         0.         0.03725656 0.         0.08704499]",Z3,1.2431561946868896,unsat,"['Z3', 'Bitwuzla', 'YICES', 'CVC4', 'BOOLECTOR', 'MathSAT']",[1.237360954284668]
./tmp/QF_AUFBV/com.galois.ecc.P384ECC64.group_red1.short.smt2,"[0.         0.33013961 1.         0.         0.         0.
 0.         0.38583956 0.         0.         0.         0.
 0.         0.         1.         0.         0.         0.
 0.         0.         0.         0.         0.         0.
 0.         0.         0.         0.         0.         0.
 0.         0.96       1.         0.         0.         0.
 0.         0.85714286 0.         0.34682081 1.2        0.33566434
 0.52173913 0.         0.29987908 0.         0.12080537 0.40261866
 0.03934426 0.07381776 0.         0.36898698 0.11468288 1.51260504
 0.31952663 0.15982242 0.35036496 1.36170213 0.4        0.
 0.         0.         0.         0.         0.         0.
 0.         0.         0.         0.         5.53846154 0.
 0.         0.         0.         0.         0.         3.99999998
 0.         0.         0.11455847 0.         0.         0.
 0.         0.         0.         0.         0.         0.
 0.         0.         0.         0.         0.         0.
 0.         0.         0.         0.         0.         0.
 0.         0.         0.         0.         0.         0.
 0.         0.         0.         0.         0.         0.
 0.         0.         0.         0.         0.         0.
 0.         0.         0.         0.         0.         0.
 0.         0.         0.         0.         0.         0.
 0.         0.         0.         0.         0.         0.
 0.         0.         0.         0.         0.         0.
 0.         0.         0.         0.         0.29529017 1.
 0.32881217 0.33317883 0.38337088 0.         0.         0.
 0.         0.         0.40261866 0.         0.40629096]",YICES,1.3969383239746094,unsat,"['YICES', 'Z3', 'BOOLECTOR', 'MathSAT', 'Bitwuzla', 'CVC4']",[1.388655185699463]
./tmp/QF_AUFBV/opStructure_NPT_1.smt2,"[0.00000000e+00 1.77911592e-03 9.99999999e-01 0.00000000e+00
 0.00000000e+00 0.00000000e+00 0.00000000e+00 4.22077922e-03
 0.00000000e+00 0.00000000e+00 0.00000000e+00 0.00000000e+00
 0.00000000e+00 0.00000000e+00 9.99999999e-01 0.00000000e+00
 0.00000000e+00 0.00000000e+00 0.00000000e+00 0.00000000e+00
 0.00000000e+00 0.00000000e+00 0.00000000e+00 0.00000000e+00
 0.00000000e+00 0.00000000e+00 0.00000000e+00 0.00000000e+00
 0.00000000e+00 0.00000000e+00 0.00000000e+00 1.18181818e+00
 9.99999999e-01 0.00000000e+00 0.00000000e+00 0.00000000e+00
 8.24626866e-01 0.00000000e+00 0.00000000e+00 0.00000000e+00
 0.00000000e+00 3.02325581e-02 0.00000000e+00 0.00000000e+00
 2.61938344e-03 0.00000000e+00 0.00000000e+00 0.00000000e+00
 8.46905537e-02 3.98620161e-02 0.00000000e+00 9.80207352e-03
 6.74157303e-02 0.00000000e+00 0.00000000e+00 0.00000000e+00
 0.00000000e+00 0.00000000e+00 2.16666667e+00 8.24626866e-01
 0.00000000e+00 0.00000000e+00 0.00000000e+00 3.36787565e-01
 0.00000000e+00 0.00000000e+00 0.00000000e+00 0.00000000e+00
 0.00000000e+00 0.00000000e+00 0.00000000e+00 0.00000000e+00
 0.00000000e+00 0.00000000e+00 0.00000000e+00 0.00000000e+00
 0.00000000e+00 0.00000000e+00 0.00000000e+00 0.00000000e+00
 0.00000000e+00 0.00000000e+00 0.00000000e+00 0.00000000e+00
 0.00000000e+00 0.00000000e+00 0.00000000e+00 0.00000000e+00
 0.00000000e+00 0.00000000e+00 0.00000000e+00 0.00000000e+00
 0.00000000e+00 0.00000000e+00 0.00000000e+00 0.00000000e+00
 0.00000000e+00 0.00000000e+00 0.00000000e+00 0.00000000e+00
 0.00000000e+00 0.00000000e+00 0.00000000e+00 0.00000000e+00
 0.00000000e+00 0.00000000e+00 0.00000000e+00 0.00000000e+00
 0.00000000e+00 0.00000000e+00 0.00000000e+00 0.00000000e+00
 0.00000000e+00 0.00000000e+00 0.00000000e+00 0.00000000e+00
 0.00000000e+00 0.00000000e+00 0.00000000e+00 0.00000000e+00
 0.00000000e+00 0.00000000e+00 0.00000000e+00 0.00000000e+00
 0.00000000e+00 0.00000000e+00 0.00000000e+00 0.00000000e+00
 0.00000000e+00 0.00000000e+00 0.00000000e+00 0.00000000e+00
 0.00000000e+00 0.00000000e+00 0.00000000e+00 0.00000000e+00
 0.00000000e+00 0.00000000e+00 0.00000000e+00 0.00000000e+00
 0.00000000e+00 0.00000000e+00 0.00000000e+00 0.00000000e+00
 0.00000000e+00 0.00000000e+00 0.00000000e+00 0.00000000e+00
 4.29122108e-02 1.00000000e+00 3.56115601e-03 5.22136559e-02
 5.32241556e-03 0.00000000e+00 0.00000000e+00 0.00000000e+00
 0.00000000e+00 0.00000000e+00 0.00000000e+00 0.00000000e+00
 0.00000000e+00]",BOOLECTOR,60.00092577934265,timeout (22.0 s),"['YICES', 'BOOLECTOR', 'Z3', 'Bitwuzla', 'CVC4', 'MathSAT']","[38, 22]"
./tmp/QF_AUFBV/com.galois.ecc.P384ECC64.sq_inner12.short.smt2,"[0.         0.13284533 1.         0.         0.         0.
 0.         0.05658852 0.         0.         0.         0.
 0.         0.         1.         0.         0.         0.
 0.         0.         0.         0.         0.         0.
 0.         0.         0.         0.         0.         0.
 0.         0.94915254 1.         0.         0.         0.
 0.         0.93333333 0.         0.08045977 1.27272727 0.06481481
 0.         0.         0.09803922 0.         0.02345059 0.03428571
 0.13548387 0.38105891 6.99999995 0.07350459 0.27288136 1.47368421
 0.04129794 0.04646018 0.         0.         0.07734807 0.
 0.         0.         0.05882353 0.         0.         0.
 0.         0.         0.         0.         0.         0.
 0.         0.         0.         0.         0.13461538 3.49999999
 0.         0.         0.         0.         0.         0.
 6.99999999 0.         0.         0.         0.         0.
 0.         0.         0.         0.         0.         0.
 0.         0.         0.         0.         0.         0.
 0.         0.         0.         0.         0.         0.
 0.         0.         0.         0.         0.         0.
 0.         0.         0.         0.         0.         0.
 0.         0.         0.         0.         0.         0.
 0.         0.         0.         0.         0.         0.
 0.         0.         0.         0.         0.         0.
 0.         0.         0.         0.         0.         0.
 0.         0.         0.         0.         0.12755931 1.
 0.13107191 0.1767709  0.05992662 0.         0.         0.
 0.         0.         0.03428571 0.         0.05483029]",BOOLECTOR,0.14906620979309082,sat,"['BOOLECTOR', 'Bitwuzla', 'Z3', 'MathSAT', 'YICES', 'CVC4']",[0.1456310749053955]
./tmp/QF_AUFBV/com.galois.ecc.P384ECC64.signHash5.short.smt2,"[0.         2.15256008 1.         0.         0.         0.
 0.         2.16272312 0.         0.         0.         0.
 0.         0.         1.         0.         0.         0.
 0.         0.         0.         0.         0.         0.
 0.         0.         0.         0.         0.         0.
 0.         0.95238095 1.         0.         0.         0.
 0.         0.9375     0.         3.91719745 1.25       3.69109948
 3.18493151 0.         1.8358209  0.         0.72339578 3.60111663
 2.39837398 2.32514178 0.         1.80168289 2.26618705 0.1119403
 3.96963124 2.02392344 2.29913473 2.10365854 0.         0.
 0.         0.         0.         0.         1.875      0.
 0.         0.         0.         0.         2.8125     0.
 0.         0.         0.         0.         0.         0.
 0.         0.         4.57711443 0.         0.         0.
 0.         0.         0.         0.         0.         0.
 0.         0.         0.         0.         0.         0.
 0.         0.         0.         0.         0.         0.
 0.         0.         0.         0.         0.         0.
 0.         0.         0.         0.         0.         0.
 0.         0.         0.         0.         0.         0.
 0.         0.         0.         0.         0.         0.
 0.         0.         0.         0.         0.         0.
 0.         0.         0.         0.         0.         0.
 0.         0.         0.         0.         0.         0.
 0.         0.         0.         0.         1.88662255 1.
 2.15281813 1.91154244 1.73576063 0.         0.         0.
 0.         0.         3.60111663 0.         1.68854991]",Z3,0.5832858085632324,unsat,"['Z3', 'CVC4', 'BOOLECTOR', 'YICES', 'MathSAT', 'Bitwuzla']",[0.5397729873657227]
./tmp/QF_AUFBV/com.galois.ecc.P384ECC64.mod_div12.short.smt2,"[0.         0.29001368 1.         0.         0.         0.
 0.         0.25704561 0.         0.         0.         0.
 0.         0.         1.         0.         0.         0.
 0.         0.         0.         0.         0.         0.
 0.         0.         0.         0.         0.         0.
 0.         0.95522388 1.         0.         0.         0.
 0.         0.94117647 0.         0.23430962 1.23076923 0.1384083
 0.16271186 0.         0.24347225 0.         0.06984127 0.1669736
 0.5848564  1.95186722 0.         0.3233107  3.23306544 0.05947955
 0.20556745 0.10646388 0.1372549  0.         0.         0.
 0.         0.         0.         0.10977702 0.         0.
 0.         0.         0.         0.         1.37142857 0.
 0.         0.         0.         0.         0.15238095 0.
 0.         0.         0.13157895 0.         0.         0.
 0.         0.         0.         0.         0.         0.
 0.         0.         0.         0.         0.         0.
 0.         0.         0.         0.         0.         0.
 0.         0.         0.         0.         0.         0.
 0.         0.         0.         0.         0.         0.
 0.         0.         0.         0.         0.         0.
 0.         0.         0.         0.         0.         0.
 0.         0.         0.         0.         0.         0.
 0.         0.         0.         0.         0.         0.
 0.         0.         0.         0.         0.         0.
 0.         0.         0.         0.         0.49890626 1.
 0.28848568 0.33337228 0.27771874 0.         0.         0.
 0.         0.         0.1669736  0.         0.25536766]",Bitwuzla,0.14778590202331543,unsat,"['Bitwuzla', 'Z3', 'YICES', 'CVC4', 'BOOLECTOR', 'MathSAT']",[0.14065098762512207]
./tmp/QF_AUFBV/com.galois.ecc.P384ECC64.mod_div14.short.smt2,"[0.         0.30078387 1.         0.         0.         0.
 0.         0.26655052 0.         0.         0.         0.
 0.         0.         1.         0.         0.         0.
 0.         0.         0.         0.         0.         0.
 0.         0.         0.         0.         0.         0.
 0.         0.95774648 1.         0.         0.         0.
 0.         0.94444444 0.         0.2107438  1.21428571 0.1457976
 0.17114094 0.         0.25338557 0.         0.08056872 0.16534954
 0.59949622 1.84837278 0.         0.33671367 2.85768863 0.06296296
 0.18008475 0.11237016 0.14459295 0.         0.         0.
 0.         0.         0.         0.11584327 0.         0.
 0.         0.         0.         0.         1.34210526 0.
 0.         0.         0.         0.         0.16037736 0.
 0.         0.         0.16612378 0.         0.         0.
 0.         0.         0.         0.         0.         0.
 0.         0.         0.         0.         0.         0.
 0.         0.         0.         0.         0.         0.
 0.         0.         0.         0.         0.         0.
 0.         0.         0.         0.         0.         0.
 0.         0.         0.         0.         0.         0.
 0.         0.         0.         0.         0.         0.
 0.         0.         0.         0.         0.         0.
 0.         0.         0.         0.         0.         0.
 0.         0.         0.         0.         0.         0.
 0.         0.         0.         0.         0.51382281 1.
 0.29921525 0.34570775 0.29004178 0.         0.         0.
 0.         0.         0.16534954 0.         0.26706564]",BOOLECTOR,0.10822105407714844,unsat,"['BOOLECTOR', 'Z3', 'Bitwuzla', 'MathSAT', 'YICES', 'CVC4']",[0.10140800476074219]
./tmp/QF_AUFBV/com.galois.ecc.P384ECC64.mul_inner4.short.smt2,"[ 0.          0.1756487   1.          0.          0.          0.
  0.          0.20272956  0.          0.          0.          0.
  0.          0.          1.          0.          0.          0.
  0.          0.          0.          0.          0.          0.
  0.          0.          0.          0.          0.          0.
  0.          0.96        1.          0.          0.          0.
  0.          0.94736842  0.          0.22040816  1.2         0.30354132
  0.20895522  0.          0.14598293  0.          0.09897879  0.23755249
  0.04522613  0.14526779  0.          0.19746121  0.19555975  0.1978022
  0.18867925  0.21828358  0.15180723  0.21686747  0.38918919  0.0669145
  0.          0.          0.          0.06112054  0.          0.
  0.          0.          0.          0.          0.          0.
  0.          0.          0.          0.          0.33333333  7.71428569
  0.          0.          0.          0.          0.          0.
 11.45454545  0.          0.          0.          0.          0.
  0.          0.          0.          0.          0.          0.
  0.          0.          0.          0.          0.          0.
  0.          0.          0.          0.          0.          0.
  0.          0.          0.          0.          0.          0.
  0.          0.          0.          0.          0.          0.
  0.          0.          0.          0.          0.          0.
  0.          0.          0.          0.          0.          0.
  0.          0.          0.          0.          0.          0.
  0.          0.          0.          0.          0.          0.
  0.          0.          0.          0.          0.1756054   1.
  0.17386477  0.22783093  0.19221495  0.          0.          0.
  0.          0.          0.23755249  0.          0.20303254]",BOOLECTOR,1.5474002361297607,sat,"['BOOLECTOR', 'MathSAT', 'CVC4', 'Z3', 'YICES', 'Bitwuzla']",[1.541823148727417]
./tmp/QF_AUFBV/opStructure_MBA_7.smt2,"[0.00000000e+00 2.10666371e-03 9.99999999e-01 0.00000000e+00
 0.00000000e+00 0.00000000e+00 0.00000000e+00 1.76065661e-02
 0.00000000e+00 0.00000000e+00 0.00000000e+00 0.00000000e+00
 0.00000000e+00 0.00000000e+00 9.99999999e-01 0.00000000e+00
 0.00000000e+00 0.00000000e+00 0.00000000e+00 0.00000000e+00
 0.00000000e+00 0.00000000e+00 0.00000000e+00 0.00000000e+00
 0.00000000e+00 0.00000000e+00 0.00000000e+00 0.00000000e+00
 0.00000000e+00 0.00000000e+00 0.00000000e+00 1.18750000e+00
 9.99999999e-01 0.00000000e+00 0.00000000e+00 0.00000000e+00
 7.49103943e-01 0.00000000e+00 9.49999991e+00 0.00000000e+00
 0.00000000e+00 0.00000000e+00 0.00000000e+00 0.00000000e+00
 3.20973055e-03 0.00000000e+00 0.00000000e+00 0.00000000e+00
 3.28395062e-01 1.29220306e-01 0.00000000e+00 4.15949961e-02
 1.86623012e-01 0.00000000e+00 0.00000000e+00 7.06319703e-02
 9.11270983e-02 0.00000000e+00 1.89606520e+01 1.87597424e+01
 0.00000000e+00 0.00000000e+00 2.85000000e+00 0.00000000e+00
 0.00000000e+00 0.00000000e+00 0.00000000e+00 8.11965812e-01
 0.00000000e+00 0.00000000e+00 1.88633611e+01 0.00000000e+00
 0.00000000e+00 0.00000000e+00 0.00000000e+00 0.00000000e+00
 0.00000000e+00 0.00000000e+00 0.00000000e+00 0.00000000e+00
 0.00000000e+00 0.00000000e+00 0.00000000e+00 0.00000000e+00
 0.00000000e+00 0.00000000e+00 0.00000000e+00 0.00000000e+00
 0.00000000e+00 0.00000000e+00 0.00000000e+00 0.00000000e+00
 0.00000000e+00 0.00000000e+00 0.00000000e+00 0.00000000e+00
 0.00000000e+00 0.00000000e+00 0.00000000e+00 0.00000000e+00
 0.00000000e+00 0.00000000e+00 0.00000000e+00 0.00000000e+00
 0.00000000e+00 0.00000000e+00 0.00000000e+00 0.00000000e+00
 0.00000000e+00 0.00000000e+00 0.00000000e+00 0.00000000e+00
 0.00000000e+00 0.00000000e+00 0.00000000e+00 0.00000000e+00
 0.00000000e+00 0.00000000e+00 0.00000000e+00 0.00000000e+00
 0.00000000e+00 0.00000000e+00 0.00000000e+00 0.00000000e+00
 0.00000000e+00 0.00000000e+00 0.00000000e+00 0.00000000e+00
 0.00000000e+00 0.00000000e+00 0.00000000e+00 0.00000000e+00
 0.00000000e+00 0.00000000e+00 0.00000000e+00 1.89999996e+01
 0.00000000e+00 0.00000000e+00 0.00000000e+00 0.00000000e+00
 0.00000000e+00 0.00000000e+00 0.00000000e+00 0.00000000e+00
 0.00000000e+00 0.00000000e+00 0.00000000e+00 0.00000000e+00
 1.23753588e+01 1.00000000e+00 2.10923623e-03 1.54573263e+01
 2.28797523e-02 0.00000000e+00 0.00000000e+00 0.00000000e+00
 0.00000000e+00 0.00000000e+00 0.00000000e+00 0.00000000e+00
 0.00000000e+00]",BOOLECTOR,60.20805907249451,timeout (30.0 s),"['MathSAT', 'BOOLECTOR', 'Z3', 'Bitwuzla', 'CVC4', 'YICES']","[30, 30]"
./tmp/QF_AUFBV/com.galois.ecc.P384ECC64.ec_mul_aux3.short.smt2,"[0.         5.62021684 1.         0.         0.         0.
 0.         6.18002195 0.         0.         0.         0.
 0.         0.         1.         0.         0.         0.
 0.         0.         0.         0.         0.         0.
 0.         0.         0.         0.         0.         0.
 0.         0.95238095 1.         0.         0.         0.
 0.         1.         0.         3.21917808 1.25       3.55062413
 3.52459016 0.         6.46352618 0.         8.94005213 3.47050074
 1.75675676 1.15358206 0.         6.48991233 1.36006975 6.96897375
 3.32167832 3.90426328 2.69709544 6.50406504 0.         0.
 0.         0.         0.28169014 2.87790698 6.03174603 0.
 0.         0.         0.         0.         0.         0.
 0.         0.         0.         0.         9.71428571 0.
 0.         0.         2.99168975 0.         0.         0.
 0.         0.         0.         0.         0.         0.
 0.         0.         0.         0.         0.         0.
 0.         0.         0.         0.         0.         0.
 0.         0.         0.         0.         0.         0.
 0.         0.         0.         0.         0.         0.
 0.         0.         0.         0.         0.         0.
 0.         0.         0.         0.         0.         0.
 0.         0.         0.         0.         0.         0.
 0.         0.         0.         0.         0.         0.
 0.         0.         0.         0.         0.         0.
 0.         0.         0.         0.         2.33547148 1.
 5.62400255 1.21952828 6.84544014 0.         0.         0.
 0.         0.         3.47050074 0.         7.11460567]",Z3,0.40376973152160645,unsat,"['Z3', 'Bitwuzla', 'CVC4', 'YICES', 'MathSAT', 'BOOLECTOR']",[0.2750380039215088]
./tmp/QF_AUFBV/com.galois.ecc.P384ECC64.mod_div1.short.smt2,"[0.         0.2530519  1.         0.         0.         0.
 0.         0.21296632 0.         0.         0.         0.
 0.         0.         1.         0.         0.         0.
 0.         0.         0.         0.         0.         0.
 0.         0.         0.         0.         0.         0.
 0.         0.95454545 1.         0.         0.         0.
 0.         1.         0.         0.17826825 1.23529412 0.11586207
 0.17073171 0.         0.20212886 0.         0.05005417 0.14475628
 0.6419214  1.97283285 0.         0.26718115 2.86902522 0.05
 0.14583333 0.09381981 0.15139032 0.         0.         0.
 0.         0.         0.         0.12138728 0.         0.
 0.         0.         0.         0.         0.00794552 0.
 0.         0.         0.         0.         0.09952607 0.
 0.         0.         0.11570248 0.         0.         0.
 0.         0.         0.         0.         0.         0.
 0.         0.         0.         0.         0.         0.
 0.         0.         0.         0.         0.         0.
 0.         0.         0.         0.         0.         0.
 0.         0.         0.         0.         0.         0.
 0.         0.         0.         0.         0.         0.
 0.         0.         0.         0.         0.         0.
 0.         0.         0.         0.         0.         0.
 0.         0.         0.         0.         0.         0.
 0.         0.         0.         0.         0.         0.
 0.         0.         0.         0.         0.19210327 1.
 0.25165563 0.07164032 0.22332923 0.         0.         0.
 0.         0.         0.14475628 0.         0.20070796]",BOOLECTOR,0.06706404685974121,unsat,"['BOOLECTOR', 'Z3', 'YICES', 'Bitwuzla', 'CVC4', 'MathSAT']",[0.06002306938171387]
./tmp/QF_AUFBV/com.galois.ecc.P384ECC64.ec_full_add2.short.smt2,"[0.         0.575395   1.         0.         0.         0.
 0.         0.43351678 0.         0.         0.         0.
 0.         0.         1.         0.         0.         0.
 0.         0.         0.         0.         0.         0.
 0.         0.         0.         0.         0.         0.
 0.         0.95652174 1.         0.         0.         0.
 0.         1.         0.         0.6523888  1.22222222 0.53297443
 0.859375   0.         0.50743957 0.         0.15149559 0.68225191
 1.05197505 1.19105532 0.         0.41861893 0.97338129 0.30985915
 0.6306914  0.29096253 0.65934066 0.         0.         0.
 0.         0.         0.         0.         0.         0.
 0.         0.         0.         0.         0.         0.
 0.         0.         0.         0.         0.         0.
 0.         0.         0.         0.         0.         0.
 0.         0.         0.         0.         0.         0.
 0.         0.         0.         0.         0.         0.
 0.         0.         0.         0.         0.         0.
 0.         0.         0.         0.         0.         0.
 0.         0.         0.         0.         0.         0.
 0.         0.         0.         0.         0.         0.
 0.         0.         0.         0.         0.         0.
 0.         0.         0.         0.         0.         0.
 0.         0.         0.         0.         0.         0.
 0.         0.         0.         0.         0.         0.
 0.         0.         0.         0.         0.23709665 1.
 0.57432432 0.14109472 0.37046005 0.         0.         0.
 0.         0.         0.68225191 0.         0.3323649 ]",MathSAT,0.20232892036437988,unsat,"['MathSAT', 'Bitwuzla', 'BOOLECTOR', 'Z3', 'CVC4', 'YICES']",[0.18819808959960938]
./tmp/QF_AUFBV/com.galois.ecc.P384ECC64.sq_inner23.short.smt2,"[0.00000000e+00 7.03471479e-02 9.99999999e-01 0.00000000e+00
 0.00000000e+00 0.00000000e+00 0.00000000e+00 7.12326343e-02
 0.00000000e+00 0.00000000e+00 0.00000000e+00 0.00000000e+00
 0.00000000e+00 0.00000000e+00 9.99999999e-01 0.00000000e+00
 0.00000000e+00 0.00000000e+00 0.00000000e+00 0.00000000e+00
 0.00000000e+00 0.00000000e+00 0.00000000e+00 0.00000000e+00
 0.00000000e+00 0.00000000e+00 0.00000000e+00 0.00000000e+00
 0.00000000e+00 0.00000000e+00 0.00000000e+00 9.58333333e-01
 9.99999999e-01 0.00000000e+00 0.00000000e+00 0.00000000e+00
 0.00000000e+00 9.99999999e-01 0.00000000e+00 7.55336617e-02
 1.21052631e+00 6.17449664e-02 0.00000000e+00 0.00000000e+00
 5.07754291e-02 0.00000000e+00 1.97806923e-02 3.28727966e-02
 4.77178423e-02 1.47924381e-01 0.00000000e+00 8.67305340e-02
 1.88726365e-01 1.07476636e-01 3.87205387e-02 1.00950988e-01
 0.00000000e+00 1.85483871e-01 7.72382296e-04 2.16216216e-03
 0.00000000e+00 0.00000000e+00 8.07017544e-02 6.62824207e-02
 0.00000000e+00 0.00000000e+00 0.00000000e+00 0.00000000e+00
 0.00000000e+00 0.00000000e+00 0.00000000e+00 0.00000000e+00
 0.00000000e+00 0.00000000e+00 0.00000000e+00 0.00000000e+00
 3.22429907e-01 5.11111110e+00 0.00000000e+00 0.00000000e+00
 0.00000000e+00 0.00000000e+00 0.00000000e+00 0.00000000e+00
 3.53846154e+00 0.00000000e+00 0.00000000e+00 0.00000000e+00
 0.00000000e+00 0.00000000e+00 0.00000000e+00 0.00000000e+00
 0.00000000e+00 0.00000000e+00 0.00000000e+00 0.00000000e+00
 0.00000000e+00 0.00000000e+00 0.00000000e+00 0.00000000e+00
 0.00000000e+00 0.00000000e+00 0.00000000e+00 0.00000000e+00
 0.00000000e+00 0.00000000e+00 0.00000000e+00 0.00000000e+00
 0.00000000e+00 0.00000000e+00 0.00000000e+00 0.00000000e+00
 0.00000000e+00 0.00000000e+00 0.00000000e+00 0.00000000e+00
 0.00000000e+00 0.00000000e+00 0.00000000e+00 0.00000000e+00
 0.00000000e+00 0.00000000e+00 0.00000000e+00 0.00000000e+00
 0.00000000e+00 0.00000000e+00 0.00000000e+00 0.00000000e+00
 0.00000000e+00 0.00000000e+00 0.00000000e+00 0.00000000e+00
 0.00000000e+00 0.00000000e+00 0.00000000e+00 0.00000000e+00
 0.00000000e+00 0.00000000e+00 0.00000000e+00 0.00000000e+00
 0.00000000e+00 0.00000000e+00 0.00000000e+00 0.00000000e+00
 0.00000000e+00 0.00000000e+00 0.00000000e+00 0.00000000e+00
 3.53105716e-02 1.00000000e+00 6.86672280e-02 3.04526481e-02
 7.82055501e-02 0.00000000e+00 0.00000000e+00 0.00000000e+00
 0.00000000e+00 0.00000000e+00 3.28727966e-02 0.00000000e+00
 7.99073538e-02]",Z3,0.05560183525085449,sat,"['Z3', 'YICES', 'Bitwuzla', 'BOOLECTOR', 'CVC4', 'MathSAT']",[0.0525660514831543]
./tmp/QF_AUFBV/com.galois.ecc.P384ECC64.ec_twin_mul_aux12.short.smt2,"[0.         2.22752497 1.         0.         0.         0.
 0.         2.21843881 0.         0.         0.         0.
 0.         0.         1.         0.         0.         0.
 0.         0.         0.         0.         0.         0.
 0.         0.         0.         0.         0.         0.
 0.         0.96       1.         0.         0.         0.
 0.         1.         0.         3.17948718 1.2        2.84023669
 4.4952381  0.         2.13475463 0.         0.84629745 3.58833063
 2.2556391  1.62238779 0.         1.88637431 1.1959322  6.13565217
 3.21865889 1.63599182 3.60611205 0.192      0.         0.
 0.         0.         0.         0.         0.         0.
 0.         0.         0.         0.         0.         0.
 0.         0.         0.         0.         0.         0.
 0.         0.         0.         0.         0.         0.
 0.         0.         0.         0.         0.         0.
 0.         0.         0.         0.         0.         0.
 0.         0.         0.         0.         0.         0.
 0.         0.         0.         0.         0.         0.
 0.         0.         0.         0.         0.         0.
 0.         0.         0.         0.         0.         0.
 0.         0.         0.         0.         0.         0.
 0.         0.         0.         0.         0.         0.
 0.         0.         0.         0.         0.         0.
 0.         0.         0.         0.         0.         0.
 0.         0.         0.         0.         0.873235   1.
 2.22833333 0.57030792 1.88924818 0.         0.         0.
 0.         0.         3.58833063 0.         1.86843229]",CVC4,0.6458637714385986,unsat,"['CVC4', 'Bitwuzla', 'Z3', 'YICES', 'BOOLECTOR', 'MathSAT']",[0.5949428081512451]
./tmp/QF_AUFBV/opStructure_O_16_32_2_2.smt2,"[0.00000000e+00 1.73406395e-03 9.99999999e-01 0.00000000e+00
 0.00000000e+00 0.00000000e+00 0.00000000e+00 4.01477437e-03
 0.00000000e+00 0.00000000e+00 0.00000000e+00 0.00000000e+00
 0.00000000e+00 0.00000000e+00 9.99999999e-01 0.00000000e+00
 0.00000000e+00 0.00000000e+00 0.00000000e+00 0.00000000e+00
 0.00000000e+00 0.00000000e+00 0.00000000e+00 0.00000000e+00
 0.00000000e+00 0.00000000e+00 0.00000000e+00 0.00000000e+00
 0.00000000e+00 0.00000000e+00 0.00000000e+00 1.19047619e+00
 9.99999999e-01 0.00000000e+00 0.00000000e+00 0.00000000e+00
 1.99013158e+01 0.00000000e+00 8.33333326e+00 0.00000000e+00
 0.00000000e+00 2.95508274e-02 0.00000000e+00 0.00000000e+00
 3.77054949e-03 0.00000000e+00 0.00000000e+00 0.00000000e+00
 9.36329588e-02 3.62910543e-02 0.00000000e+00 9.38702713e-03
 5.07442490e-02 0.00000000e+00 0.00000000e+00 1.27872128e+01
 1.16257947e+01 0.00000000e+00 1.51316229e-01 1.21735825e+00
 0.00000000e+00 0.00000000e+00 1.95569137e+01 1.86701934e+01
 0.00000000e+00 0.00000000e+00 0.00000000e+00 2.03497615e+01
 0.00000000e+00 0.00000000e+00 0.00000000e+00 0.00000000e+00
 0.00000000e+00 0.00000000e+00 0.00000000e+00 0.00000000e+00
 0.00000000e+00 0.00000000e+00 0.00000000e+00 0.00000000e+00
 0.00000000e+00 0.00000000e+00 0.00000000e+00 0.00000000e+00
 0.00000000e+00 0.00000000e+00 0.00000000e+00 0.00000000e+00
 0.00000000e+00 0.00000000e+00 0.00000000e+00 0.00000000e+00
 0.00000000e+00 0.00000000e+00 0.00000000e+00 0.00000000e+00
 0.00000000e+00 0.00000000e+00 0.00000000e+00 0.00000000e+00
 0.00000000e+00 0.00000000e+00 0.00000000e+00 0.00000000e+00
 0.00000000e+00 0.00000000e+00 0.00000000e+00 0.00000000e+00
 0.00000000e+00 0.00000000e+00 0.00000000e+00 0.00000000e+00
 0.00000000e+00 0.00000000e+00 0.00000000e+00 0.00000000e+00
 0.00000000e+00 0.00000000e+00 0.00000000e+00 0.00000000e+00
 0.00000000e+00 0.00000000e+00 0.00000000e+00 0.00000000e+00
 0.00000000e+00 0.00000000e+00 0.00000000e+00 0.00000000e+00
 0.00000000e+00 0.00000000e+00 0.00000000e+00 0.00000000e+00
 0.00000000e+00 0.00000000e+00 0.00000000e+00 0.00000000e+00
 0.00000000e+00 0.00000000e+00 0.00000000e+00 0.00000000e+00
 0.00000000e+00 0.00000000e+00 0.00000000e+00 0.00000000e+00
 0.00000000e+00 0.00000000e+00 0.00000000e+00 0.00000000e+00
 1.44950255e+00 1.00000000e+00 3.47174004e-03 1.18374601e+00
 5.05152556e-03 0.00000000e+00 0.00000000e+00 0.00000000e+00
 0.00000000e+00 0.00000000e+00 0.00000000e+00 0.00000000e+00
 0.00000000e+00]",BOOLECTOR,60.022969245910645,timeout (15.0 s),"['Bitwuzla', 'Z3', 'CVC4', 'BOOLECTOR', 'YICES', 'MathSAT']","[4, 2, 39, 15]"
./tmp/QF_AUFBV/com.galois.ecc.P384ECC64.mod_div10.short.smt2,"[0.         0.23235031 1.         0.         0.         0.
 0.         0.18448537 0.         0.         0.         0.
 0.         0.         1.         0.         0.         0.
 0.         0.         0.         0.         0.         0.
 0.         0.         0.         0.         0.         0.
 0.         0.95412844 1.         0.         0.         0.
 0.         1.04       0.         0.1106383  1.23809524 0.06132075
 0.13684211 0.         0.18429591 0.         0.0484472  0.09446912
 0.66423358 1.87371611 0.         0.2513712  2.68911131 0.
 0.0755814  0.0259481  0.05890349 0.         0.         0.
 0.         0.         0.         0.02842566 0.         0.
 0.         0.         0.         0.         0.00983359 0.
 0.         0.         0.         0.         0.         0.
 0.         0.         0.14246575 0.         0.         0.
 0.         0.         0.         0.         0.         0.
 0.         0.         0.         0.         0.         0.
 0.         0.         0.         0.         0.         0.
 0.         0.         0.         0.         0.         0.
 0.         0.         0.         0.         0.         0.
 0.         0.         0.         0.         0.         0.
 0.         0.         0.         0.         0.         0.
 0.         0.         0.         0.         0.         0.
 0.         0.         0.         0.         0.         0.
 0.         0.         0.         0.         0.         0.
 0.         0.         0.         0.         0.18992599 1.
 0.23081687 0.07109068 0.20070175 0.         0.         0.
 0.         0.         0.09446912 0.         0.17375623]",Bitwuzla,0.05553889274597168,unsat,"['Bitwuzla', 'Z3', 'YICES', 'BOOLECTOR', 'MathSAT', 'CVC4']",[0.048774003982543945]
./tmp/QF_AUFBV/opStructure_O_16_24_2_2.smt2,"[0.00000000e+00 1.85592521e-03 9.99999999e-01 0.00000000e+00
 0.00000000e+00 0.00000000e+00 0.00000000e+00 4.30450379e-03
 0.00000000e+00 0.00000000e+00 0.00000000e+00 0.00000000e+00
 0.00000000e+00 0.00000000e+00 9.99999999e-01 0.00000000e+00
 0.00000000e+00 0.00000000e+00 0.00000000e+00 0.00000000e+00
 0.00000000e+00 0.00000000e+00 0.00000000e+00 0.00000000e+00
 0.00000000e+00 0.00000000e+00 0.00000000e+00 0.00000000e+00
 0.00000000e+00 0.00000000e+00 0.00000000e+00 1.18421053e+00
 9.99999999e-01 0.00000000e+00 0.00000000e+00 0.00000000e+00
 1.00956522e+01 0.00000000e+00 6.74999995e+00 0.00000000e+00
 0.00000000e+00 3.18021201e-02 0.00000000e+00 0.00000000e+00
 4.04272310e-03 0.00000000e+00 0.00000000e+00 0.00000000e+00
 9.81818182e-02 3.63208340e-02 0.00000000e+00 1.00362420e-02
 4.90463215e-02 0.00000000e+00 0.00000000e+00 7.48051948e+00
 6.97008403e+00 0.00000000e+00 1.22012272e-01 9.51598292e-01
 0.00000000e+00 0.00000000e+00 9.98363024e+00 9.68567422e+00
 0.00000000e+00 0.00000000e+00 0.00000000e+00 1.02349457e+01
 0.00000000e+00 0.00000000e+00 0.00000000e+00 0.00000000e+00
 0.00000000e+00 0.00000000e+00 0.00000000e+00 0.00000000e+00
 0.00000000e+00 0.00000000e+00 0.00000000e+00 0.00000000e+00
 0.00000000e+00 0.00000000e+00 0.00000000e+00 0.00000000e+00
 0.00000000e+00 0.00000000e+00 0.00000000e+00 0.00000000e+00
 0.00000000e+00 0.00000000e+00 0.00000000e+00 0.00000000e+00
 0.00000000e+00 0.00000000e+00 0.00000000e+00 0.00000000e+00
 0.00000000e+00 0.00000000e+00 0.00000000e+00 0.00000000e+00
 0.00000000e+00 0.00000000e+00 0.00000000e+00 0.00000000e+00
 0.00000000e+00 0.00000000e+00 0.00000000e+00 0.00000000e+00
 0.00000000e+00 0.00000000e+00 0.00000000e+00 0.00000000e+00
 0.00000000e+00 0.00000000e+00 0.00000000e+00 0.00000000e+00
 0.00000000e+00 0.00000000e+00 0.00000000e+00 0.00000000e+00
 0.00000000e+00 0.00000000e+00 0.00000000e+00 0.00000000e+00
 0.00000000e+00 0.00000000e+00 0.00000000e+00 0.00000000e+00
 0.00000000e+00 0.00000000e+00 0.00000000e+00 0.00000000e+00
 0.00000000e+00 0.00000000e+00 0.00000000e+00 0.00000000e+00
 0.00000000e+00 0.00000000e+00 0.00000000e+00 0.00000000e+00
 0.00000000e+00 0.00000000e+00 0.00000000e+00 0.00000000e+00
 0.00000000e+00 0.00000000e+00 0.00000000e+00 0.00000000e+00
 1.11873996e+00 1.00000000e+00 3.71568155e-03 9.24648891e-01
 5.41244863e-03 0.00000000e+00 0.00000000e+00 0.00000000e+00
 0.00000000e+00 0.00000000e+00 0.00000000e+00 0.00000000e+00
 0.00000000e+00]",BOOLECTOR,60.01728677749634,timeout (11.0 s),"['CVC4', 'BOOLECTOR', 'Z3', 'MathSAT', 'YICES', 'Bitwuzla']","[49, 11]"
./tmp/QF_AUFBV/opStructure_MBA_6.smt2,"[2.79999992e+01 1.92453090e-03 9.99999999e-01 0.00000000e+00
 0.00000000e+00 0.00000000e+00 0.00000000e+00 1.56150414e-02
 0.00000000e+00 0.00000000e+00 0.00000000e+00 0.00000000e+00
 0.00000000e+00 0.00000000e+00 9.99999999e-01 0.00000000e+00
 0.00000000e+00 0.00000000e+00 0.00000000e+00 0.00000000e+00
 0.00000000e+00 0.00000000e+00 0.00000000e+00 0.00000000e+00
 0.00000000e+00 0.00000000e+00 0.00000000e+00 0.00000000e+00
 0.00000000e+00 0.00000000e+00 0.00000000e+00 1.17647059e+00
 9.99999999e-01 0.00000000e+00 0.00000000e+00 0.00000000e+00
 1.27562642e-01 0.00000000e+00 0.00000000e+00 0.00000000e+00
 0.00000000e+00 0.00000000e+00 0.00000000e+00 0.00000000e+00
 1.39741478e-03 0.00000000e+00 0.00000000e+00 0.00000000e+00
 3.51885099e-01 1.31213389e-01 0.00000000e+00 3.63805104e-02
 1.76895307e-01 0.00000000e+00 0.00000000e+00 2.69101394e-02
 2.82068502e-02 0.00000000e+00 6.51977228e+00 7.62237850e+00
 0.00000000e+00 0.00000000e+00 1.47509579e-01 0.00000000e+00
 0.00000000e+00 0.00000000e+00 0.00000000e+00 1.37524558e-01
 0.00000000e+00 0.00000000e+00 1.14250532e+01 0.00000000e+00
 0.00000000e+00 0.00000000e+00 0.00000000e+00 0.00000000e+00
 0.00000000e+00 0.00000000e+00 0.00000000e+00 0.00000000e+00
 0.00000000e+00 0.00000000e+00 0.00000000e+00 0.00000000e+00
 0.00000000e+00 0.00000000e+00 0.00000000e+00 0.00000000e+00
 0.00000000e+00 0.00000000e+00 0.00000000e+00 0.00000000e+00
 0.00000000e+00 0.00000000e+00 0.00000000e+00 0.00000000e+00
 0.00000000e+00 0.00000000e+00 0.00000000e+00 0.00000000e+00
 0.00000000e+00 0.00000000e+00 0.00000000e+00 0.00000000e+00
 0.00000000e+00 0.00000000e+00 0.00000000e+00 0.00000000e+00
 0.00000000e+00 0.00000000e+00 0.00000000e+00 0.00000000e+00
 0.00000000e+00 0.00000000e+00 0.00000000e+00 0.00000000e+00
 0.00000000e+00 0.00000000e+00 0.00000000e+00 0.00000000e+00
 0.00000000e+00 0.00000000e+00 0.00000000e+00 0.00000000e+00
 0.00000000e+00 0.00000000e+00 0.00000000e+00 0.00000000e+00
 0.00000000e+00 0.00000000e+00 0.00000000e+00 0.00000000e+00
 0.00000000e+00 0.00000000e+00 0.00000000e+00 1.39999998e+01
 0.00000000e+00 0.00000000e+00 0.00000000e+00 0.00000000e+00
 0.00000000e+00 0.00000000e+00 0.00000000e+00 0.00000000e+00
 0.00000000e+00 0.00000000e+00 0.00000000e+00 0.00000000e+00
 4.09555924e+00 1.00000000e+00 1.92651713e-03 5.30384093e+00
 1.96314103e-02 0.00000000e+00 0.00000000e+00 0.00000000e+00
 0.00000000e+00 0.00000000e+00 0.00000000e+00 0.00000000e+00
 0.00000000e+00]",MathSAT,60.06653308868408,timeout (3.0 s),"['CVC4', 'Bitwuzla', 'MathSAT', 'Z3', 'BOOLECTOR', 'YICES']","[52, 5, 3]"
./tmp/QF_AUFBV/com.galois.ecc.P384ECC64.ec_twin_mul_init1.short.smt2,"[0.         0.77408349 1.         0.         0.         0.
 0.         0.38301887 0.         0.         0.         0.
 0.         0.         1.         0.         0.         0.
 0.         0.         0.         0.         0.         0.
 0.         0.         0.         0.         0.         0.
 0.         0.94308943 1.         0.         0.         0.
 0.         1.11538461 0.         0.40559441 1.31818182 0.27071179
 0.48033126 0.         0.6217523  0.         0.1017124  0.3812749
 2.64926591 1.85367382 0.         0.52587935 0.94528522 0.39794168
 0.37446198 0.05563549 0.15497662 0.23015873 0.         0.
 0.         0.         0.         0.         0.         0.
 0.         0.         0.         0.         0.         0.
 0.         0.         0.         0.         0.         0.
 0.         0.         0.         0.         0.         0.
 0.         0.         0.         0.         0.         0.
 0.         0.         0.         0.         0.         0.
 0.         0.         0.         0.         0.         0.
 0.         0.         0.         0.         0.         0.
 0.         0.         0.         0.         0.         0.
 0.         0.         0.         0.         0.         0.
 0.         0.         0.         0.         0.         0.
 0.         0.         0.         0.         0.         0.
 0.         0.         0.         0.         0.         0.
 0.         0.         0.         0.         0.         0.
 0.         0.         0.         0.         0.25094439 1.
 0.7729708  0.14932679 0.37841044 0.         0.         0.
 0.         0.         0.3812749  0.         0.23192676]",Z3,0.06633901596069336,unsat,"['Z3', 'BOOLECTOR', 'YICES', 'Bitwuzla', 'CVC4', 'MathSAT']",[0.051711082458496094]
./tmp/QF_AUFBV/com.galois.ecc.P384ECC64.signHash4.short.smt2,"[0.         2.36968577 1.         0.         0.         0.
 0.         2.36384705 0.         0.         0.         0.
 0.         0.         1.         0.         0.         0.
 0.         0.         0.         0.         0.         0.
 0.         0.         0.         0.         0.         0.
 0.         0.94488189 1.         0.         0.         0.
 0.         1.11111111 0.         4.46428571 1.30434782 4.41791045
 3.58249772 0.         1.98266819 0.         0.77773312 4.15036045
 2.63392857 2.14690909 0.         1.93828844 1.72792101 0.1025641
 4.53105968 1.02825382 1.2576     2.50909091 0.         0.
 0.         0.         0.         0.         3.56643357 0.
 0.         0.         0.         0.         0.03019459 0.
 0.         0.         0.         0.         0.         0.
 0.         0.         6.03938731 0.         0.         0.
 0.         0.         0.         0.         0.         0.
 0.         0.         0.         0.         0.         0.
 0.         0.         0.         0.         0.         0.
 0.         0.         0.         0.         0.         0.
 0.         0.         0.         0.         0.         0.
 0.         0.         0.         0.         0.         0.
 0.         0.         0.         0.         0.         0.
 0.         0.         0.         0.         0.         0.
 0.         0.         0.         0.         0.         0.
 0.         0.         0.         0.         0.         0.
 0.         0.         0.         0.         0.77940471 1.
 2.37032011 0.46309266 1.86874305 0.         0.         0.
 0.         0.         4.15036045 0.         1.81791222]",BOOLECTOR,4.014845609664917,unsat,"['BOOLECTOR', 'Z3', 'Bitwuzla', 'YICES', 'CVC4', 'MathSAT']",[3.9702558517456055]
./tmp/QF_AUFBV/com.galois.ecc.P384ECC64.ec_twin_mul_aux11.short.smt2,"[0.         2.36099727 1.         0.         0.         0.
 0.         2.38525302 0.         0.         0.         0.
 0.         0.         1.         0.         0.         0.
 0.         0.         0.         0.         0.         0.
 0.         0.         0.         0.         0.         0.
 0.         0.94656489 1.         0.         0.         0.
 0.         1.10714286 0.         3.09003215 1.29166666 2.80542986
 4.30690738 0.         2.3144678  0.         1.02409639 3.48537477
 2.1468144  1.59127915 0.         2.06436471 1.20142368 6.22540984
 3.1237678  0.70167497 1.66172017 0.22382671 0.         0.
 0.         0.         0.         0.         0.         0.
 0.         0.         0.         0.         0.         0.
 0.         0.         0.         0.         0.         0.
 0.         0.         0.         0.         0.         0.
 0.         0.         0.         0.         0.         0.
 0.         0.         0.         0.         0.         0.
 0.         0.         0.         0.         0.         0.
 0.         0.         0.         0.         0.         0.
 0.         0.         0.         0.         0.         0.
 0.         0.         0.         0.         0.         0.
 0.         0.         0.         0.         0.         0.
 0.         0.         0.         0.         0.         0.
 0.         0.         0.         0.         0.         0.
 0.         0.         0.         0.         0.         0.
 0.         0.         0.         0.         0.81165374 1.
 2.36165242 0.52748876 2.08774963 0.         0.         0.
 0.         0.         3.48537477 0.         2.08381743]",YICES,0.2436678409576416,unsat,"['YICES', 'MathSAT', 'BOOLECTOR', 'Z3', 'Bitwuzla', 'CVC4']",[0.1915738582611084]
./tmp/QF_AUFBV/com.galois.ecc.P384ECC64.ec_mul_aux4.short.smt2,"[ 0.          5.3477457   1.          0.          0.          0.
  0.          5.89496646  0.          0.          0.          0.
  0.          0.          1.          0.          0.          0.
  0.          0.          0.          0.          0.          0.
  0.          0.          0.          0.          0.          0.
  0.          0.94814815  1.          0.          0.          0.
  0.          1.10344827  0.          2.92891918  1.28        3.32197891
  2.94226657  0.          6.16403721  0.          9.14158801  3.08370044
  1.63994744  1.07534338  0.          6.28502014  1.2641175   5.32118451
  3.01587302  1.78499679  1.21212121  7.17086835  0.          0.
  0.          0.          0.06118547  0.72361809  6.71823204  0.
  0.          0.          0.          0.          0.          0.
  0.          0.          0.          0.         10.32911392  0.
  0.          0.          3.3816047   0.          0.          0.
  0.          0.          0.          0.          0.          0.
  0.          0.          0.          0.          0.          0.
  0.          0.          0.          0.          0.          0.
  0.          0.          0.          0.          0.          0.
  0.          0.          0.          0.          0.          0.
  0.          0.          0.          0.          0.          0.
  0.          0.          0.          0.          0.          0.
  0.          0.          0.          0.          0.          0.
  0.          0.          0.          0.          0.          0.
  0.          0.          0.          0.          0.          0.
  0.          0.          0.          0.          2.34964928  1.
  5.35104869  1.29430243  6.63377193  0.          0.          0.
  0.          0.          3.08370044  0.          6.90853879]",Z3,0.43242573738098145,unsat,"['Z3', 'MathSAT', 'BOOLECTOR', 'YICES', 'CVC4', 'Bitwuzla']",[0.2886369228363037]
./tmp/QF_AUFBV/com.galois.ecc.P384ECC64.mul_inner3.short.smt2,"[0.00000000e+00 2.09864330e-01 9.99999999e-01 0.00000000e+00
 0.00000000e+00 0.00000000e+00 0.00000000e+00 1.52263598e-01
 0.00000000e+00 0.00000000e+00 0.00000000e+00 0.00000000e+00
 0.00000000e+00 0.00000000e+00 9.99999999e-01 0.00000000e+00
 0.00000000e+00 0.00000000e+00 0.00000000e+00 0.00000000e+00
 0.00000000e+00 0.00000000e+00 0.00000000e+00 0.00000000e+00
 0.00000000e+00 0.00000000e+00 0.00000000e+00 0.00000000e+00
 0.00000000e+00 0.00000000e+00 0.00000000e+00 9.49640288e-01
 9.99999999e-01 0.00000000e+00 0.00000000e+00 0.00000000e+00
 0.00000000e+00 1.10000000e+00 0.00000000e+00 1.91674734e-01
 1.26923077e+00 2.65486726e-01 1.63829787e-01 0.00000000e+00
 1.60020346e-01 0.00000000e+00 6.40066500e-02 1.98686371e-01
 1.72549020e-01 3.52638522e-01 1.64999999e+01 1.53302787e-01
 1.91087613e-01 1.09030837e+00 1.62882527e-01 9.14322251e-02
 6.71706892e-02 0.00000000e+00 1.12155250e-03 1.03600917e-03
 0.00000000e+00 0.00000000e+00 0.00000000e+00 0.00000000e+00
 0.00000000e+00 0.00000000e+00 0.00000000e+00 0.00000000e+00
 0.00000000e+00 0.00000000e+00 0.00000000e+00 0.00000000e+00
 0.00000000e+00 0.00000000e+00 0.00000000e+00 0.00000000e+00
 0.00000000e+00 8.24999998e+00 0.00000000e+00 0.00000000e+00
 0.00000000e+00 0.00000000e+00 0.00000000e+00 0.00000000e+00
 1.15500000e+01 0.00000000e+00 0.00000000e+00 0.00000000e+00
 0.00000000e+00 0.00000000e+00 0.00000000e+00 0.00000000e+00
 0.00000000e+00 0.00000000e+00 0.00000000e+00 0.00000000e+00
 0.00000000e+00 0.00000000e+00 0.00000000e+00 0.00000000e+00
 0.00000000e+00 0.00000000e+00 0.00000000e+00 0.00000000e+00
 0.00000000e+00 0.00000000e+00 0.00000000e+00 0.00000000e+00
 0.00000000e+00 0.00000000e+00 0.00000000e+00 0.00000000e+00
 0.00000000e+00 0.00000000e+00 0.00000000e+00 0.00000000e+00
 0.00000000e+00 0.00000000e+00 0.00000000e+00 0.00000000e+00
 0.00000000e+00 0.00000000e+00 0.00000000e+00 0.00000000e+00
 0.00000000e+00 0.00000000e+00 0.00000000e+00 0.00000000e+00
 0.00000000e+00 0.00000000e+00 0.00000000e+00 0.00000000e+00
 0.00000000e+00 0.00000000e+00 0.00000000e+00 0.00000000e+00
 0.00000000e+00 0.00000000e+00 0.00000000e+00 0.00000000e+00
 0.00000000e+00 0.00000000e+00 0.00000000e+00 0.00000000e+00
 0.00000000e+00 0.00000000e+00 0.00000000e+00 0.00000000e+00
 8.63345972e-02 1.00000000e+00 2.08506224e-01 6.52726352e-02
 1.39620581e-01 0.00000000e+00 0.00000000e+00 0.00000000e+00
 0.00000000e+00 0.00000000e+00 1.98686371e-01 0.00000000e+00
 1.37806898e-01]",Z3,0.09009003639221191,sat,"['Z3', 'Bitwuzla', 'BOOLECTOR', 'CVC4', 'MathSAT', 'YICES']",[0.08489203453063965]
./tmp/QF_AUFBV/com.galois.ecc.P384ECC64.ec_twin_mul_init2.short.smt2,"[0.         0.62727147 1.         0.         0.         0.
 0.         0.30726197 0.         0.         0.         0.
 0.         0.         1.         0.         0.         0.
 0.         0.         0.         0.         0.         0.
 0.         0.         0.         0.         0.         0.
 0.         0.95104895 1.         0.         0.         0.
 0.         1.09677419 0.         0.32598274 1.25925926 0.21742606
 0.38148668 0.         0.49871362 0.         0.07988943 0.30431245
 2.31912302 1.73660491 0.         0.42518695 0.9324192  0.29694323
 0.29941292 0.05787234 0.15745297 0.18941504 0.         0.
 0.         0.         0.         0.         0.         0.
 0.         0.         0.         0.         0.         0.
 0.         0.         0.         0.         0.         0.
 0.         0.         0.         0.         0.         0.
 0.         0.         0.         0.         0.         0.
 0.         0.         0.         0.         0.         0.
 0.         0.         0.         0.         0.         0.
 0.         0.         0.         0.         0.         0.
 0.         0.         0.         0.         0.         0.
 0.         0.         0.         0.         0.         0.
 0.         0.         0.         0.         0.         0.
 0.         0.         0.         0.         0.         0.
 0.         0.         0.         0.         0.         0.
 0.         0.         0.         0.         0.         0.
 0.         0.         0.         0.         0.25595536 1.
 0.62630751 0.16149176 0.30353037 0.         0.         0.
 0.         0.         0.30431245 0.         0.18503401]",CVC4,1.271704912185669,unsat,"['CVC4', 'Bitwuzla', 'Z3', 'YICES', 'BOOLECTOR', 'MathSAT']",[1.2560920715332031]
./tmp/QF_AUFBV/com.galois.ecc.P384ECC64.ec_twin_mul_aux1.short.smt2,"[0.         2.03919007 1.         0.         0.         0.
 0.         2.04067676 0.         0.         0.         0.
 0.         0.         1.         0.         0.         0.
 0.         0.         0.         0.         0.         0.
 0.         0.         0.         0.         0.         0.
 0.         0.95238095 1.         0.         0.         0.
 0.         1.09375    0.         2.8653169  1.25       2.59067358
 3.86462882 0.         1.95327781 0.         0.80351114 3.1841716
 2.00918484 1.55741627 0.         1.74895522 1.21602458 4.84007526
 2.89048474 0.72916667 1.70567181 0.19390582 0.         0.
 0.         0.         0.         0.         0.         0.
 0.         0.         0.         0.         0.         0.
 0.         0.         0.         0.         0.         0.
 0.         0.         0.         0.         0.         0.
 0.         0.         0.         0.         0.         0.
 0.         0.         0.         0.         0.         0.
 0.         0.         0.         0.         0.         0.
 0.         0.         0.         0.         0.         0.
 0.         0.         0.         0.         0.         0.
 0.         0.         0.         0.         0.         0.
 0.         0.         0.         0.         0.         0.
 0.         0.         0.         0.         0.         0.
 0.         0.         0.         0.         0.         0.
 0.         0.         0.         0.         0.         0.
 0.         0.         0.         0.         0.82078898 1.
 2.03961993 0.55856557 1.75168648 0.         0.         0.
 0.         0.         3.1841716  0.         1.73642303]",YICES,2.2422378063201904,unsat,"['Z3', 'YICES', 'MathSAT', 'Bitwuzla', 'BOOLECTOR', 'CVC4']","[2, 0.19033098220825195]"
./tmp/QF_AUFBV/com.galois.ecc.P384ECC64.ec_full_add3.short.smt2,"[0.         0.60721777 1.         0.         0.         0.
 0.         0.47152927 0.         0.         0.         0.
 0.         0.         1.         0.         0.         0.
 0.         0.         0.         0.         0.         0.
 0.         0.         0.         0.         0.         0.
 0.         0.95364238 1.         0.         0.         0.
 0.         1.09090909 0.         0.56152513 1.24137931 0.4733382
 0.70458716 0.         0.5303991  0.         0.16453824 0.58501091
 0.96536313 1.59670782 0.         0.48554096 1.71004052 0.202058
 0.54111406 0.13449564 0.31441048 0.09944751 0.         0.
 0.         0.         0.         0.         0.         0.
 0.         0.         0.         0.         0.         0.
 0.         0.         0.         0.         0.         0.
 0.         0.         0.         0.         0.         0.
 0.         0.         0.         0.         0.         0.
 0.         0.         0.         0.         0.         0.
 0.         0.         0.         0.         0.         0.
 0.         0.         0.         0.         0.         0.
 0.         0.         0.         0.         0.         0.
 0.         0.         0.         0.         0.         0.
 0.         0.         0.         0.         0.         0.
 0.         0.         0.         0.         0.         0.
 0.         0.         0.         0.         0.         0.
 0.         0.         0.         0.         0.         0.
 0.         0.         0.         0.         0.29360803 1.
 0.60627357 0.17068219 0.43189031 0.         0.         0.
 0.         0.         0.58501091 0.         0.39975772]",Z3,0.07230615615844727,unsat,"['Z3', 'BOOLECTOR', 'Bitwuzla', 'CVC4', 'YICES', 'MathSAT']",[0.05585312843322754]
./tmp/QF_AUFBV/com.galois.ecc.P384ECC64.sq_inner13.short.smt2,"[0.00000000e+00 4.74582068e-02 9.99999999e-01 0.00000000e+00
 0.00000000e+00 0.00000000e+00 0.00000000e+00 4.43401408e-02
 0.00000000e+00 0.00000000e+00 0.00000000e+00 0.00000000e+00
 0.00000000e+00 0.00000000e+00 9.99999999e-01 0.00000000e+00
 0.00000000e+00 0.00000000e+00 0.00000000e+00 0.00000000e+00
 0.00000000e+00 0.00000000e+00 0.00000000e+00 0.00000000e+00
 0.00000000e+00 0.00000000e+00 0.00000000e+00 0.00000000e+00
 0.00000000e+00 0.00000000e+00 0.00000000e+00 9.54838709e-01
 9.99999999e-01 0.00000000e+00 0.00000000e+00 0.00000000e+00
 0.00000000e+00 1.08823529e+00 0.00000000e+00 6.40138408e-02
 1.23333333e+00 5.39752006e-02 0.00000000e+00 0.00000000e+00
 3.44699087e-02 0.00000000e+00 1.98844552e-02 2.69025691e-02
 4.12946429e-02 1.39050222e-01 0.00000000e+00 5.43989649e-02
 1.90593505e-01 6.90943044e-02 3.26855124e-02 2.30242688e-02
 0.00000000e+00 1.01928375e-01 3.14371893e-04 0.00000000e+00
 0.00000000e+00 0.00000000e+00 1.76779742e-02 8.44941768e-03
 0.00000000e+00 0.00000000e+00 0.00000000e+00 0.00000000e+00
 0.00000000e+00 0.00000000e+00 0.00000000e+00 0.00000000e+00
 0.00000000e+00 0.00000000e+00 0.00000000e+00 0.00000000e+00
 2.32704402e-01 2.84615384e+00 0.00000000e+00 0.00000000e+00
 0.00000000e+00 0.00000000e+00 0.00000000e+00 0.00000000e+00
 3.36363636e+00 0.00000000e+00 0.00000000e+00 0.00000000e+00
 0.00000000e+00 0.00000000e+00 0.00000000e+00 0.00000000e+00
 0.00000000e+00 0.00000000e+00 0.00000000e+00 0.00000000e+00
 0.00000000e+00 0.00000000e+00 0.00000000e+00 0.00000000e+00
 0.00000000e+00 0.00000000e+00 0.00000000e+00 0.00000000e+00
 0.00000000e+00 0.00000000e+00 0.00000000e+00 0.00000000e+00
 0.00000000e+00 0.00000000e+00 0.00000000e+00 0.00000000e+00
 0.00000000e+00 0.00000000e+00 0.00000000e+00 0.00000000e+00
 0.00000000e+00 0.00000000e+00 0.00000000e+00 0.00000000e+00
 0.00000000e+00 0.00000000e+00 0.00000000e+00 0.00000000e+00
 0.00000000e+00 0.00000000e+00 0.00000000e+00 0.00000000e+00
 0.00000000e+00 0.00000000e+00 0.00000000e+00 0.00000000e+00
 0.00000000e+00 0.00000000e+00 0.00000000e+00 0.00000000e+00
 0.00000000e+00 0.00000000e+00 0.00000000e+00 0.00000000e+00
 0.00000000e+00 0.00000000e+00 0.00000000e+00 0.00000000e+00
 0.00000000e+00 0.00000000e+00 0.00000000e+00 0.00000000e+00
 2.83515029e-02 1.00000000e+00 4.59233897e-02 2.73797828e-02
 4.69126411e-02 0.00000000e+00 0.00000000e+00 0.00000000e+00
 0.00000000e+00 0.00000000e+00 2.69025691e-02 0.00000000e+00
 4.72509746e-02]",CVC4,0.13101792335510254,sat,"['CVC4', 'MathSAT', 'Z3', 'YICES', 'Bitwuzla', 'BOOLECTOR']",[0.1287679672241211]
./tmp/QF_AUFBV/opStructure_O_32_16_2_2.smt2,"[0.00000000e+00 1.62462591e-03 9.99999999e-01 0.00000000e+00
 0.00000000e+00 0.00000000e+00 0.00000000e+00 3.79449798e-03
 0.00000000e+00 0.00000000e+00 0.00000000e+00 0.00000000e+00
 0.00000000e+00 0.00000000e+00 9.99999999e-01 0.00000000e+00
 0.00000000e+00 0.00000000e+00 0.00000000e+00 0.00000000e+00
 0.00000000e+00 0.00000000e+00 0.00000000e+00 0.00000000e+00
 0.00000000e+00 0.00000000e+00 0.00000000e+00 0.00000000e+00
 0.00000000e+00 0.00000000e+00 0.00000000e+00 1.18750000e+00
 9.99999999e-01 0.00000000e+00 0.00000000e+00 0.00000000e+00
 1.23511685e+01 0.00000000e+00 7.59999994e+00 0.00000000e+00
 0.00000000e+00 2.76967930e-02 0.00000000e+00 0.00000000e+00
 3.53982301e-03 0.00000000e+00 0.00000000e+00 0.00000000e+00
 8.46325167e-02 3.45886904e-02 0.00000000e+00 8.93697084e-03
 5.09953031e-02 0.00000000e+00 0.00000000e+00 9.18168948e+00
 8.30034130e+00 0.00000000e+00 1.69713169e-01 1.22048010e+00
 0.00000000e+00 0.00000000e+00 1.24837985e+01 1.21048864e+01
 0.00000000e+00 0.00000000e+00 0.00000000e+00 1.27163399e+01
 0.00000000e+00 0.00000000e+00 0.00000000e+00 0.00000000e+00
 0.00000000e+00 0.00000000e+00 0.00000000e+00 0.00000000e+00
 0.00000000e+00 0.00000000e+00 0.00000000e+00 0.00000000e+00
 0.00000000e+00 0.00000000e+00 0.00000000e+00 0.00000000e+00
 0.00000000e+00 0.00000000e+00 0.00000000e+00 0.00000000e+00
 0.00000000e+00 0.00000000e+00 0.00000000e+00 0.00000000e+00
 0.00000000e+00 0.00000000e+00 0.00000000e+00 0.00000000e+00
 0.00000000e+00 0.00000000e+00 0.00000000e+00 0.00000000e+00
 0.00000000e+00 0.00000000e+00 0.00000000e+00 0.00000000e+00
 0.00000000e+00 0.00000000e+00 0.00000000e+00 0.00000000e+00
 0.00000000e+00 0.00000000e+00 0.00000000e+00 0.00000000e+00
 0.00000000e+00 0.00000000e+00 0.00000000e+00 0.00000000e+00
 0.00000000e+00 0.00000000e+00 0.00000000e+00 0.00000000e+00
 0.00000000e+00 0.00000000e+00 0.00000000e+00 0.00000000e+00
 0.00000000e+00 0.00000000e+00 0.00000000e+00 0.00000000e+00
 0.00000000e+00 0.00000000e+00 0.00000000e+00 0.00000000e+00
 0.00000000e+00 0.00000000e+00 0.00000000e+00 0.00000000e+00
 0.00000000e+00 0.00000000e+00 0.00000000e+00 0.00000000e+00
 0.00000000e+00 0.00000000e+00 0.00000000e+00 0.00000000e+00
 0.00000000e+00 0.00000000e+00 0.00000000e+00 0.00000000e+00
 1.42344181e+00 1.00000000e+00 3.25245004e-03 1.21370963e+00
 4.81744422e-03 0.00000000e+00 0.00000000e+00 0.00000000e+00
 0.00000000e+00 0.00000000e+00 0.00000000e+00 0.00000000e+00
 0.00000000e+00]",BOOLECTOR,60.02162003517151,timeout (6.0 s),"['CVC4', 'Z3', 'BOOLECTOR', 'MathSAT', 'Bitwuzla', 'YICES']","[51, 3, 6]"
./tmp/QF_AUFBV/opStructure_O_32_32_2_2.smt2,"[0.00000000e+00 1.66730794e-03 9.99999999e-01 0.00000000e+00
 0.00000000e+00 0.00000000e+00 0.00000000e+00 3.89396436e-03
 0.00000000e+00 0.00000000e+00 0.00000000e+00 0.00000000e+00
 0.00000000e+00 0.00000000e+00 9.99999999e-01 0.00000000e+00
 0.00000000e+00 0.00000000e+00 0.00000000e+00 0.00000000e+00
 0.00000000e+00 0.00000000e+00 0.00000000e+00 0.00000000e+00
 0.00000000e+00 0.00000000e+00 0.00000000e+00 0.00000000e+00
 0.00000000e+00 0.00000000e+00 0.00000000e+00 1.18181818e+00
 9.99999999e-01 0.00000000e+00 0.00000000e+00 0.00000000e+00
 1.53601118e+01 0.00000000e+00 6.49999996e+00 0.00000000e+00
 0.00000000e+00 2.84049527e-02 0.00000000e+00 0.00000000e+00
 3.63263785e-03 0.00000000e+00 0.00000000e+00 0.00000000e+00
 8.66666667e-02 3.54666364e-02 0.00000000e+00 9.16999765e-03
 5.22671432e-02 0.00000000e+00 0.00000000e+00 1.27063315e+01
 1.18574822e+01 0.00000000e+00 3.45274524e-01 2.35293950e+00
 0.00000000e+00 0.00000000e+00 1.54640852e+01 1.51796407e+01
 0.00000000e+00 0.00000000e+00 0.00000000e+00 1.56366484e+01
 0.00000000e+00 0.00000000e+00 0.00000000e+00 0.00000000e+00
 0.00000000e+00 0.00000000e+00 0.00000000e+00 0.00000000e+00
 0.00000000e+00 0.00000000e+00 0.00000000e+00 0.00000000e+00
 0.00000000e+00 0.00000000e+00 0.00000000e+00 0.00000000e+00
 0.00000000e+00 0.00000000e+00 0.00000000e+00 0.00000000e+00
 0.00000000e+00 0.00000000e+00 0.00000000e+00 0.00000000e+00
 0.00000000e+00 0.00000000e+00 0.00000000e+00 0.00000000e+00
 0.00000000e+00 0.00000000e+00 0.00000000e+00 0.00000000e+00
 0.00000000e+00 0.00000000e+00 0.00000000e+00 0.00000000e+00
 0.00000000e+00 0.00000000e+00 0.00000000e+00 0.00000000e+00
 0.00000000e+00 0.00000000e+00 0.00000000e+00 0.00000000e+00
 0.00000000e+00 0.00000000e+00 0.00000000e+00 0.00000000e+00
 0.00000000e+00 0.00000000e+00 0.00000000e+00 0.00000000e+00
 0.00000000e+00 0.00000000e+00 0.00000000e+00 0.00000000e+00
 0.00000000e+00 0.00000000e+00 0.00000000e+00 0.00000000e+00
 0.00000000e+00 0.00000000e+00 0.00000000e+00 0.00000000e+00
 0.00000000e+00 0.00000000e+00 0.00000000e+00 0.00000000e+00
 0.00000000e+00 0.00000000e+00 0.00000000e+00 0.00000000e+00
 0.00000000e+00 0.00000000e+00 0.00000000e+00 0.00000000e+00
 0.00000000e+00 0.00000000e+00 0.00000000e+00 0.00000000e+00
 2.71297342e+00 1.00000000e+00 3.33775515e-03 2.33745515e+00
 4.94359234e-03 0.00000000e+00 0.00000000e+00 0.00000000e+00
 0.00000000e+00 0.00000000e+00 0.00000000e+00 0.00000000e+00
 0.00000000e+00]",CVC4,60.056819915771484,timeout (53.0 s),"['Bitwuzla', 'CVC4', 'YICES', 'MathSAT', 'Z3', 'BOOLECTOR']","[7, 53]"
./tmp/QF_AUFBV/com.galois.ecc.P384ECC64.ec_full_add4.short.smt2,"[0.         0.6328102  1.         0.         0.         0.
 0.         0.47943178 0.         0.         0.         0.
 0.         0.         1.         0.         0.         0.
 0.         0.         0.         0.         0.         0.
 0.         0.         0.         0.         0.         0.
 0.         0.94674556 1.         0.         0.         0.
 0.         1.14285714 0.         0.6132879  1.29032258 0.51761323
 0.76784643 0.         0.55841293 0.         0.18189113 0.63916051
 1.03896104 1.58934614 0.         0.48315912 1.62023146 0.22284123
 0.59181897 0.07621467 0.1891253  0.         0.         0.
 0.         0.         0.         0.         0.         0.
 0.         0.         0.         0.         0.         0.
 0.         0.         0.         0.         0.         0.
 0.         0.         0.         0.         0.         0.
 0.         0.         0.         0.         0.         0.
 0.         0.         0.         0.         0.         0.
 0.         0.         0.         0.         0.         0.
 0.         0.         0.         0.         0.         0.
 0.         0.         0.         0.         0.         0.
 0.         0.         0.         0.         0.         0.
 0.         0.         0.         0.         0.         0.
 0.         0.         0.         0.         0.         0.
 0.         0.         0.         0.         0.         0.
 0.         0.         0.         0.         0.         0.
 0.         0.         0.         0.         0.27337094 1.
 0.63173854 0.1645031  0.42886701 0.         0.         0.
 0.         0.         0.63916051 0.         0.39134775]",Z3,0.09991812705993652,unsat,"['Z3', 'Bitwuzla', 'YICES', 'CVC4', 'BOOLECTOR', 'MathSAT']",[0.08424806594848633]
