./tmp/QF_AUFBV/com.galois.ecc.P384ECC64.ec_twin_mul_init.short.smt2,"[0. 1. 1. 0. 0. 0. 0. 1. 0. 0. 0. 0. 0. 0. 1. 0. 0. 0. 0. 0. 0. 0. 0. 0.
 0. 0. 0. 0. 0. 0. 0. 1. 1. 0. 0. 0. 0. 1. 0. 1. 1. 1. 1. 0. 1. 0. 1. 1.
 1. 1. 0. 1. 1. 1. 1. 1. 1. 1. 0. 0. 0. 0. 0. 0. 0. 0. 0. 0. 0. 0. 0. 0.
 0. 0. 0. 0. 0. 0. 0. 0. 0. 0. 0. 0. 0. 0. 0. 0. 0. 0. 0. 0. 0. 0. 0. 0.
 0. 0. 0. 0. 0. 0. 0. 0. 0. 0. 0. 0. 0. 0. 0. 0. 0. 0. 0. 0. 0. 0. 0. 0.
 0. 0. 0. 0. 0. 0. 0. 0. 0. 0. 0. 0. 0. 0. 0. 0. 0. 0. 0. 0. 0. 0. 0. 0.
 0. 0. 0. 0. 1. 1. 1. 1. 1. 0. 0. 0. 0. 0. 1. 0. 1.]",BOOLECTOR,0.09968185424804688,unsat,"['BOOLECTOR', 'CVC4', 'Bitwuzla', 'MathSAT', 'Z3', 'YICES']",[0.08004999160766602]
./tmp/QF_AUFBV/com.galois.ecc.P384ECC64.sq_inner22.short.smt2,"[0.         0.32       1.         0.         0.         0.
 0.         0.32       0.         0.         0.         0.
 0.         0.         1.         0.         0.         0.
 0.         0.         0.         0.         0.         0.
 0.         0.         0.         0.         0.         0.
 0.         1.         1.         0.         0.         0.
 0.         1.         0.         0.33333333 1.         0.4
 0.         0.         0.29514563 0.         0.38095238 0.16666667
 0.10169492 0.3035343  2.         0.30638298 0.34074074 1.55555556
 0.2        0.85714286 0.         0.         2.         2.
 0.         0.         2.         0.         0.         0.
 0.         0.         0.         0.         0.         0.
 0.         0.         0.         0.         2.         2.
 0.         0.         0.         0.         0.         0.
 2.         0.         0.         0.         0.         0.
 0.         0.         0.         0.         0.         0.
 0.         0.         0.         0.         0.         0.
 0.         0.         0.         0.         0.         0.
 0.         0.         0.         0.         0.         0.
 0.         0.         0.         0.         0.         0.
 0.         0.         0.         0.         0.         0.
 0.         0.         0.         0.         0.         0.
 0.         0.         0.         0.         0.         0.
 0.         0.         0.         0.         0.         0.
 0.         0.         0.         0.         0.33890179 1.
 0.31712474 0.42507205 0.35       0.         0.         0.
 0.         0.         0.16666667 0.         0.4950495 ]",Bitwuzla,0.34752821922302246,sat,"['Bitwuzla', 'MathSAT', 'BOOLECTOR', 'Z3', 'YICES', 'CVC4']",[0.3433821201324463]
./tmp/QF_AUFBV/com.galois.ecc.P384ECC64.mod_div12.short.smt2,"[0.         0.75236593 1.         0.         0.         0.
 0.         1.11320755 0.         0.         0.         0.
 0.         0.         1.         0.         0.         0.
 0.         0.         0.         0.         0.         0.
 0.         0.         0.         0.         0.         0.
 0.         1.         1.         0.         0.         0.
 0.         1.         0.         1.10526316 1.         1.
 0.81818182 0.         0.76410999 0.         1.03125    0.96226415
 0.57534247 1.43492408 0.         1.04166667 2.16837782 0.08108108
 1.125      1.         0.91304348 0.         0.         0.
 0.         0.         0.         3.         0.         0.
 0.         0.         0.         0.         3.         0.
 0.         0.         0.         0.         1.5        0.
 0.         0.         3.         0.         0.         0.
 0.         0.         0.         0.         0.         0.
 0.         0.         0.         0.         0.         0.
 0.         0.         0.         0.         0.         0.
 0.         0.         0.         0.         0.         0.
 0.         0.         0.         0.         0.         0.
 0.         0.         0.         0.         0.         0.
 0.         0.         0.         0.         0.         0.
 0.         0.         0.         0.         0.         0.
 0.         0.         0.         0.         0.         0.
 0.         0.         0.         0.         0.         0.
 0.         0.         0.         0.         1.16315017 1.
 0.75118859 0.83463339 1.13953488 0.         0.         0.
 0.         0.         0.96226415 0.         1.36216216]",Bitwuzla,0.14884567260742188,unsat,"['Bitwuzla', 'CVC4', 'BOOLECTOR', 'MathSAT', 'YICES', 'Z3']",[0.14065098762512207]
./tmp/QF_AUFBV/com.galois.ecc.P384ECC64.ec_mul_aux4.short.smt2,"[0.         3.39023804 1.         0.         0.         0.
 0.         3.65584416 0.         0.         0.         0.
 0.         0.         1.         0.         0.         0.
 0.         0.         0.         0.         0.         0.
 0.         0.         0.         0.         0.         0.
 0.         1.         1.         0.         0.         0.
 0.         1.         0.         3.32743363 1.         3.58041958
 3.41721854 0.         3.56431274 0.         3.93875598 3.47394541
 1.39285714 0.85860307 0.         3.58041958 0.97045101 3.19125683
 3.42342342 3.70212766 3.39869281 3.90243902 0.         0.
 0.         0.         3.2        3.84466019 4.         0.
 0.         0.         0.         0.         0.         0.
 0.         0.         0.         0.         3.92307692 0.
 0.         0.         3.82300885 0.         0.         0.
 0.         0.         0.         0.         0.         0.
 0.         0.         0.         0.         0.         0.
 0.         0.         0.         0.         0.         0.
 0.         0.         0.         0.         0.         0.
 0.         0.         0.         0.         0.         0.
 0.         0.         0.         0.         0.         0.
 0.         0.         0.         0.         0.         0.
 0.         0.         0.         0.         0.         0.
 0.         0.         0.         0.         0.         0.
 0.         0.         0.         0.         0.         0.
 0.         0.         0.         0.         3.32316098 1.
 3.39253911 3.31124642 3.68565337 0.         0.         0.
 0.         0.         3.47394541 0.         3.76663513]",Bitwuzla,0.46558308601379395,unsat,"['Bitwuzla', 'CVC4', 'BOOLECTOR', 'MathSAT', 'Z3', 'YICES']",[0.33704304695129395]
./tmp/QF_AUFBV/opStructure_O_16_24_2_2.smt2,"[0.00000000e+00 1.20192308e-03 9.99999999e-01 0.00000000e+00
 0.00000000e+00 0.00000000e+00 0.00000000e+00 2.70416441e-03
 0.00000000e+00 0.00000000e+00 0.00000000e+00 0.00000000e+00
 0.00000000e+00 0.00000000e+00 9.99999999e-01 0.00000000e+00
 0.00000000e+00 0.00000000e+00 0.00000000e+00 0.00000000e+00
 0.00000000e+00 0.00000000e+00 0.00000000e+00 0.00000000e+00
 0.00000000e+00 0.00000000e+00 0.00000000e+00 0.00000000e+00
 0.00000000e+00 0.00000000e+00 0.00000000e+00 1.19047619e+00
 9.99999999e-01 0.00000000e+00 0.00000000e+00 0.00000000e+00
 5.00000000e+00 0.00000000e+00 4.99999997e+00 0.00000000e+00
 0.00000000e+00 3.47222222e-02 0.00000000e+00 0.00000000e+00
 2.36332125e-03 0.00000000e+00 0.00000000e+00 0.00000000e+00
 8.77192982e-02 3.38409475e-02 0.00000000e+00 5.82072177e-03
 4.62249615e-02 0.00000000e+00 0.00000000e+00 4.01673640e+00
 4.16938111e+00 0.00000000e+00 4.97560976e+00 4.99388753e+00
 0.00000000e+00 0.00000000e+00 4.96765847e+00 4.68559219e+00
 0.00000000e+00 0.00000000e+00 0.00000000e+00 5.00000000e+00
 0.00000000e+00 0.00000000e+00 0.00000000e+00 0.00000000e+00
 0.00000000e+00 0.00000000e+00 0.00000000e+00 0.00000000e+00
 0.00000000e+00 0.00000000e+00 0.00000000e+00 0.00000000e+00
 0.00000000e+00 0.00000000e+00 0.00000000e+00 0.00000000e+00
 0.00000000e+00 0.00000000e+00 0.00000000e+00 0.00000000e+00
 0.00000000e+00 0.00000000e+00 0.00000000e+00 0.00000000e+00
 0.00000000e+00 0.00000000e+00 0.00000000e+00 0.00000000e+00
 0.00000000e+00 0.00000000e+00 0.00000000e+00 0.00000000e+00
 0.00000000e+00 0.00000000e+00 0.00000000e+00 0.00000000e+00
 0.00000000e+00 0.00000000e+00 0.00000000e+00 0.00000000e+00
 0.00000000e+00 0.00000000e+00 0.00000000e+00 0.00000000e+00
 0.00000000e+00 0.00000000e+00 0.00000000e+00 0.00000000e+00
 0.00000000e+00 0.00000000e+00 0.00000000e+00 0.00000000e+00
 0.00000000e+00 0.00000000e+00 0.00000000e+00 0.00000000e+00
 0.00000000e+00 0.00000000e+00 0.00000000e+00 0.00000000e+00
 0.00000000e+00 0.00000000e+00 0.00000000e+00 0.00000000e+00
 0.00000000e+00 0.00000000e+00 0.00000000e+00 0.00000000e+00
 0.00000000e+00 0.00000000e+00 0.00000000e+00 0.00000000e+00
 0.00000000e+00 0.00000000e+00 0.00000000e+00 0.00000000e+00
 0.00000000e+00 0.00000000e+00 0.00000000e+00 0.00000000e+00
 1.29277753e+00 1.00000000e+00 2.40558095e-03 1.72108045e+00
 3.04414003e-03 0.00000000e+00 0.00000000e+00 0.00000000e+00
 0.00000000e+00 0.00000000e+00 0.00000000e+00 0.00000000e+00
 0.00000000e+00]",YICES,60.016459941864014,timeout (30.0 s),"['Bitwuzla', 'YICES', 'BOOLECTOR', 'Z3', 'CVC4', 'MathSAT']","[30, 30]"
./tmp/QF_AUFBV/com.galois.ecc.P384ECC64.ec_twin_mul_init1.short.smt2,"[0.         0.52511516 1.         0.         0.         0.
 0.         0.26073461 0.         0.         0.         0.
 0.         0.         1.         0.         0.         0.
 0.         0.         0.         0.         0.         0.
 0.         0.         0.         0.         0.         0.
 0.         0.96       1.         0.         0.         0.
 0.         1.2        0.         0.48780488 1.2        0.31578947
 0.5748503  0.         0.38815208 0.         0.04841006 0.45412844
 1.97647059 1.53962264 0.         0.32847318 0.88304862 0.2513089
 0.45       0.0332871  0.10245464 0.14285714 0.         0.
 0.         0.         0.         0.         0.         0.
 0.         0.         0.         0.         0.         0.
 0.         0.         0.         0.         0.         0.
 0.         0.         0.         0.         0.         0.
 0.         0.         0.         0.         0.         0.
 0.         0.         0.         0.         0.         0.
 0.         0.         0.         0.         0.         0.
 0.         0.         0.         0.         0.         0.
 0.         0.         0.         0.         0.         0.
 0.         0.         0.         0.         0.         0.
 0.         0.         0.         0.         0.         0.
 0.         0.         0.         0.         0.         0.
 0.         0.         0.         0.         0.         0.
 0.         0.         0.         0.         0.         0.
 0.         0.         0.         0.         0.35984291 1.
 0.52425906 0.36186062 0.23178227 0.         0.         0.
 0.         0.         0.45412844 0.         0.14043733]",Z3,0.06746196746826172,unsat,"['Z3', 'BOOLECTOR', 'MathSAT', 'Bitwuzla', 'YICES', 'CVC4']",[0.051711082458496094]
./tmp/QF_AUFBV/com.galois.ecc.P384ECC64.sq_inner13.short.smt2,"[0.         0.0457616  1.         0.         0.         0.
 0.         0.04318766 0.         0.         0.         0.
 0.         0.         1.         0.         0.         0.
 0.         0.         0.         0.         0.         0.
 0.         0.         0.         0.         0.         0.
 0.         0.96551724 1.         0.         0.         0.
 0.         1.16666667 0.         0.112      1.16666667 0.09090909
 0.         0.         0.03080986 0.         0.01326386 0.04783599
 0.04093567 0.14232902 0.         0.04781421 0.20535714 0.07253886
 0.05785124 0.01453287 0.         0.08235294 0.01703163 0.
 0.         0.         0.00904393 0.0042709  0.         0.
 0.         0.         0.         0.         0.         0.
 0.         0.         0.         0.         0.13207547 2.33333333
 0.         0.         0.         0.         0.         0.
 3.5        0.         0.         0.         0.         0.
 0.         0.         0.         0.         0.         0.
 0.         0.         0.         0.         0.         0.
 0.         0.         0.         0.         0.         0.
 0.         0.         0.         0.         0.         0.
 0.         0.         0.         0.         0.         0.
 0.         0.         0.         0.         0.         0.
 0.         0.         0.         0.         0.         0.
 0.         0.         0.         0.         0.         0.
 0.         0.         0.         0.         0.         0.
 0.         0.         0.         0.         0.04387464 1.
 0.04428447 0.06656829 0.0407332  0.         0.         0.
 0.         0.         0.04783599 0.         0.0407226 ]",MathSAT,0.09587287902832031,sat,"['MathSAT', 'BOOLECTOR', 'Bitwuzla', 'CVC4', 'YICES', 'Z3']",[0.09376716613769531]
./tmp/QF_AUFBV/com.galois.ecc.P384ECC64.ec_full_add4.short.smt2,"[0.         0.60584089 1.         0.         0.         0.
 0.         0.47036051 0.         0.         0.         0.
 0.         0.         1.         0.         0.         0.
 0.         0.         0.         0.         0.         0.
 0.         0.         0.         0.         0.         0.
 0.         0.96969697 1.         0.         0.         0.
 0.         1.14285714 0.         1.00699301 1.14285714 0.8372093
 1.28643216 0.         0.50165017 0.         0.12680653 1.05928854
 0.98461538 1.46552592 0.         0.43019648 1.55395683 0.24120603
 0.98550725 0.09842789 0.26418989 0.         0.         0.
 0.         0.         0.         0.         0.         0.
 0.         0.         0.         0.         0.         0.
 0.         0.         0.         0.         0.         0.
 0.         0.         0.         0.         0.         0.
 0.         0.         0.         0.         0.         0.
 0.         0.         0.         0.         0.         0.
 0.         0.         0.         0.         0.         0.
 0.         0.         0.         0.         0.         0.
 0.         0.         0.         0.         0.         0.
 0.         0.         0.         0.         0.         0.
 0.         0.         0.         0.         0.         0.
 0.         0.         0.         0.         0.         0.
 0.         0.         0.         0.         0.         0.
 0.         0.         0.         0.         0.         0.
 0.         0.         0.         0.         0.47306825 1.
 0.60496068 0.44081801 0.37915743 0.         0.         0.
 0.         0.         1.05928854 0.         0.3445649 ]",Z3,0.09952616691589355,unsat,"['Z3', 'Bitwuzla', 'YICES', 'MathSAT', 'CVC4', 'BOOLECTOR']",[0.08424806594848633]
./tmp/QF_AUFBV/opStructure_O_16_32_2_2.smt2,"[0.00000000e+00 1.81232380e-03 9.99999999e-01 0.00000000e+00
 0.00000000e+00 0.00000000e+00 0.00000000e+00 4.35308343e-03
 0.00000000e+00 0.00000000e+00 0.00000000e+00 0.00000000e+00
 0.00000000e+00 0.00000000e+00 9.99999999e-01 0.00000000e+00
 0.00000000e+00 0.00000000e+00 0.00000000e+00 0.00000000e+00
 0.00000000e+00 0.00000000e+00 0.00000000e+00 0.00000000e+00
 0.00000000e+00 0.00000000e+00 0.00000000e+00 0.00000000e+00
 0.00000000e+00 0.00000000e+00 0.00000000e+00 1.18421053e+00
 9.99999999e-01 0.00000000e+00 0.00000000e+00 0.00000000e+00
 5.14218258e+00 0.00000000e+00 4.49999998e+00 0.00000000e+00
 0.00000000e+00 5.20231214e-02 0.00000000e+00 0.00000000e+00
 3.71134021e-03 0.00000000e+00 0.00000000e+00 0.00000000e+00
 9.13705584e-02 3.60902256e-02 0.00000000e+00 9.29752066e-03
 5.51583248e-02 0.00000000e+00 0.00000000e+00 4.60953651e+00
 4.62418465e+00 0.00000000e+00 5.12670157e+00 5.13948610e+00
 0.00000000e+00 0.00000000e+00 5.12569522e+00 4.99810092e+00
 0.00000000e+00 0.00000000e+00 0.00000000e+00 5.14285714e+00
 0.00000000e+00 0.00000000e+00 0.00000000e+00 0.00000000e+00
 0.00000000e+00 0.00000000e+00 0.00000000e+00 0.00000000e+00
 0.00000000e+00 0.00000000e+00 0.00000000e+00 0.00000000e+00
 0.00000000e+00 0.00000000e+00 0.00000000e+00 0.00000000e+00
 0.00000000e+00 0.00000000e+00 0.00000000e+00 0.00000000e+00
 0.00000000e+00 0.00000000e+00 0.00000000e+00 0.00000000e+00
 0.00000000e+00 0.00000000e+00 0.00000000e+00 0.00000000e+00
 0.00000000e+00 0.00000000e+00 0.00000000e+00 0.00000000e+00
 0.00000000e+00 0.00000000e+00 0.00000000e+00 0.00000000e+00
 0.00000000e+00 0.00000000e+00 0.00000000e+00 0.00000000e+00
 0.00000000e+00 0.00000000e+00 0.00000000e+00 0.00000000e+00
 0.00000000e+00 0.00000000e+00 0.00000000e+00 0.00000000e+00
 0.00000000e+00 0.00000000e+00 0.00000000e+00 0.00000000e+00
 0.00000000e+00 0.00000000e+00 0.00000000e+00 0.00000000e+00
 0.00000000e+00 0.00000000e+00 0.00000000e+00 0.00000000e+00
 0.00000000e+00 0.00000000e+00 0.00000000e+00 0.00000000e+00
 0.00000000e+00 0.00000000e+00 0.00000000e+00 0.00000000e+00
 0.00000000e+00 0.00000000e+00 0.00000000e+00 0.00000000e+00
 0.00000000e+00 0.00000000e+00 0.00000000e+00 0.00000000e+00
 0.00000000e+00 0.00000000e+00 0.00000000e+00 0.00000000e+00
 2.09064295e+00 1.00000000e+00 3.62830075e-03 2.58571954e+00
 4.98614958e-03 0.00000000e+00 0.00000000e+00 0.00000000e+00
 0.00000000e+00 0.00000000e+00 0.00000000e+00 0.00000000e+00
 0.00000000e+00]",MathSAT,60.02087092399597,timeout (30.0 s),"['BOOLECTOR', 'MathSAT', 'Bitwuzla', 'Z3', 'CVC4', 'YICES']","[30, 30]"
./tmp/QF_AUFBV/com.galois.ecc.P384ECC64.verifySignature.short.smt2,"[0.         1.91073465 1.         0.         0.         0.
 0.         1.87463156 0.         0.         0.         0.
 0.         0.         1.         0.         0.         0.
 0.         0.         0.         0.         0.         0.
 0.         0.         0.         0.         0.         0.
 0.         0.95238095 1.         0.         0.         0.
 0.         1.25       0.         3.88888889 1.25       3.99305556
 3.89570552 0.         1.55346569 0.         0.47936085 3.96181384
 2.59398496 2.16725559 0.         1.53846154 1.87551867 0.56872038
 3.94736842 0.36929994 0.5990566  1.66666667 0.05208333 0.
 0.         0.         0.         0.         4.24242424 0.
 0.         0.         0.         0.         3.99999999 0.
 0.         0.         0.         0.         0.         0.
 0.         0.         4.71962617 0.         0.         0.
 0.         0.         0.         0.         0.         0.
 0.         0.         0.         0.         0.         0.
 0.         0.         0.         0.         0.         0.
 0.         0.         0.         0.         0.         0.
 0.         0.         0.         0.         0.         0.
 0.         0.         0.         0.         0.         0.
 0.         0.         0.         0.         0.         0.
 0.         0.         0.         0.         0.         0.
 0.         0.         0.         0.         0.         0.
 0.         0.         0.         0.         0.         0.
 0.         0.         0.         0.         1.09723427 1.
 1.91097342 1.01936934 1.4170233  0.         0.         0.
 0.         0.         3.96181384 0.         1.33756345]",Bitwuzla,7.16625189781189,unsat,"['Bitwuzla', 'CVC4', 'Z3', 'BOOLECTOR', 'YICES', 'MathSAT']",[7.125905990600586]
./tmp/QF_AUFBV/com.galois.ecc.P384ECC64.ec_twin_mul_aux11.short.smt2,"[0.         1.96843654 1.         0.         0.         0.
 0.         2.02900641 0.         0.         0.         0.
 0.         0.         1.         0.         0.         0.
 0.         0.         0.         0.         0.         0.
 0.         0.         0.         0.         0.         0.
 0.         0.95652174 1.         0.         0.         0.
 0.         1.22222222 0.         3.12844037 1.22222222 2.83505155
 3.87077535 0.         1.87430168 0.         0.77177053 3.36288318
 1.74050633 1.40184995 0.         1.70090523 1.19600592 4.51675978
 3.1625     0.34225264 0.84762734 0.21153846 0.         0.
 0.         0.         0.         0.         0.         0.
 0.         0.         0.         0.         0.         0.
 0.         0.         0.         0.         0.         0.
 0.         0.         0.         0.         0.         0.
 0.         0.         0.         0.         0.         0.
 0.         0.         0.         0.         0.         0.
 0.         0.         0.         0.         0.         0.
 0.         0.         0.         0.         0.         0.
 0.         0.         0.         0.         0.         0.
 0.         0.         0.         0.         0.         0.
 0.         0.         0.         0.         0.         0.
 0.         0.         0.         0.         0.         0.
 0.         0.         0.         0.         0.         0.
 0.         0.         0.         0.         0.         0.
 0.         0.         0.         0.         1.1982979  1.
 1.96880857 1.20790914 1.71895687 0.         0.         0.
 0.         0.         3.36288318 0.         1.71749839]",MathSAT,0.7432765960693359,unsat,"['MathSAT', 'CVC4', 'Bitwuzla', 'BOOLECTOR', 'YICES', 'Z3']",[0.6927158832550049]
./tmp/QF_AUFBV/opStructure_O_32_32_2_2.smt2,"[0.00000000e+00 1.60470714e-03 9.99999999e-01 0.00000000e+00
 0.00000000e+00 0.00000000e+00 0.00000000e+00 3.84492150e-03
 0.00000000e+00 0.00000000e+00 0.00000000e+00 0.00000000e+00
 0.00000000e+00 0.00000000e+00 9.99999999e-01 0.00000000e+00
 0.00000000e+00 0.00000000e+00 0.00000000e+00 0.00000000e+00
 0.00000000e+00 0.00000000e+00 0.00000000e+00 0.00000000e+00
 0.00000000e+00 0.00000000e+00 0.00000000e+00 0.00000000e+00
 0.00000000e+00 0.00000000e+00 0.00000000e+00 1.17647059e+00
 9.99999999e-01 0.00000000e+00 0.00000000e+00 0.00000000e+00
 6.30903210e+00 0.00000000e+00 3.99999998e+00 0.00000000e+00
 0.00000000e+00 3.08483290e-02 0.00000000e+00 0.00000000e+00
 3.46653828e-03 0.00000000e+00 0.00000000e+00 0.00000000e+00
 7.54716981e-02 3.27980868e-02 0.00000000e+00 8.86099317e-03
 5.30191458e-02 0.00000000e+00 0.00000000e+00 5.86446071e+00
 5.65615650e+00 0.00000000e+00 6.28571429e+00 6.30746269e+00
 0.00000000e+00 0.00000000e+00 6.39001560e+00 6.31538363e+00
 0.00000000e+00 0.00000000e+00 0.00000000e+00 6.40000000e+00
 0.00000000e+00 0.00000000e+00 0.00000000e+00 0.00000000e+00
 0.00000000e+00 0.00000000e+00 0.00000000e+00 0.00000000e+00
 0.00000000e+00 0.00000000e+00 0.00000000e+00 0.00000000e+00
 0.00000000e+00 0.00000000e+00 0.00000000e+00 0.00000000e+00
 0.00000000e+00 0.00000000e+00 0.00000000e+00 0.00000000e+00
 0.00000000e+00 0.00000000e+00 0.00000000e+00 0.00000000e+00
 0.00000000e+00 0.00000000e+00 0.00000000e+00 0.00000000e+00
 0.00000000e+00 0.00000000e+00 0.00000000e+00 0.00000000e+00
 0.00000000e+00 0.00000000e+00 0.00000000e+00 0.00000000e+00
 0.00000000e+00 0.00000000e+00 0.00000000e+00 0.00000000e+00
 0.00000000e+00 0.00000000e+00 0.00000000e+00 0.00000000e+00
 0.00000000e+00 0.00000000e+00 0.00000000e+00 0.00000000e+00
 0.00000000e+00 0.00000000e+00 0.00000000e+00 0.00000000e+00
 0.00000000e+00 0.00000000e+00 0.00000000e+00 0.00000000e+00
 0.00000000e+00 0.00000000e+00 0.00000000e+00 0.00000000e+00
 0.00000000e+00 0.00000000e+00 0.00000000e+00 0.00000000e+00
 0.00000000e+00 0.00000000e+00 0.00000000e+00 0.00000000e+00
 0.00000000e+00 0.00000000e+00 0.00000000e+00 0.00000000e+00
 0.00000000e+00 0.00000000e+00 0.00000000e+00 0.00000000e+00
 0.00000000e+00 0.00000000e+00 0.00000000e+00 0.00000000e+00
 3.20273319e+00 1.00000000e+00 3.21199143e-03 3.75630660e+00
 4.81251253e-03 0.00000000e+00 0.00000000e+00 0.00000000e+00
 0.00000000e+00 0.00000000e+00 0.00000000e+00 0.00000000e+00
 0.00000000e+00]",Z3,59.526182889938354,timeout (30.0 s),"['Bitwuzla', 'Z3', 'MathSAT', 'CVC4', 'BOOLECTOR', 'YICES']","[29.474472999572754, 30]"
./tmp/QF_AUFBV/com.galois.ecc.P384ECC64.mod_div14.short.smt2,"[0.         0.268989   1.         0.         0.         0.
 0.         0.23918855 0.         0.         0.         0.
 0.         0.         1.         0.         0.         0.
 0.         0.         0.         0.         0.         0.
 0.         0.         0.         0.         0.         0.
 0.         0.94545455 1.         0.         0.         0.
 0.         1.3        0.         0.23423423 1.3        0.16497462
 0.15324165 0.         0.21543561 0.         0.06406571 0.17007359
 0.54819277 1.70219715 0.         0.29321545 2.67602339 0.0362117
 0.2        0.01446051 0.02090993 0.         0.         0.
 0.         0.         0.         0.00667951 0.         0.
 0.         0.         0.         0.         4.87499999 0.
 0.         0.         0.         0.         0.12149533 0.
 0.         0.         0.35454545 0.         0.         0.
 0.         0.         0.         0.         0.         0.
 0.         0.         0.         0.         0.         0.
 0.         0.         0.         0.         0.         0.
 0.         0.         0.         0.         0.         0.
 0.         0.         0.         0.         0.         0.
 0.         0.         0.         0.         0.         0.
 0.         0.         0.         0.         0.         0.
 0.         0.         0.         0.         0.         0.
 0.         0.         0.         0.         0.         0.
 0.         0.         0.         0.         0.         0.
 0.         0.         0.         0.         0.24337805 1.
 0.26753179 0.13856614 0.25054081 0.         0.         0.
 0.         0.         0.17007359 0.         0.22974963]",Bitwuzla,0.20744872093200684,unsat,"['Bitwuzla', 'YICES', 'Z3', 'MathSAT', 'CVC4', 'BOOLECTOR']",[0.19960808753967285]
./tmp/QF_AUFBV/com.galois.ecc.P384ECC64.ec_full_add1.short.smt2,"[0.         0.34512709 1.         0.         0.         0.
 0.         0.15889303 0.         0.         0.         0.
 0.         0.         1.         0.         0.         0.
 0.         0.         0.         0.         0.         0.
 0.         0.         0.         0.         0.         0.
 0.         0.94915254 1.         0.         0.         0.
 0.         2.33333333 0.         0.24778761 1.27272727 0.1754386
 0.08203125 0.         0.26915575 0.         0.04013104 0.14724919
 0.90704225 0.88765295 0.         0.21882771 0.60324566 0.
 0.21212121 0.01111464 0.00964409 0.         0.         0.
 0.         0.         0.         0.         0.         0.
 0.         0.         0.         0.         0.         0.
 0.         0.         0.         0.         0.         0.
 0.         0.         0.         0.         0.         0.
 0.         0.         0.         0.         0.         0.
 0.         0.         0.         0.         0.         0.
 0.         0.         0.         0.         0.         0.
 0.         0.         0.         0.         0.         0.
 0.         0.         0.         0.         0.         0.
 0.         0.         0.         0.         0.         0.
 0.         0.         0.         0.         0.         0.
 0.         0.         0.         0.         0.         0.
 0.         0.         0.         0.         0.         0.
 0.         0.         0.         0.         0.         0.
 0.         0.         0.         0.         0.17204438 1.
 0.34369007 0.1618897  0.15519253 0.         0.         0.
 0.         0.         0.14724919 0.         0.09943597]",Z3,0.07462692260742188,unsat,"['Z3', 'Bitwuzla', 'BOOLECTOR', 'CVC4', 'YICES', 'MathSAT']",[0.06543707847595215]
./tmp/QF_AUFBV/opStructure_MBA_7.smt2,"[0.00000000e+00 1.91570881e-03 9.99999999e-01 0.00000000e+00
 0.00000000e+00 0.00000000e+00 0.00000000e+00 1.63068800e-02
 0.00000000e+00 0.00000000e+00 0.00000000e+00 0.00000000e+00
 0.00000000e+00 0.00000000e+00 9.99999999e-01 0.00000000e+00
 0.00000000e+00 0.00000000e+00 0.00000000e+00 0.00000000e+00
 0.00000000e+00 0.00000000e+00 0.00000000e+00 0.00000000e+00
 0.00000000e+00 0.00000000e+00 0.00000000e+00 0.00000000e+00
 0.00000000e+00 0.00000000e+00 0.00000000e+00 1.17187500e+00
 9.99999999e-01 0.00000000e+00 0.00000000e+00 0.00000000e+00
 4.09429280e-02 0.00000000e+00 3.74999999e+00 0.00000000e+00
 0.00000000e+00 0.00000000e+00 0.00000000e+00 0.00000000e+00
 2.78577398e-03 0.00000000e+00 0.00000000e+00 0.00000000e+00
 2.90055249e-01 1.15894040e-01 0.00000000e+00 3.72076541e-02
 1.74225664e-01 0.00000000e+00 0.00000000e+00 9.52078705e-03
 1.37646249e-02 0.00000000e+00 1.46682828e+01 1.25903133e+01
 0.00000000e+00 0.00000000e+00 1.62037037e-01 0.00000000e+00
 0.00000000e+00 0.00000000e+00 0.00000000e+00 3.89610390e-02
 0.00000000e+00 0.00000000e+00 1.49771603e+01 0.00000000e+00
 0.00000000e+00 0.00000000e+00 0.00000000e+00 0.00000000e+00
 0.00000000e+00 0.00000000e+00 0.00000000e+00 0.00000000e+00
 0.00000000e+00 0.00000000e+00 0.00000000e+00 0.00000000e+00
 0.00000000e+00 0.00000000e+00 0.00000000e+00 0.00000000e+00
 0.00000000e+00 0.00000000e+00 0.00000000e+00 0.00000000e+00
 0.00000000e+00 0.00000000e+00 0.00000000e+00 0.00000000e+00
 0.00000000e+00 0.00000000e+00 0.00000000e+00 0.00000000e+00
 0.00000000e+00 0.00000000e+00 0.00000000e+00 0.00000000e+00
 0.00000000e+00 0.00000000e+00 0.00000000e+00 0.00000000e+00
 0.00000000e+00 0.00000000e+00 0.00000000e+00 0.00000000e+00
 0.00000000e+00 0.00000000e+00 0.00000000e+00 0.00000000e+00
 0.00000000e+00 0.00000000e+00 0.00000000e+00 0.00000000e+00
 0.00000000e+00 0.00000000e+00 0.00000000e+00 0.00000000e+00
 0.00000000e+00 0.00000000e+00 0.00000000e+00 0.00000000e+00
 0.00000000e+00 0.00000000e+00 0.00000000e+00 0.00000000e+00
 0.00000000e+00 0.00000000e+00 0.00000000e+00 1.49999998e+01
 0.00000000e+00 0.00000000e+00 0.00000000e+00 0.00000000e+00
 0.00000000e+00 0.00000000e+00 0.00000000e+00 0.00000000e+00
 0.00000000e+00 0.00000000e+00 0.00000000e+00 0.00000000e+00
 8.03664882e+00 1.00000000e+00 1.91766812e-03 1.04400144e+01
 2.03923092e-02 0.00000000e+00 0.00000000e+00 0.00000000e+00
 0.00000000e+00 0.00000000e+00 0.00000000e+00 0.00000000e+00
 0.00000000e+00]",Z3,2.182586193084717,sat,"['Z3', 'CVC4', 'Bitwuzla', 'BOOLECTOR', 'YICES', 'MathSAT']",[1.9897210597991943]
./tmp/QF_AUFBV/opStructure_NPT_2.smt2,"[0.         0.00204316 1.         0.         0.         0.
 0.         0.00496817 0.         0.         0.         0.
 0.         0.         1.         0.         0.         0.
 0.         0.         0.         0.         0.         0.
 0.         0.         0.         0.         0.         0.
 0.         1.15942029 1.         0.         0.         0.
 0.03960396 0.         0.         0.         0.         0.04
 0.         0.         0.00297094 0.         0.         0.
 0.08791209 0.03524229 0.         0.01133144 0.05292172 0.
 0.         0.         0.         0.         0.00315859 0.00639131
 0.         0.         0.         0.01847575 0.         0.
 0.         0.         0.         0.         0.         0.
 0.         0.         0.         0.         0.         0.
 0.         0.         0.         0.         0.         0.
 0.         0.         0.         0.         0.         0.
 0.         0.         0.         0.         0.         0.
 0.         0.         0.         0.         0.         0.
 0.         0.         0.         0.         0.         0.
 0.         0.         0.         0.         0.         0.
 0.         0.         0.         0.         0.         0.
 0.         0.         0.         0.         0.         0.
 0.         0.         0.         0.         0.         0.
 0.         0.         0.         0.         0.         0.
 0.         0.         0.         0.         0.         0.
 0.         0.         0.         0.         0.00877335 1.
 0.00408998 0.00595878 0.00621239 0.         0.         0.
 0.         0.         0.         0.         0.        ]",YICES,30.154828786849976,sat,"['CVC4', 'YICES', 'Z3', 'Bitwuzla', 'MathSAT', 'BOOLECTOR']","[30, 0.15368890762329102]"
./tmp/QF_AUFBV/com.galois.ecc.P384ECC64.signHash4.short.smt2,"[0.         2.39152859 1.         0.         0.         0.
 0.         2.45663435 0.         0.         0.         0.
 0.         0.         1.         0.         0.         0.
 0.         0.         0.         0.         0.         0.
 0.         0.         0.         0.         0.         0.
 0.         0.93150685 1.         0.         0.         0.
 0.         1.30769231 0.         4.57974138 1.41666666 4.59124088
 3.46345257 0.         2.01579378 0.         0.8529755  4.1799878
 2.37115839 2.02812803 0.         2.01155167 1.76383399 0.09418283
 4.64317181 0.39007752 0.49599109 3.07874016 0.         0.
 0.         0.         0.         0.         3.48192771 0.
 0.         0.         0.         0.         0.02907087 0.
 0.         0.         0.         0.         0.         0.
 0.         0.         7.74257426 0.         0.         0.
 0.         0.         0.         0.         0.         0.
 0.         0.         0.         0.         0.         0.
 0.         0.         0.         0.         0.         0.
 0.         0.         0.         0.         0.         0.
 0.         0.         0.         0.         0.         0.
 0.         0.         0.         0.         0.         0.
 0.         0.         0.         0.         0.         0.
 0.         0.         0.         0.         0.         0.
 0.         0.         0.         0.         0.         0.
 0.         0.         0.         0.         0.         0.
 0.         0.         0.         0.         0.57015572 1.
 2.39176277 0.33318218 1.96187532 0.         0.         0.
 0.         0.         4.1799878  0.         1.92981481]",BOOLECTOR,4.020323753356934,unsat,"['BOOLECTOR', 'Z3', 'Bitwuzla', 'MathSAT', 'YICES', 'CVC4']",[3.9702558517456055]
./tmp/QF_AUFBV/com.galois.ecc.P384ECC64.signHash5.short.smt2,"[0.         2.14977292 1.         0.         0.         0.
 0.         2.18830942 0.         0.         0.         0.
 0.         0.         1.         0.         0.         0.
 0.         0.         0.         0.         0.         0.
 0.         0.         0.         0.         0.         0.
 0.         0.93506493 1.         0.         0.         0.
 0.         1.28571428 0.         3.77172061 1.38461538 3.68359942
 2.91003911 0.         1.84310269 0.         0.80906389 3.43830207
 2.2033195  1.91854419 0.         1.83683768 1.69203223 0.09917355
 3.8125     0.38507055 0.48374512 2.76       0.         0.
 0.         0.         0.         0.         2.10638298 0.
 0.         0.         0.         0.         0.02049725 0.
 0.         0.         0.         0.         0.         0.
 0.         0.         5.63265306 0.         0.         0.
 0.         0.         0.         0.         0.         0.
 0.         0.         0.         0.         0.         0.
 0.         0.         0.         0.         0.         0.
 0.         0.         0.         0.         0.         0.
 0.         0.         0.         0.         0.         0.
 0.         0.         0.         0.         0.         0.
 0.         0.         0.         0.         0.         0.
 0.         0.         0.         0.         0.         0.
 0.         0.         0.         0.         0.         0.
 0.         0.         0.         0.         0.         0.
 0.         0.         0.         0.         0.56519859 1.
 2.14990329 0.33334682 1.787471   0.         0.         0.
 0.         0.         3.43830207 0.         1.75396958]",Z3,1.5842440128326416,unsat,"['Bitwuzla', 'Z3', 'MathSAT', 'BOOLECTOR', 'CVC4', 'YICES']","[1, 0.5397729873657227]"
./tmp/QF_AUFBV/com.galois.ecc.P384ECC64.mod_div10.short.smt2,"[0.         0.23570951 1.         0.         0.         0.
 0.         0.19526559 0.         0.         0.         0.
 0.         0.         1.         0.         0.         0.
 0.         0.         0.         0.         0.         0.
 0.         0.         0.         0.         0.         0.
 0.         0.9382716  1.         0.         0.         0.
 0.         1.26666667 0.         0.09661017 1.35714286 0.05499276
 0.12305699 0.         0.1961326  0.         0.06330989 0.08402948
 0.53629032 1.61221253 0.         0.27300359 2.5161165  0.
 0.06574394 0.00864422 0.02056722 0.         0.         0.
 0.         0.         0.         0.0073105  0.         0.
 0.         0.         0.         0.         0.00720926 0.
 0.         0.         0.         0.         0.         0.
 0.         0.         0.12837838 0.         0.         0.
 0.         0.         0.         0.         0.         0.
 0.         0.         0.         0.         0.         0.
 0.         0.         0.         0.         0.         0.
 0.         0.         0.         0.         0.         0.
 0.         0.         0.         0.         0.         0.
 0.         0.         0.         0.         0.         0.
 0.         0.         0.         0.         0.         0.
 0.         0.         0.         0.         0.         0.
 0.         0.         0.         0.         0.         0.
 0.         0.         0.         0.         0.         0.
 0.         0.         0.         0.         0.13615206 1.
 0.23411978 0.04950969 0.22363192 0.         0.         0.
 0.         0.         0.08402948 0.         0.19798214]",Bitwuzla,0.05507493019104004,unsat,"['Bitwuzla', 'Z3', 'YICES', 'CVC4', 'MathSAT', 'BOOLECTOR']",[0.048774003982543945]
./tmp/QF_AUFBV/com.galois.ecc.P384ECC64.group_red1.short.smt2,"[0.00000000e+00 3.76404494e-01 9.99999999e-01 0.00000000e+00
 0.00000000e+00 0.00000000e+00 0.00000000e+00 4.47053511e-01
 0.00000000e+00 0.00000000e+00 0.00000000e+00 0.00000000e+00
 0.00000000e+00 0.00000000e+00 9.99999999e-01 0.00000000e+00
 0.00000000e+00 0.00000000e+00 0.00000000e+00 0.00000000e+00
 0.00000000e+00 0.00000000e+00 0.00000000e+00 0.00000000e+00
 0.00000000e+00 0.00000000e+00 0.00000000e+00 0.00000000e+00
 0.00000000e+00 0.00000000e+00 0.00000000e+00 9.41176470e-01
 9.99999999e-01 0.00000000e+00 0.00000000e+00 0.00000000e+00
 0.00000000e+00 1.25000000e+00 0.00000000e+00 3.33333333e-01
 1.33333333e+00 3.41394026e-01 5.05050505e-01 0.00000000e+00
 3.54184519e-01 0.00000000e+00 1.76146789e-01 3.94990366e-01
 4.02414487e-02 6.32411067e-02 0.00000000e+00 4.40481016e-01
 8.50734725e-02 1.52671756e+00 3.06643952e-01 3.63306085e-02
 8.62254796e-02 1.92771084e+00 1.09667160e-03 0.00000000e+00
 0.00000000e+00 0.00000000e+00 0.00000000e+00 0.00000000e+00
 0.00000000e+00 0.00000000e+00 0.00000000e+00 0.00000000e+00
 0.00000000e+00 0.00000000e+00 4.54287337e-02 0.00000000e+00
 0.00000000e+00 0.00000000e+00 0.00000000e+00 0.00000000e+00
 0.00000000e+00 4.99999997e+00 0.00000000e+00 0.00000000e+00
 1.34228188e-01 0.00000000e+00 0.00000000e+00 0.00000000e+00
 0.00000000e+00 0.00000000e+00 0.00000000e+00 0.00000000e+00
 0.00000000e+00 0.00000000e+00 0.00000000e+00 0.00000000e+00
 0.00000000e+00 0.00000000e+00 0.00000000e+00 0.00000000e+00
 0.00000000e+00 0.00000000e+00 0.00000000e+00 0.00000000e+00
 0.00000000e+00 0.00000000e+00 0.00000000e+00 0.00000000e+00
 0.00000000e+00 0.00000000e+00 0.00000000e+00 0.00000000e+00
 0.00000000e+00 0.00000000e+00 0.00000000e+00 0.00000000e+00
 0.00000000e+00 0.00000000e+00 0.00000000e+00 0.00000000e+00
 0.00000000e+00 0.00000000e+00 0.00000000e+00 0.00000000e+00
 0.00000000e+00 0.00000000e+00 0.00000000e+00 0.00000000e+00
 0.00000000e+00 0.00000000e+00 0.00000000e+00 0.00000000e+00
 0.00000000e+00 0.00000000e+00 0.00000000e+00 0.00000000e+00
 0.00000000e+00 0.00000000e+00 0.00000000e+00 0.00000000e+00
 0.00000000e+00 0.00000000e+00 0.00000000e+00 0.00000000e+00
 0.00000000e+00 0.00000000e+00 0.00000000e+00 0.00000000e+00
 0.00000000e+00 0.00000000e+00 0.00000000e+00 0.00000000e+00
 1.04770828e-01 1.00000000e+00 3.74917987e-01 6.88268413e-02
 4.65810690e-01 0.00000000e+00 0.00000000e+00 0.00000000e+00
 0.00000000e+00 0.00000000e+00 3.94990366e-01 0.00000000e+00
 4.99919368e-01]",YICES,1.3987202644348145,unsat,"['YICES', 'Z3', 'CVC4', 'MathSAT', 'Bitwuzla', 'BOOLECTOR']",[1.388655185699463]
./tmp/QF_AUFBV/com.galois.ecc.P384ECC64.ec_twin_mul_init2.short.smt2,"[0.         0.75629569 1.         0.         0.         0.
 0.         0.39087082 0.         0.         0.         0.
 0.         0.         1.         0.         0.         0.
 0.         0.         0.         0.         0.         0.
 0.         0.         0.         0.         0.         0.
 0.         0.94382022 1.         0.         0.         0.
 0.         1.23529412 0.         0.3442623  1.3125     0.23628692
 0.41584158 0.         0.63830229 0.         0.13019694 0.32859175
 2.12658228 1.56693489 0.         0.54986842 0.87175686 0.41895262
 0.31711409 0.02540067 0.07218045 0.25       0.         0.
 0.         0.         0.         0.         0.         0.
 0.         0.         0.         0.         0.         0.
 0.         0.         0.         0.         0.         0.
 0.         0.         0.         0.         0.         0.
 0.         0.         0.         0.         0.         0.
 0.         0.         0.         0.         0.         0.
 0.         0.         0.         0.         0.         0.
 0.         0.         0.         0.         0.         0.
 0.         0.         0.         0.         0.         0.
 0.         0.         0.         0.         0.         0.
 0.         0.         0.         0.         0.         0.
 0.         0.         0.         0.         0.         0.
 0.         0.         0.         0.         0.         0.
 0.         0.         0.         0.         0.         0.
 0.         0.         0.         0.         0.21632789 1.
 0.75521822 0.13104543 0.40585652 0.         0.         0.
 0.         0.         0.32859175 0.         0.25426159]",Z3,0.07647514343261719,unsat,"['Z3', 'MathSAT', 'Bitwuzla', 'CVC4', 'YICES', 'BOOLECTOR']",[0.061430931091308594]
./tmp/QF_AUFBV/com.galois.ecc.P384ECC64.ec_twin_mul_aux12.short.smt2,"[0.         2.37062092 1.         0.         0.         0.
 0.         2.48815958 0.         0.         0.         0.
 0.         0.         1.         0.         0.         0.
 0.         0.         0.         0.         0.         0.
 0.         0.         0.         0.         0.         0.
 0.         0.94623656 1.         0.         0.         0.
 0.         1.22222222 0.         2.91038407 1.29411765 2.71270037
 3.95329949 0.         2.40056748 0.         1.28434066 3.27602906
 1.82421227 1.40136986 0.         2.18252934 1.13673111 5.90145985
 2.94186047 0.32767352 0.80587748 0.25882353 0.         0.
 0.         0.         0.         0.         0.         0.
 0.         0.         0.         0.         0.         0.
 0.         0.         0.         0.         0.         0.
 0.         0.         0.         0.         0.         0.
 0.         0.         0.         0.         0.         0.
 0.         0.         0.         0.         0.         0.
 0.         0.         0.         0.         0.         0.
 0.         0.         0.         0.         0.         0.
 0.         0.         0.         0.         0.         0.
 0.         0.         0.         0.         0.         0.
 0.         0.         0.         0.         0.         0.
 0.         0.         0.         0.         0.         0.
 0.         0.         0.         0.         0.         0.
 0.         0.         0.         0.         0.         0.
 0.         0.         0.         0.         0.69993595 1.
 2.37133183 0.45897644 2.25233276 0.         0.         0.
 0.         0.         3.27602906 0.         2.2891807 ]",MathSAT,0.7515270709991455,unsat,"['MathSAT', 'Z3', 'Bitwuzla', 'CVC4', 'BOOLECTOR', 'YICES']",[0.7024929523468018]
./tmp/QF_AUFBV/com.galois.ecc.P384ECC64.ec_mul_aux3.short.smt2,"[ 0.          5.08562288  1.          0.          0.          0.
  0.          5.7317595   0.          0.          0.          0.
  0.          0.          1.          0.          0.          0.
  0.          0.          0.          0.          0.          0.
  0.          0.          0.          0.          0.          0.
  0.          0.94845361  1.          0.          0.          0.
  0.          1.21052631  0.          2.71267252  1.27777778  3.13525027
  2.66337522  0.          5.94644409  0.          9.52394366  2.84653465
  1.39719626  0.95141169  0.          6.13919541  1.19560147  4.83861671
  2.79054917  0.86064516  0.6025796   7.36        0.          0.
  0.          0.          0.02363823  0.28837386  6.62121212  0.
  0.          0.          0.          0.          0.          0.
  0.          0.          0.          0.         11.22488038  0.
  0.          0.          3.52840909  0.          0.          0.
  0.          0.          0.          0.          0.          0.
  0.          0.          0.          0.          0.          0.
  0.          0.          0.          0.          0.          0.
  0.          0.          0.          0.          0.          0.
  0.          0.          0.          0.          0.          0.
  0.          0.          0.          0.          0.          0.
  0.          0.          0.          0.          0.          0.
  0.          0.          0.          0.          0.          0.
  0.          0.          0.          0.          0.          0.
  0.          0.          0.          0.          0.          0.
  0.          0.          0.          0.          2.02022844  1.
  5.08864892  1.13025567  6.54269325  0.          0.          0.
  0.          0.          2.84653465  0.          6.87329864]",YICES,0.33803701400756836,unsat,"['YICES', 'Bitwuzla', 'MathSAT', 'BOOLECTOR', 'CVC4', 'Z3']",[0.20838189125061035]
./tmp/QF_AUFBV/com.galois.ecc.P384ECC64.mod_div1.short.smt2,"[0.         0.22814539 1.         0.         0.         0.
 0.         0.19667813 0.         0.         0.         0.
 0.         0.         1.         0.         0.         0.
 0.         0.         0.         0.         0.         0.
 0.         0.         0.         0.         0.         0.
 0.         0.95049505 1.         0.         0.         0.
 0.         1.2        0.         0.14962594 1.26315789 0.10180276
 0.12857143 0.         0.18515997 0.         0.05300141 0.1182266
 0.51219512 1.66111536 0.         0.25174104 2.58977408 0.03453237
 0.12198221 0.02062742 0.03380962 0.         0.         0.
 0.         0.         0.         0.0121519  0.         0.
 0.         0.         0.         0.         0.00908231 0.
 0.         0.         0.         0.         0.11428571 0.
 0.         0.         0.13559322 0.         0.         0.
 0.         0.         0.         0.         0.         0.
 0.         0.         0.         0.         0.         0.
 0.         0.         0.         0.         0.         0.
 0.         0.         0.         0.         0.         0.
 0.         0.         0.         0.         0.         0.
 0.         0.         0.         0.         0.         0.
 0.         0.         0.         0.         0.         0.
 0.         0.         0.         0.         0.         0.
 0.         0.         0.         0.         0.         0.
 0.         0.         0.         0.         0.         0.
 0.         0.         0.         0.         0.16551616 1.
 0.22686567 0.06602738 0.21250816 0.         0.         0.
 0.         0.         0.1182266  0.         0.19299116]",CVC4,0.3070976734161377,unsat,"['CVC4', 'Bitwuzla', 'YICES', 'MathSAT', 'BOOLECTOR', 'Z3']",[0.29802799224853516]
./tmp/QF_AUFBV/com.galois.ecc.P384ECC64.ec_twin_mul_aux1.short.smt2,"[0.         1.91877474 1.         0.         0.         0.
 0.         1.94189499 0.         0.         0.         0.
 0.         0.         1.         0.         0.         0.
 0.         0.         0.         0.         0.         0.
 0.         0.         0.         0.         0.         0.
 0.         0.95238095 1.         0.         0.         0.
 0.         1.19047619 0.         2.59776536 1.25       2.39693193
 3.41171935 0.         1.85788103 0.         0.82508251 2.87293678
 1.77053824 1.34451352 0.         1.67829644 1.04671034 4.36460808
 2.61660978 0.35305748 0.85989118 0.1984127  0.         0.
 0.         0.         0.         0.         0.         0.
 0.         0.         0.         0.         0.         0.
 0.         0.         0.         0.         0.         0.
 0.         0.         0.         0.         0.         0.
 0.         0.         0.         0.         0.         0.
 0.         0.         0.         0.         0.         0.
 0.         0.         0.         0.         0.         0.
 0.         0.         0.         0.         0.         0.
 0.         0.         0.         0.         0.         0.
 0.         0.         0.         0.         0.         0.
 0.         0.         0.         0.         0.         0.
 0.         0.         0.         0.         0.         0.
 0.         0.         0.         0.         0.         0.
 0.         0.         0.         0.         0.         0.
 0.         0.         0.         0.         0.70033109 1.
 1.91910203 0.48497513 1.69230101 0.         0.         0.
 0.         0.         2.87293678 0.         1.68718756]",MathSAT,0.7428569793701172,unsat,"['MathSAT', 'CVC4', 'Z3', 'Bitwuzla', 'BOOLECTOR', 'YICES']",[0.6925909519195557]
./tmp/QF_AUFBV/com.galois.ecc.P384ECC64.ec_full_sub1.short.smt2,"[0.         0.17921841 1.         0.         0.         0.
 0.         0.09963025 0.         0.         0.         0.
 0.         0.         1.         0.         0.         0.
 0.         0.         0.         0.         0.         0.
 0.         0.         0.         0.         0.         0.
 0.         0.95412844 1.         0.         0.         0.
 0.         2.26086956 0.         0.05797101 1.23809524 0.02490421
 0.04003079 0.         0.14014123 0.         0.03025015 0.03234837
 0.61134163 0.68796622 0.         0.1492823  0.77590495 0.12293144
 0.02954545 0.00367128 0.01010101 0.1027668  0.         0.
 0.         0.         0.         0.         0.         0.
 0.         0.         0.         0.         0.00983545 0.
 0.         0.         0.         0.         0.         0.
 0.         0.         0.         0.         0.         0.
 0.         0.         0.         0.         0.         0.
 0.         0.         0.         0.         0.         0.
 0.         0.         0.         0.         0.         0.
 0.         0.         0.         0.         0.         0.
 0.         0.         0.         0.         0.         0.
 0.         0.         0.         0.         0.         0.
 0.         0.         0.         0.         0.         0.
 0.         0.         0.         0.         0.         0.
 0.         0.         0.         0.         0.         0.
 0.         0.         0.         0.         0.         0.
 0.         0.         0.         0.         0.08768044 1.
 0.17790956 0.05798424 0.11695502 0.         0.         0.
 0.         0.         0.03234837 0.         0.08397158]",Bitwuzla,0.15143322944641113,unsat,"['Bitwuzla', 'Z3', 'MathSAT', 'BOOLECTOR', 'YICES', 'CVC4']",[0.14511513710021973]
./tmp/QF_AUFBV/com.galois.ecc.P384ECC64.ec_mul_aux2.short.smt2,"[0.         4.51515727 1.         0.         0.         0.
 0.         4.99676765 0.         0.         0.         0.
 0.         0.         1.         0.         0.         0.
 0.         0.         0.         0.         0.         0.
 0.         0.         0.         0.         0.         0.
 0.         0.95575221 1.         0.         0.         0.
 0.         1.125      0.         2.56104944 1.22727273 2.94880546
 2.43907563 0.         5.15889272 0.         7.7014553  2.65077139
 1.38188976 0.92483349 0.         5.31283628 1.11576159 3.97379032
 2.63076923 0.9596895  0.66502463 6.48648649 0.         0.
 0.         0.         0.02772074 0.33416677 6.03529412 0.
 0.         0.         0.         0.         0.         0.
 0.         0.         0.         0.         8.82692308 0.
 0.         0.         3.57352941 0.         0.         0.
 0.         0.         0.         0.         0.         0.
 0.         0.         0.         0.         0.         0.
 0.         0.         0.         0.         0.         0.
 0.         0.         0.         0.         0.         0.
 0.         0.         0.         0.         0.         0.
 0.         0.         0.         0.         0.         0.
 0.         0.         0.         0.         0.         0.
 0.         0.         0.         0.         0.         0.
 0.         0.         0.         0.         0.         0.
 0.         0.         0.         0.         0.         0.
 0.         0.         0.         0.         2.10375113 1.
 4.5177342  1.23537534 5.59993144 0.         0.         0.
 0.         0.         2.65077139 0.         5.83245316]",Bitwuzla,0.5330941677093506,unsat,"['Bitwuzla', 'MathSAT', 'YICES', 'CVC4', 'Z3', 'BOOLECTOR']",[0.3896059989929199]
./tmp/QF_AUFBV/com.galois.ecc.P384ECC64.sq_inner12.short.smt2,"[0.00000000e+00 9.26757766e-02 9.99999999e-01 0.00000000e+00
 0.00000000e+00 0.00000000e+00 0.00000000e+00 3.82974067e-02
 0.00000000e+00 0.00000000e+00 0.00000000e+00 0.00000000e+00
 0.00000000e+00 0.00000000e+00 9.99999999e-01 0.00000000e+00
 0.00000000e+00 0.00000000e+00 0.00000000e+00 0.00000000e+00
 0.00000000e+00 0.00000000e+00 0.00000000e+00 0.00000000e+00
 0.00000000e+00 0.00000000e+00 0.00000000e+00 0.00000000e+00
 0.00000000e+00 0.00000000e+00 0.00000000e+00 9.57264957e-01
 9.99999999e-01 0.00000000e+00 0.00000000e+00 0.00000000e+00
 0.00000000e+00 1.12000000e+00 0.00000000e+00 5.63947633e-02
 1.21739130e+00 4.77001704e-02 0.00000000e+00 0.00000000e+00
 6.60911789e-02 0.00000000e+00 1.55146142e-02 2.35426009e-02
 1.09803922e-01 2.75100942e-01 1.39999998e+01 5.01278772e-02
 1.69562928e-01 7.68627451e-01 2.86885246e-02 1.14347944e-02
 0.00000000e+00 0.00000000e+00 3.07064681e-04 0.00000000e+00
 0.00000000e+00 0.00000000e+00 7.18501411e-03 0.00000000e+00
 0.00000000e+00 0.00000000e+00 0.00000000e+00 0.00000000e+00
 0.00000000e+00 0.00000000e+00 0.00000000e+00 0.00000000e+00
 0.00000000e+00 0.00000000e+00 0.00000000e+00 0.00000000e+00
 8.94568690e-02 5.59999997e+00 0.00000000e+00 0.00000000e+00
 0.00000000e+00 0.00000000e+00 0.00000000e+00 0.00000000e+00
 9.33333332e+00 0.00000000e+00 0.00000000e+00 0.00000000e+00
 0.00000000e+00 0.00000000e+00 0.00000000e+00 0.00000000e+00
 0.00000000e+00 0.00000000e+00 0.00000000e+00 0.00000000e+00
 0.00000000e+00 0.00000000e+00 0.00000000e+00 0.00000000e+00
 0.00000000e+00 0.00000000e+00 0.00000000e+00 0.00000000e+00
 0.00000000e+00 0.00000000e+00 0.00000000e+00 0.00000000e+00
 0.00000000e+00 0.00000000e+00 0.00000000e+00 0.00000000e+00
 0.00000000e+00 0.00000000e+00 0.00000000e+00 0.00000000e+00
 0.00000000e+00 0.00000000e+00 0.00000000e+00 0.00000000e+00
 0.00000000e+00 0.00000000e+00 0.00000000e+00 0.00000000e+00
 0.00000000e+00 0.00000000e+00 0.00000000e+00 0.00000000e+00
 0.00000000e+00 0.00000000e+00 0.00000000e+00 0.00000000e+00
 0.00000000e+00 0.00000000e+00 0.00000000e+00 0.00000000e+00
 0.00000000e+00 0.00000000e+00 0.00000000e+00 0.00000000e+00
 0.00000000e+00 0.00000000e+00 0.00000000e+00 0.00000000e+00
 0.00000000e+00 0.00000000e+00 0.00000000e+00 0.00000000e+00
 4.25723045e-02 1.00000000e+00 9.14339801e-02 3.83328473e-02
 4.02574285e-02 0.00000000e+00 0.00000000e+00 0.00000000e+00
 0.00000000e+00 0.00000000e+00 2.35426009e-02 0.00000000e+00
 3.64135539e-02]",Z3,0.08778786659240723,sat,"['Z3', 'BOOLECTOR', 'YICES', 'MathSAT', 'CVC4', 'Bitwuzla']",[0.08272981643676758]
./tmp/QF_AUFBV/com.galois.ecc.P384ECC64.ec_full_sub2.short.smt2,"[0.         0.16497414 1.         0.         0.         0.
 0.         0.09015544 0.         0.         0.         0.
 0.         0.         1.         0.         0.         0.
 0.         0.         0.         0.         0.         0.
 0.         0.         0.         0.         0.         0.
 0.         0.95867769 1.         0.         0.         0.
 0.         2.14814815 0.         0.05829146 1.20833333 0.02468085
 0.04055944 0.         0.12560013 0.         0.02408304 0.0324748
 0.63043478 0.71567341 0.         0.13289206 0.80184332 0.11328125
 0.0296827  0.00394719 0.01098485 0.08682635 0.         0.
 0.         0.         0.         0.         0.         0.
 0.         0.         0.         0.         0.01096616 0.
 0.         0.         0.         0.         0.         0.
 0.         0.         0.         0.         0.         0.
 0.         0.         0.         0.         0.         0.
 0.         0.         0.         0.         0.         0.
 0.         0.         0.         0.         0.         0.
 0.         0.         0.         0.         0.         0.
 0.         0.         0.         0.         0.         0.
 0.         0.         0.         0.         0.         0.
 0.         0.         0.         0.         0.         0.
 0.         0.         0.         0.         0.         0.
 0.         0.         0.         0.         0.         0.
 0.         0.         0.         0.         0.         0.
 0.         0.         0.         0.         0.08976155 1.
 0.16376471 0.06150037 0.10287897 0.         0.         0.
 0.         0.         0.0324748  0.         0.07314788]",Bitwuzla,0.14126825332641602,unsat,"['Bitwuzla', 'BOOLECTOR', 'MathSAT', 'CVC4', 'Z3', 'YICES']",[0.13594818115234375]
./tmp/QF_AUFBV/com.galois.ecc.P384ECC64.ec_full_add2.short.smt2,"[0.         0.47337004 1.         0.         0.         0.
 0.         0.35889422 0.         0.         0.         0.
 0.         0.         1.         0.         0.         0.
 0.         0.         0.         0.         0.         0.
 0.         0.         0.         0.         0.         0.
 0.         0.96       1.         0.         0.         0.
 0.         1.07142857 0.         0.53307009 1.2        0.4526404
 0.61643836 0.         0.41421098 0.         0.13228607 0.53615617
 0.85714286 1.0488979  0.         0.35098755 0.91586001 0.17475728
 0.51307847 0.07331976 0.16949153 0.         0.         0.
 0.         0.         0.         0.         0.         0.
 0.         0.         0.         0.         0.         0.
 0.         0.         0.         0.         0.         0.
 0.         0.         0.         0.         0.         0.
 0.         0.         0.         0.         0.         0.
 0.         0.         0.         0.         0.         0.
 0.         0.         0.         0.         0.         0.
 0.         0.         0.         0.         0.         0.
 0.         0.         0.         0.         0.         0.
 0.         0.         0.         0.         0.         0.
 0.         0.         0.         0.         0.         0.
 0.         0.         0.         0.         0.         0.
 0.         0.         0.         0.         0.         0.
 0.         0.         0.         0.         0.         0.
 0.         0.         0.         0.         0.21749028 1.
 0.47244094 0.14459251 0.3099048  0.         0.         0.
 0.         0.         0.53615617 0.         0.27845209]",Z3,0.07179379463195801,unsat,"['Z3', 'Bitwuzla', 'MathSAT', 'BOOLECTOR', 'CVC4', 'YICES']",[0.05696988105773926]
./tmp/QF_AUFBV/opStructure_NPT_1.smt2,"[0.         0.00143439 1.         0.         0.         0.
 0.         0.0033407  0.         0.         0.         0.
 0.         0.         1.         0.         0.         0.
 0.         0.         0.         0.         0.         0.
 0.         0.         0.         0.         0.         0.
 0.         1.19230769 1.         0.         0.         0.
 0.12989894 0.         0.         0.         0.         0.02596315
 0.         0.         0.00205271 0.         0.         0.
 0.07682776 0.03138446 0.         0.00779776 0.04609665 0.
 0.         0.         0.         0.         0.01019558 0.02103708
 0.         0.         0.         0.05802346 0.         0.
 0.         0.         0.         0.         0.         0.
 0.         0.         0.         0.         0.         0.
 0.         0.         0.         0.         0.         0.
 0.         0.         0.         0.         0.         0.
 0.         0.         0.         0.         0.         0.
 0.         0.         0.         0.         0.         0.
 0.         0.         0.         0.         0.         0.
 0.         0.         0.         0.         0.         0.
 0.         0.         0.         0.         0.         0.
 0.         0.         0.         0.         0.         0.
 0.         0.         0.         0.         0.         0.
 0.         0.         0.         0.         0.         0.
 0.         0.         0.         0.         0.         0.
 0.         0.         0.         0.         0.01673664 1.
 0.00287143 0.01323148 0.00418551 0.         0.         0.
 0.         0.         0.         0.         0.        ]",YICES,60.00108861923218,timeout (30.0 s),"['Z3', 'YICES', 'Bitwuzla', 'BOOLECTOR', 'MathSAT', 'CVC4']","[30, 30]"
./tmp/QF_AUFBV/com.galois.ecc.P384ECC64.signHash3.short.smt2,"[0.         1.9128165  1.         0.         0.         0.
 0.         1.91296418 0.         0.         0.         0.
 0.         0.         1.         0.         0.         0.
 0.         0.         0.         0.         0.         0.
 0.         0.         0.         0.         0.         0.
 0.         0.95522388 1.         0.         0.         0.
 0.         1.10344827 0.         3.56491228 1.23076923 3.63474388
 3.14268067 0.         1.58116699 0.         0.63956786 3.4395092
 2.18013857 1.87562545 0.         1.56008853 1.58303887 0.0620155
 3.6        0.65123703 0.93033461 2.06162465 0.         0.
 0.         0.         0.         0.         1.94475138 0.
 0.         0.         0.         0.         0.03626062 0.
 0.         0.         0.         0.         0.         0.
 0.         0.         6.45009785 0.         0.         0.
 0.         0.         0.         0.         0.         0.
 0.         0.         0.         0.         0.         0.
 0.         0.         0.         0.         0.         0.
 0.         0.         0.         0.         0.         0.
 0.         0.         0.         0.         0.         0.
 0.         0.         0.         0.         0.         0.
 0.         0.         0.         0.         0.         0.
 0.         0.         0.         0.         0.         0.
 0.         0.         0.         0.         0.         0.
 0.         0.         0.         0.         0.         0.
 0.         0.         0.         0.         0.82053926 1.
 1.91317222 0.55051109 1.50096513 0.         0.         0.
 0.         0.         3.4395092  0.         1.46088853]",Z3,1.7828328609466553,unsat,"['Bitwuzla', 'Z3', 'CVC4', 'MathSAT', 'YICES', 'BOOLECTOR']","[1, 0.7284140586853027]"
./tmp/QF_AUFBV/com.galois.ecc.P384ECC64.ec_full_sub3.short.smt2,"[0.         0.17280478 1.         0.         0.         0.
 0.         0.0950192  0.         0.         0.         0.
 0.         0.         1.         0.         0.         0.
 0.         0.         0.         0.         0.         0.
 0.         0.         0.         0.         0.         0.
 0.         0.95652174 1.         0.         0.         0.
 0.         2.12903226 0.         0.05779335 1.22222222 0.02448071
 0.04071561 0.         0.13343573 0.         0.02671704 0.03236087
 0.63533409 0.72290841 0.         0.14152123 0.81874569 0.12741313
 0.029438   0.00438888 0.01206361 0.09217877 0.         0.
 0.         0.         0.         0.         0.         0.
 0.         0.         0.         0.         0.01245988 0.
 0.         0.         0.         0.         0.         0.
 0.         0.         0.         0.         0.         0.
 0.         0.         0.         0.         0.         0.
 0.         0.         0.         0.         0.         0.
 0.         0.         0.         0.         0.         0.
 0.         0.         0.         0.         0.         0.
 0.         0.         0.         0.         0.         0.
 0.         0.         0.         0.         0.         0.
 0.         0.         0.         0.         0.         0.
 0.         0.         0.         0.         0.         0.
 0.         0.         0.         0.         0.         0.
 0.         0.         0.         0.         0.         0.
 0.         0.         0.         0.         0.09845387 1.
 0.17153996 0.06827696 0.11004232 0.         0.         0.
 0.         0.         0.03236087 0.         0.07851268]",Z3,0.9928855895996094,unsat,"['Z3', 'CVC4', 'MathSAT', 'YICES', 'Bitwuzla', 'BOOLECTOR']",[0.9869508743286133]
./tmp/QF_AUFBV/opStructure_MBA_6.smt2,"[3.39999988e+01 1.47135191e-03 9.99999999e-01 0.00000000e+00
 0.00000000e+00 0.00000000e+00 0.00000000e+00 1.20183811e-02
 0.00000000e+00 0.00000000e+00 0.00000000e+00 0.00000000e+00
 0.00000000e+00 0.00000000e+00 9.99999999e-01 0.00000000e+00
 0.00000000e+00 0.00000000e+00 0.00000000e+00 0.00000000e+00
 0.00000000e+00 0.00000000e+00 0.00000000e+00 0.00000000e+00
 0.00000000e+00 0.00000000e+00 0.00000000e+00 0.00000000e+00
 0.00000000e+00 0.00000000e+00 0.00000000e+00 1.18881119e+00
 9.99999999e-01 0.00000000e+00 0.00000000e+00 0.00000000e+00
 8.35997049e-02 0.00000000e+00 0.00000000e+00 0.00000000e+00
 0.00000000e+00 0.00000000e+00 0.00000000e+00 0.00000000e+00
 1.06569709e-03 0.00000000e+00 0.00000000e+00 0.00000000e+00
 2.67415730e-01 1.10569106e-01 0.00000000e+00 2.83282747e-02
 1.63237311e-01 0.00000000e+00 0.00000000e+00 1.80778945e-02
 1.86335404e-02 0.00000000e+00 7.85479683e+00 8.74248265e+00
 0.00000000e+00 0.00000000e+00 9.57011259e-02 0.00000000e+00
 0.00000000e+00 0.00000000e+00 0.00000000e+00 8.80829016e-02
 0.00000000e+00 0.00000000e+00 1.38593156e+01 0.00000000e+00
 0.00000000e+00 0.00000000e+00 0.00000000e+00 0.00000000e+00
 0.00000000e+00 0.00000000e+00 0.00000000e+00 0.00000000e+00
 0.00000000e+00 0.00000000e+00 0.00000000e+00 0.00000000e+00
 0.00000000e+00 0.00000000e+00 0.00000000e+00 0.00000000e+00
 0.00000000e+00 0.00000000e+00 0.00000000e+00 0.00000000e+00
 0.00000000e+00 0.00000000e+00 0.00000000e+00 0.00000000e+00
 0.00000000e+00 0.00000000e+00 0.00000000e+00 0.00000000e+00
 0.00000000e+00 0.00000000e+00 0.00000000e+00 0.00000000e+00
 0.00000000e+00 0.00000000e+00 0.00000000e+00 0.00000000e+00
 0.00000000e+00 0.00000000e+00 0.00000000e+00 0.00000000e+00
 0.00000000e+00 0.00000000e+00 0.00000000e+00 0.00000000e+00
 0.00000000e+00 0.00000000e+00 0.00000000e+00 0.00000000e+00
 0.00000000e+00 0.00000000e+00 0.00000000e+00 0.00000000e+00
 0.00000000e+00 0.00000000e+00 0.00000000e+00 0.00000000e+00
 0.00000000e+00 0.00000000e+00 0.00000000e+00 0.00000000e+00
 0.00000000e+00 0.00000000e+00 0.00000000e+00 1.69999997e+01
 0.00000000e+00 0.00000000e+00 0.00000000e+00 0.00000000e+00
 0.00000000e+00 0.00000000e+00 0.00000000e+00 0.00000000e+00
 0.00000000e+00 0.00000000e+00 0.00000000e+00 0.00000000e+00
 3.90481095e+00 1.00000000e+00 1.47275405e-03 5.48774770e+00
 1.52554323e-02 0.00000000e+00 0.00000000e+00 0.00000000e+00
 0.00000000e+00 0.00000000e+00 0.00000000e+00 0.00000000e+00
 0.00000000e+00]",Z3,1.153871774673462,sat,"['Z3', 'YICES', 'BOOLECTOR', 'Bitwuzla', 'MathSAT', 'CVC4']",[1.0855309963226318]
./tmp/QF_AUFBV/opStructure_C_16_32_2_2.smt2,"[0.00000000e+00 1.51456143e-03 9.99999999e-01 0.00000000e+00
 0.00000000e+00 0.00000000e+00 0.00000000e+00 3.53446099e-03
 0.00000000e+00 0.00000000e+00 0.00000000e+00 0.00000000e+00
 0.00000000e+00 0.00000000e+00 9.99999999e-01 0.00000000e+00
 0.00000000e+00 0.00000000e+00 0.00000000e+00 0.00000000e+00
 0.00000000e+00 0.00000000e+00 0.00000000e+00 0.00000000e+00
 0.00000000e+00 0.00000000e+00 0.00000000e+00 0.00000000e+00
 0.00000000e+00 0.00000000e+00 0.00000000e+00 1.18243243e+00
 9.99999999e-01 0.00000000e+00 0.00000000e+00 0.00000000e+00
 1.95798514e+00 0.00000000e+00 6.99999995e+00 0.00000000e+00
 0.00000000e+00 5.18518519e-02 0.00000000e+00 0.00000000e+00
 4.38761439e-03 0.00000000e+00 0.00000000e+00 0.00000000e+00
 7.84753363e-02 3.24901369e-02 0.00000000e+00 8.32986256e-03
 4.79452055e-02 0.00000000e+00 0.00000000e+00 1.50489760e+00
 1.37592138e+00 0.00000000e+00 3.53713997e-02 2.47335257e-01
 0.00000000e+00 0.00000000e+00 1.96135266e+00 1.88429752e+00
 0.00000000e+00 0.00000000e+00 0.00000000e+00 1.91968658e+00
 0.00000000e+00 0.00000000e+00 0.00000000e+00 0.00000000e+00
 0.00000000e+00 0.00000000e+00 0.00000000e+00 0.00000000e+00
 0.00000000e+00 0.00000000e+00 0.00000000e+00 0.00000000e+00
 0.00000000e+00 0.00000000e+00 0.00000000e+00 0.00000000e+00
 0.00000000e+00 0.00000000e+00 0.00000000e+00 0.00000000e+00
 0.00000000e+00 0.00000000e+00 0.00000000e+00 0.00000000e+00
 0.00000000e+00 0.00000000e+00 0.00000000e+00 0.00000000e+00
 0.00000000e+00 0.00000000e+00 0.00000000e+00 0.00000000e+00
 0.00000000e+00 0.00000000e+00 0.00000000e+00 0.00000000e+00
 0.00000000e+00 0.00000000e+00 0.00000000e+00 0.00000000e+00
 0.00000000e+00 0.00000000e+00 0.00000000e+00 0.00000000e+00
 0.00000000e+00 0.00000000e+00 0.00000000e+00 0.00000000e+00
 0.00000000e+00 0.00000000e+00 0.00000000e+00 0.00000000e+00
 0.00000000e+00 0.00000000e+00 0.00000000e+00 0.00000000e+00
 0.00000000e+00 0.00000000e+00 0.00000000e+00 0.00000000e+00
 0.00000000e+00 0.00000000e+00 0.00000000e+00 0.00000000e+00
 0.00000000e+00 0.00000000e+00 0.00000000e+00 0.00000000e+00
 0.00000000e+00 0.00000000e+00 0.00000000e+00 0.00000000e+00
 0.00000000e+00 0.00000000e+00 0.00000000e+00 0.00000000e+00
 0.00000000e+00 0.00000000e+00 0.00000000e+00 0.00000000e+00
 2.88964309e-01 1.00000000e+00 4.54762008e-03 2.45829060e-01
 4.48631673e-03 0.00000000e+00 0.00000000e+00 0.00000000e+00
 0.00000000e+00 0.00000000e+00 0.00000000e+00 0.00000000e+00
 0.00000000e+00]",MathSAT,60.0062038898468,timeout (29.0 s),"['Bitwuzla', 'Z3', 'MathSAT', 'BOOLECTOR', 'CVC4', 'YICES']","[1, 30, 29]"
./tmp/QF_AUFBV/opStructure_O_32_16_2_2.smt2,"[0.00000000e+00 1.55776720e-03 9.99999999e-01 0.00000000e+00
 0.00000000e+00 0.00000000e+00 0.00000000e+00 3.63507851e-03
 0.00000000e+00 0.00000000e+00 0.00000000e+00 0.00000000e+00
 0.00000000e+00 0.00000000e+00 9.99999999e-01 0.00000000e+00
 0.00000000e+00 0.00000000e+00 0.00000000e+00 0.00000000e+00
 0.00000000e+00 0.00000000e+00 0.00000000e+00 0.00000000e+00
 0.00000000e+00 0.00000000e+00 0.00000000e+00 0.00000000e+00
 0.00000000e+00 0.00000000e+00 0.00000000e+00 1.17647059e+00
 9.99999999e-01 0.00000000e+00 0.00000000e+00 0.00000000e+00
 7.09263747e+00 0.00000000e+00 5.99999996e+00 0.00000000e+00
 0.00000000e+00 2.66469282e-02 0.00000000e+00 0.00000000e+00
 3.38441290e-03 0.00000000e+00 0.00000000e+00 0.00000000e+00
 8.05369127e-02 3.33874333e-02 0.00000000e+00 8.56582000e-03
 4.92476060e-02 0.00000000e+00 0.00000000e+00 5.88443120e+00
 5.48408212e+00 0.00000000e+00 1.59372170e-01 1.08661013e+00
 0.00000000e+00 0.00000000e+00 7.13865221e+00 7.00694114e+00
 0.00000000e+00 0.00000000e+00 0.00000000e+00 7.21691464e+00
 0.00000000e+00 0.00000000e+00 0.00000000e+00 0.00000000e+00
 0.00000000e+00 0.00000000e+00 0.00000000e+00 0.00000000e+00
 0.00000000e+00 0.00000000e+00 0.00000000e+00 0.00000000e+00
 0.00000000e+00 0.00000000e+00 0.00000000e+00 0.00000000e+00
 0.00000000e+00 0.00000000e+00 0.00000000e+00 0.00000000e+00
 0.00000000e+00 0.00000000e+00 0.00000000e+00 0.00000000e+00
 0.00000000e+00 0.00000000e+00 0.00000000e+00 0.00000000e+00
 0.00000000e+00 0.00000000e+00 0.00000000e+00 0.00000000e+00
 0.00000000e+00 0.00000000e+00 0.00000000e+00 0.00000000e+00
 0.00000000e+00 0.00000000e+00 0.00000000e+00 0.00000000e+00
 0.00000000e+00 0.00000000e+00 0.00000000e+00 0.00000000e+00
 0.00000000e+00 0.00000000e+00 0.00000000e+00 0.00000000e+00
 0.00000000e+00 0.00000000e+00 0.00000000e+00 0.00000000e+00
 0.00000000e+00 0.00000000e+00 0.00000000e+00 0.00000000e+00
 0.00000000e+00 0.00000000e+00 0.00000000e+00 0.00000000e+00
 0.00000000e+00 0.00000000e+00 0.00000000e+00 0.00000000e+00
 0.00000000e+00 0.00000000e+00 0.00000000e+00 0.00000000e+00
 0.00000000e+00 0.00000000e+00 0.00000000e+00 0.00000000e+00
 0.00000000e+00 0.00000000e+00 0.00000000e+00 0.00000000e+00
 0.00000000e+00 0.00000000e+00 0.00000000e+00 0.00000000e+00
 1.26119221e+00 1.00000000e+00 3.11809796e-03 1.08527951e+00
 4.61390580e-03 0.00000000e+00 0.00000000e+00 0.00000000e+00
 0.00000000e+00 0.00000000e+00 0.00000000e+00 0.00000000e+00
 0.00000000e+00]",Z3,60.02366781234741,timeout (29.0 s),"['YICES', 'Bitwuzla', 'Z3', 'MathSAT', 'BOOLECTOR', 'CVC4']","[30, 1, 29]"
./tmp/QF_AUFBV/com.galois.ecc.P384ECC64.mul_inner3.short.smt2,"[0.00000000e+00 2.14884921e-01 9.99999999e-01 0.00000000e+00
 0.00000000e+00 0.00000000e+00 0.00000000e+00 1.58103760e-01
 0.00000000e+00 0.00000000e+00 0.00000000e+00 0.00000000e+00
 0.00000000e+00 0.00000000e+00 9.99999999e-01 0.00000000e+00
 0.00000000e+00 0.00000000e+00 0.00000000e+00 0.00000000e+00
 0.00000000e+00 0.00000000e+00 0.00000000e+00 0.00000000e+00
 0.00000000e+00 0.00000000e+00 0.00000000e+00 0.00000000e+00
 0.00000000e+00 0.00000000e+00 0.00000000e+00 9.42675159e-01
 9.99999999e-01 0.00000000e+00 0.00000000e+00 0.00000000e+00
 0.00000000e+00 1.15625000e+00 0.00000000e+00 1.93379791e-01
 1.32142857e+00 2.71858927e-01 1.59090909e-01 0.00000000e+00
 1.65065202e-01 0.00000000e+00 6.97643098e-02 1.98488174e-01
 1.64810690e-01 3.44205811e-01 1.84999998e+01 1.59973940e-01
 1.93014289e-01 1.04127580e+00 1.64298401e-01 5.11158342e-02
 3.84901174e-02 0.00000000e+00 1.24086122e-03 1.05653912e-03
 0.00000000e+00 0.00000000e+00 0.00000000e+00 0.00000000e+00
 0.00000000e+00 0.00000000e+00 0.00000000e+00 0.00000000e+00
 0.00000000e+00 0.00000000e+00 0.00000000e+00 0.00000000e+00
 0.00000000e+00 0.00000000e+00 0.00000000e+00 0.00000000e+00
 0.00000000e+00 1.38749999e+01 0.00000000e+00 0.00000000e+00
 0.00000000e+00 0.00000000e+00 0.00000000e+00 0.00000000e+00
 1.99230769e+01 0.00000000e+00 0.00000000e+00 0.00000000e+00
 0.00000000e+00 0.00000000e+00 0.00000000e+00 0.00000000e+00
 0.00000000e+00 0.00000000e+00 0.00000000e+00 0.00000000e+00
 0.00000000e+00 0.00000000e+00 0.00000000e+00 0.00000000e+00
 0.00000000e+00 0.00000000e+00 0.00000000e+00 0.00000000e+00
 0.00000000e+00 0.00000000e+00 0.00000000e+00 0.00000000e+00
 0.00000000e+00 0.00000000e+00 0.00000000e+00 0.00000000e+00
 0.00000000e+00 0.00000000e+00 0.00000000e+00 0.00000000e+00
 0.00000000e+00 0.00000000e+00 0.00000000e+00 0.00000000e+00
 0.00000000e+00 0.00000000e+00 0.00000000e+00 0.00000000e+00
 0.00000000e+00 0.00000000e+00 0.00000000e+00 0.00000000e+00
 0.00000000e+00 0.00000000e+00 0.00000000e+00 0.00000000e+00
 0.00000000e+00 0.00000000e+00 0.00000000e+00 0.00000000e+00
 0.00000000e+00 0.00000000e+00 0.00000000e+00 0.00000000e+00
 0.00000000e+00 0.00000000e+00 0.00000000e+00 0.00000000e+00
 0.00000000e+00 0.00000000e+00 0.00000000e+00 0.00000000e+00
 8.35133597e-02 1.00000000e+00 2.13476857e-01 6.50167769e-02
 1.46422417e-01 0.00000000e+00 0.00000000e+00 0.00000000e+00
 0.00000000e+00 0.00000000e+00 1.98488174e-01 0.00000000e+00
 1.45304354e-01]",MathSAT,0.25666308403015137,sat,"['MathSAT', 'Bitwuzla', 'YICES', 'BOOLECTOR', 'Z3', 'CVC4']",[0.25042009353637695]
./tmp/QF_AUFBV/com.galois.ecc.P384ECC64.ec_full_add3.short.smt2,"[0.         0.63336013 1.         0.         0.         0.
 0.         0.49399623 0.         0.         0.         0.
 0.         0.         1.         0.         0.         0.
 0.         0.         0.         0.         0.         0.
 0.         0.         0.         0.         0.         0.
 0.         0.94409938 1.         0.         0.         0.
 0.         1.15151515 0.         0.58662093 1.31034483 0.4960116
 0.73253012 0.         0.55373832 0.         0.17321357 0.61084453
 0.98915401 1.6211105  0.         0.50850231 1.73549784 0.21268657
 0.56517935 0.07254985 0.17985505 0.10584958 0.         0.
 0.         0.         0.         0.         0.         0.
 0.         0.         0.         0.         0.         0.
 0.         0.         0.         0.         0.         0.
 0.         0.         0.         0.         0.         0.
 0.         0.         0.         0.         0.         0.
 0.         0.         0.         0.         0.         0.
 0.         0.         0.         0.         0.         0.
 0.         0.         0.         0.         0.         0.
 0.         0.         0.         0.         0.         0.
 0.         0.         0.         0.         0.         0.
 0.         0.         0.         0.         0.         0.
 0.         0.         0.         0.         0.         0.
 0.         0.         0.         0.         0.         0.
 0.         0.         0.         0.         0.         0.
 0.         0.         0.         0.         0.27612729 1.
 0.63231434 0.16350146 0.45295156 0.         0.         0.
 0.         0.         0.61084453 0.         0.41984733]",Z3,0.07433104515075684,unsat,"['Z3', 'BOOLECTOR', 'Bitwuzla', 'MathSAT', 'YICES', 'CVC4']",[0.05585312843322754]
./tmp/QF_AUFBV/com.galois.ecc.P384ECC64.sq_inner23.short.smt2,"[0.00000000e+00 6.58811605e-02 9.99999999e-01 0.00000000e+00
 0.00000000e+00 0.00000000e+00 0.00000000e+00 6.76110753e-02
 0.00000000e+00 0.00000000e+00 0.00000000e+00 0.00000000e+00
 0.00000000e+00 0.00000000e+00 9.99999999e-01 0.00000000e+00
 0.00000000e+00 0.00000000e+00 0.00000000e+00 0.00000000e+00
 0.00000000e+00 0.00000000e+00 0.00000000e+00 0.00000000e+00
 0.00000000e+00 0.00000000e+00 0.00000000e+00 0.00000000e+00
 0.00000000e+00 0.00000000e+00 0.00000000e+00 9.45454545e-01
 9.99999999e-01 0.00000000e+00 0.00000000e+00 0.00000000e+00
 0.00000000e+00 1.14705882e+00 0.00000000e+00 6.67808219e-02
 1.30000000e+00 5.64808110e-02 0.00000000e+00 0.00000000e+00
 4.78997789e-02 0.00000000e+00 2.09031221e-02 2.80508271e-02
 4.22535211e-02 1.40994741e-01 0.00000000e+00 8.41399417e-02
 1.93194056e-01 7.26256983e-02 3.40909091e-02 2.48039008e-02
 0.00000000e+00 2.16066482e-01 9.80926431e-04 2.22717149e-03
 0.00000000e+00 0.00000000e+00 7.55082285e-03 7.41515353e-03
 0.00000000e+00 0.00000000e+00 0.00000000e+00 0.00000000e+00
 0.00000000e+00 0.00000000e+00 0.00000000e+00 0.00000000e+00
 0.00000000e+00 0.00000000e+00 0.00000000e+00 0.00000000e+00
 3.70253165e-01 7.79999997e+00 0.00000000e+00 0.00000000e+00
 0.00000000e+00 0.00000000e+00 0.00000000e+00 0.00000000e+00
 5.20000000e+00 0.00000000e+00 0.00000000e+00 0.00000000e+00
 0.00000000e+00 0.00000000e+00 0.00000000e+00 0.00000000e+00
 0.00000000e+00 0.00000000e+00 0.00000000e+00 0.00000000e+00
 0.00000000e+00 0.00000000e+00 0.00000000e+00 0.00000000e+00
 0.00000000e+00 0.00000000e+00 0.00000000e+00 0.00000000e+00
 0.00000000e+00 0.00000000e+00 0.00000000e+00 0.00000000e+00
 0.00000000e+00 0.00000000e+00 0.00000000e+00 0.00000000e+00
 0.00000000e+00 0.00000000e+00 0.00000000e+00 0.00000000e+00
 0.00000000e+00 0.00000000e+00 0.00000000e+00 0.00000000e+00
 0.00000000e+00 0.00000000e+00 0.00000000e+00 0.00000000e+00
 0.00000000e+00 0.00000000e+00 0.00000000e+00 0.00000000e+00
 0.00000000e+00 0.00000000e+00 0.00000000e+00 0.00000000e+00
 0.00000000e+00 0.00000000e+00 0.00000000e+00 0.00000000e+00
 0.00000000e+00 0.00000000e+00 0.00000000e+00 0.00000000e+00
 0.00000000e+00 0.00000000e+00 0.00000000e+00 0.00000000e+00
 0.00000000e+00 0.00000000e+00 0.00000000e+00 0.00000000e+00
 3.28342218e-02 1.00000000e+00 6.42938665e-02 3.05543549e-02
 7.60999559e-02 0.00000000e+00 0.00000000e+00 0.00000000e+00
 0.00000000e+00 0.00000000e+00 2.80508271e-02 0.00000000e+00
 7.81876504e-02]",Z3,0.05522918701171875,sat,"['Z3', 'BOOLECTOR', 'Bitwuzla', 'MathSAT', 'YICES', 'CVC4']",[0.0525660514831543]
./tmp/QF_AUFBV/com.galois.ecc.P384ECC64.mul_inner4.short.smt2,"[0.00000000e+00 1.48104515e-01 9.99999999e-01 0.00000000e+00
 0.00000000e+00 0.00000000e+00 0.00000000e+00 1.67702476e-01
 0.00000000e+00 0.00000000e+00 0.00000000e+00 0.00000000e+00
 0.00000000e+00 0.00000000e+00 9.99999999e-01 0.00000000e+00
 0.00000000e+00 0.00000000e+00 0.00000000e+00 0.00000000e+00
 0.00000000e+00 0.00000000e+00 0.00000000e+00 0.00000000e+00
 0.00000000e+00 0.00000000e+00 0.00000000e+00 0.00000000e+00
 0.00000000e+00 0.00000000e+00 0.00000000e+00 9.46745562e-01
 9.99999999e-01 0.00000000e+00 0.00000000e+00 0.00000000e+00
 0.00000000e+00 1.14285714e+00 0.00000000e+00 2.04429302e-01
 1.29032258e+00 2.87562904e-01 1.67966407e-01 0.00000000e+00
 1.17560617e-01 0.00000000e+00 7.48963488e-02 2.09873599e-01
 4.32900433e-02 1.44089073e-01 0.00000000e+00 1.62601626e-01
 1.97171024e-01 1.11420613e-01 1.74064404e-01 5.50439293e-02
 4.13711584e-02 2.20385675e-01 1.34139287e-03 1.14210662e-03
 0.00000000e+00 0.00000000e+00 0.00000000e+00 7.60383994e-03
 0.00000000e+00 0.00000000e+00 0.00000000e+00 0.00000000e+00
 0.00000000e+00 0.00000000e+00 0.00000000e+00 0.00000000e+00
 0.00000000e+00 0.00000000e+00 0.00000000e+00 0.00000000e+00
 2.51572327e-01 9.23076920e+00 0.00000000e+00 0.00000000e+00
 0.00000000e+00 0.00000000e+00 0.00000000e+00 0.00000000e+00
 1.27272727e+01 0.00000000e+00 0.00000000e+00 0.00000000e+00
 0.00000000e+00 0.00000000e+00 0.00000000e+00 0.00000000e+00
 0.00000000e+00 0.00000000e+00 0.00000000e+00 0.00000000e+00
 0.00000000e+00 0.00000000e+00 0.00000000e+00 0.00000000e+00
 0.00000000e+00 0.00000000e+00 0.00000000e+00 0.00000000e+00
 0.00000000e+00 0.00000000e+00 0.00000000e+00 0.00000000e+00
 0.00000000e+00 0.00000000e+00 0.00000000e+00 0.00000000e+00
 0.00000000e+00 0.00000000e+00 0.00000000e+00 0.00000000e+00
 0.00000000e+00 0.00000000e+00 0.00000000e+00 0.00000000e+00
 0.00000000e+00 0.00000000e+00 0.00000000e+00 0.00000000e+00
 0.00000000e+00 0.00000000e+00 0.00000000e+00 0.00000000e+00
 0.00000000e+00 0.00000000e+00 0.00000000e+00 0.00000000e+00
 0.00000000e+00 0.00000000e+00 0.00000000e+00 0.00000000e+00
 0.00000000e+00 0.00000000e+00 0.00000000e+00 0.00000000e+00
 0.00000000e+00 0.00000000e+00 0.00000000e+00 0.00000000e+00
 0.00000000e+00 0.00000000e+00 0.00000000e+00 0.00000000e+00
 6.43913422e-02 1.00000000e+00 1.46563342e-01 5.18022879e-02
 1.55495642e-01 0.00000000e+00 0.00000000e+00 0.00000000e+00
 0.00000000e+00 0.00000000e+00 2.09873599e-01 0.00000000e+00
 1.62396007e-01]",MathSAT,0.18912291526794434,sat,"['MathSAT', 'YICES', 'Bitwuzla', 'Z3', 'BOOLECTOR', 'CVC4']",[0.1842060089111328]
