./tmp/QF_AUFBV/com.galois.ecc.P384ECC64.ec_full_add2.short.smt2,"[0. 1. 1. 0. 0. 0. 0. 1. 0. 0. 0. 0. 0. 0. 1. 0. 0. 0. 0. 0. 0. 0. 0. 0.
 0. 0. 0. 0. 0. 0. 0. 1. 1. 0. 0. 0. 0. 1. 0. 1. 1. 1. 1. 0. 1. 0. 1. 1.
 1. 1. 0. 1. 1. 1. 1. 1. 1. 0. 0. 0. 0. 0. 0. 0. 0. 0. 0. 0. 0. 0. 0. 0.
 0. 0. 0. 0. 0. 0. 0. 0. 0. 0. 0. 0. 0. 0. 0. 0. 0. 0. 0. 0. 0. 0. 0. 0.
 0. 0. 0. 0. 0. 0. 0. 0. 0. 0. 0. 0. 0. 0. 0. 0. 0. 0. 0. 0. 0. 0. 0. 0.
 0. 0. 0. 0. 0. 0. 0. 0. 0. 0. 0. 0. 0. 0. 0. 0. 0. 0. 0. 0. 0. 0. 0. 0.
 0. 0. 0. 0. 1. 1. 1. 1. 1. 0. 0. 0. 0. 0. 1. 0. 1.]",Z3,0.0816488265991211,unsat,"['Z3', 'CVC4', 'Bitwuzla', 'YICES', 'BOOLECTOR', 'MathSAT']",[0.05696988105773926]
./tmp/QF_AUFBV/com.galois.ecc.P384ECC64.ec_full_add3.short.smt2,"[0.         1.07210884 1.         0.         0.         0.
 0.         1.08264463 0.         0.         0.         0.
 0.         0.         1.         0.         0.         0.
 0.         0.         0.         0.         0.         0.
 0.         0.         0.         0.         0.         0.
 0.         1.         1.         0.         0.         0.
 0.         1.         0.         1.         1.         1.
 1.03225806 0.         1.06397306 0.         1.03030303 1.01515152
 1.0212766  1.1686747  0.         1.10361446 1.26347305 1.
 1.         1.         1.03225806 2.         0.         0.
 0.         0.         0.         0.         0.         0.
 0.         0.         0.         0.         0.         0.
 0.         0.         0.         0.         0.         0.
 0.         0.         0.         0.         0.         0.
 0.         0.         0.         0.         0.         0.
 0.         0.         0.         0.         0.         0.
 0.         0.         0.         0.         0.         0.
 0.         0.         0.         0.         0.         0.
 0.         0.         0.         0.         0.         0.
 0.         0.         0.         0.         0.         0.
 0.         0.         0.         0.         0.         0.
 0.         0.         0.         0.         0.         0.
 0.         0.         0.         0.         0.         0.
 0.         0.         0.         0.         0.         0.
 0.         0.         0.         0.         1.10329181 1.
 1.07230559 1.0629771  1.10526316 0.         0.         0.
 0.         0.         1.01515152 0.         1.11864407]",Z3,0.07689404487609863,unsat,"['Z3', 'MathSAT', 'YICES', 'CVC4', 'BOOLECTOR', 'Bitwuzla']",[0.05585312843322754]
./tmp/QF_AUFBV/com.galois.ecc.P384ECC64.sq_inner13.short.smt2,"[0.         0.11764706 1.         0.         0.         0.
 0.         0.14173228 0.         0.         0.         0.
 0.         0.         1.         0.         0.         0.
 0.         0.         0.         0.         0.         0.
 0.         0.         0.         0.         0.         0.
 0.         1.         1.         0.         0.         0.
 0.         1.         0.         0.15789474 1.         0.15789474
 0.         0.         0.09771987 0.         0.17142857 0.06666667
 0.0625     0.1420373  0.         0.17045455 0.19327731 0.42857143
 0.08571429 0.23076923 0.         1.5        2.99999999 0.
 0.         0.         2.99999999 2.99999999 0.         0.
 0.         0.         0.         0.         0.         0.
 0.         0.         0.         0.         3.         2.99999999
 0.         0.         0.         0.         0.         0.
 3.         0.         0.         0.         0.         0.
 0.         0.         0.         0.         0.         0.
 0.         0.         0.         0.         0.         0.
 0.         0.         0.         0.         0.         0.
 0.         0.         0.         0.         0.         0.
 0.         0.         0.         0.         0.         0.
 0.         0.         0.         0.         0.         0.
 0.         0.         0.         0.         0.         0.
 0.         0.         0.         0.         0.         0.
 0.         0.         0.         0.         0.         0.
 0.         0.         0.         0.         0.147932   1.
 0.11417323 0.22995595 0.16574586 0.         0.         0.
 0.         0.         0.06666667 0.         0.18152866]",Z3,0.09834599494934082,sat,"['Z3', 'MathSAT', 'CVC4', 'BOOLECTOR', 'YICES', 'Bitwuzla']",[0.09632492065429688]
./tmp/QF_AUFBV/com.galois.ecc.P384ECC64.signHash5.short.smt2,"[0.         2.47076462 1.         0.         0.         0.
 0.         2.68903226 0.         0.         0.         0.
 0.         0.         1.         0.         0.         0.
 0.         0.         0.         0.         0.         0.
 0.         0.         0.         0.         0.         0.
 0.         1.         1.         0.         0.         0.
 0.         1.         0.         3.05590062 1.         3.15083799
 2.66666667 0.         2.40863931 0.         2.53403141 2.96551724
 2.20560748 1.65517241 0.         2.49315068 1.48148148 0.5
 3.10828025 3.13333333 2.66666667 3.68       0.         0.
 0.         0.         0.         0.         4.         0.
 0.         0.         0.         0.         4.         0.
 0.         0.         0.         0.         0.         0.
 0.         0.         4.         0.         0.         0.
 0.         0.         0.         0.         0.         0.
 0.         0.         0.         0.         0.         0.
 0.         0.         0.         0.         0.         0.
 0.         0.         0.         0.         0.         0.
 0.         0.         0.         0.         0.         0.
 0.         0.         0.         0.         0.         0.
 0.         0.         0.         0.         0.         0.
 0.         0.         0.         0.         0.         0.
 0.         0.         0.         0.         0.         0.
 0.         0.         0.         0.         0.         0.
 0.         0.         0.         0.         2.33123379 1.
 2.47371057 2.34124954 2.55776892 0.         0.         0.
 0.         0.         2.96551724 0.         2.59977703]",BOOLECTOR,1.6572558879852295,unsat,"['BOOLECTOR', 'MathSAT', 'CVC4', 'YICES', 'Bitwuzla', 'Z3']",[1.607140064239502]
./tmp/QF_AUFBV/com.galois.ecc.P384ECC64.group_red1.short.smt2,"[0.         0.45640327 1.         0.         0.         0.
 0.         0.56636156 0.         0.         0.         0.
 0.         0.         1.         0.         0.         0.
 0.         0.         0.         0.         0.         0.
 0.         0.         0.         0.         0.         0.
 0.         1.         1.         0.         0.         0.
 0.         1.         0.         0.29239766 1.         0.31413613
 0.48543689 0.         0.48380804 0.         0.55813953 0.36412078
 0.0462963  0.06639004 0.         0.61232156 0.09515571 3.26086956
 0.27108434 0.3125     0.48543689 1.95121951 4.16666666 0.
 0.         0.         0.         0.         0.         0.
 0.         0.         0.         0.         3.33333333 0.
 0.         0.         0.         0.         0.         2.49999999
 0.         0.         0.10638298 0.         0.         0.
 0.         0.         0.         0.         0.         0.
 0.         0.         0.         0.         0.         0.
 0.         0.         0.         0.         0.         0.
 0.         0.         0.         0.         0.         0.
 0.         0.         0.         0.         0.         0.
 0.         0.         0.         0.         0.         0.
 0.         0.         0.         0.         0.         0.
 0.         0.         0.         0.         0.         0.
 0.         0.         0.         0.         0.         0.
 0.         0.         0.         0.         0.         0.
 0.         0.         0.         0.         0.44812798 1.
 0.45516614 0.49316647 0.67241379 0.         0.         0.
 0.         0.         0.36412078 0.         0.73669202]",MathSAT,1.0559382438659668,unsat,"['MathSAT', 'YICES', 'Z3', 'Bitwuzla', 'CVC4', 'BOOLECTOR']",[1.0469341278076172]
./tmp/QF_AUFBV/com.galois.ecc.P384ECC64.ec_twin_mul_aux1.short.smt2,"[0.         2.26779661 1.         0.         0.         0.
 0.         2.38220076 0.         0.         0.         0.
 0.         0.         1.         0.         0.         0.
 0.         0.         0.         0.         0.         0.
 0.         0.         0.         0.         0.         0.
 0.         1.         1.         0.         0.         0.
 0.         1.         0.         2.11363636 1.         2.06185567
 2.77284595 0.         2.4501385  0.         2.64935065 2.37553648
 1.89873418 1.41534559 0.         2.31642066 1.21655172 4.56994819
 2.13953488 2.05479452 2.77284595 0.27906977 0.         0.
 0.         0.         0.         0.         0.         0.
 0.         0.         0.         0.         0.         0.
 0.         0.         0.         0.         0.         0.
 0.         0.         0.         0.         0.         0.
 0.         0.         0.         0.         0.         0.
 0.         0.         0.         0.         0.         0.
 0.         0.         0.         0.         0.         0.
 0.         0.         0.         0.         0.         0.
 0.         0.         0.         0.         0.         0.
 0.         0.         0.         0.         0.         0.
 0.         0.         0.         0.         0.         0.
 0.         0.         0.         0.         0.         0.
 0.         0.         0.         0.         0.         0.
 0.         0.         0.         0.         0.         0.
 0.         0.         0.         0.         2.17362178 1.
 2.26994907 2.28373279 2.41052089 0.         0.         0.
 0.         0.         2.37553648 0.         2.45592364]",Z3,4.7922728061676025,unsat,"['Z3', 'BOOLECTOR', 'MathSAT', 'CVC4', 'YICES', 'Bitwuzla']",[4.741339921951294]
./tmp/QF_AUFBV/com.galois.ecc.P384ECC64.ec_mul_aux4.short.smt2,"[0.         3.492569   1.         0.         0.         0.
 0.         3.76708619 0.         0.         0.         0.
 0.         0.         1.         0.         0.         0.
 0.         0.         0.         0.         0.         0.
 0.         0.         0.         0.         0.         0.
 0.         1.         1.         0.         0.         0.
 0.         1.         0.         1.83798883 1.         2.13842482
 1.76367187 0.         3.96304457 0.         5.89684814 1.91107644
 1.3857868  0.96446145 0.         4.10381679 1.23950057 3.01474926
 1.88385269 3.30379747 1.77387914 4.55284553 0.         0.
 0.         0.         5.59999999 6.93       5.42857143 0.
 0.         0.         0.         0.         0.         0.
 0.         0.         0.         0.         6.86538461 0.
 0.         0.         2.55405405 0.         0.         0.
 0.         0.         0.         0.         0.         0.
 0.         0.         0.         0.         0.         0.
 0.         0.         0.         0.         0.         0.
 0.         0.         0.         0.         0.         0.
 0.         0.         0.         0.         0.         0.
 0.         0.         0.         0.         0.         0.
 0.         0.         0.         0.         0.         0.
 0.         0.         0.         0.         0.         0.
 0.         0.         0.         0.         0.         0.
 0.         0.         0.         0.         0.         0.
 0.         0.         0.         0.         3.66105438 1.
 3.49504109 3.39711286 4.26571313 0.         0.         0.
 0.         0.         1.91107644 0.         4.38472834]",Z3,0.4157679080963135,unsat,"['Z3', 'BOOLECTOR', 'MathSAT', 'YICES', 'CVC4', 'Bitwuzla']",[0.2886369228363037]
./tmp/QF_AUFBV/com.galois.ecc.P384ECC64.mul_inner4.short.smt2,"[0.         0.09842024 1.         0.         0.         0.
 0.         0.10688463 0.         0.         0.         0.
 0.         0.         1.         0.         0.         0.
 0.         0.         0.         0.         0.         0.
 0.         0.         0.         0.         0.         0.
 0.         1.         1.         0.         0.         0.
 0.         1.         0.         0.13186813 1.         0.18648019
 0.10789981 0.         0.07618292 0.         0.04558405 0.13496933
 0.04040404 0.14178303 0.         0.10546139 0.20353982 0.07017544
 0.11173184 0.18374558 0.10769231 0.128      3.2        7.99999994
 0.         0.         0.         0.15686275 0.         0.
 0.         0.         0.         0.         0.         0.
 0.         0.         0.         0.         0.1509434  4.79999999
 0.         0.         0.         0.         0.         0.
 6.22222222 0.         0.         0.         0.         0.
 0.         0.         0.         0.         0.         0.
 0.         0.         0.         0.         0.         0.
 0.         0.         0.         0.         0.         0.
 0.         0.         0.         0.         0.         0.
 0.         0.         0.         0.         0.         0.
 0.         0.         0.         0.         0.         0.
 0.         0.         0.         0.         0.         0.
 0.         0.         0.         0.         0.         0.
 0.         0.         0.         0.         0.         0.
 0.         0.         0.         0.         0.10621722 1.
 0.09741078 0.13865676 0.09868683 0.         0.         0.
 0.         0.         0.13496933 0.         0.10107705]",Z3,0.33934903144836426,sat,"['Z3', 'MathSAT', 'BOOLECTOR', 'Bitwuzla', 'YICES', 'CVC4']",[0.33505797386169434]
./tmp/QF_AUFBV/opStructure_MBA_7.smt2,"[0.00000000e+00 1.25803746e-03 9.99999999e-01 0.00000000e+00
 0.00000000e+00 0.00000000e+00 0.00000000e+00 9.89166274e-03
 0.00000000e+00 0.00000000e+00 0.00000000e+00 0.00000000e+00
 0.00000000e+00 0.00000000e+00 9.99999999e-01 0.00000000e+00
 0.00000000e+00 0.00000000e+00 0.00000000e+00 0.00000000e+00
 0.00000000e+00 0.00000000e+00 0.00000000e+00 0.00000000e+00
 0.00000000e+00 0.00000000e+00 0.00000000e+00 0.00000000e+00
 0.00000000e+00 0.00000000e+00 0.00000000e+00 1.21621622e+00
 9.99999999e-01 0.00000000e+00 0.00000000e+00 0.00000000e+00
 8.99999999e+00 0.00000000e+00 8.99999992e+00 0.00000000e+00
 0.00000000e+00 0.00000000e+00 0.00000000e+00 0.00000000e+00
 1.78518298e-03 0.00000000e+00 0.00000000e+00 0.00000000e+00
 3.07317073e-01 1.33333333e-01 0.00000000e+00 2.36664162e-02
 2.04324324e-01 0.00000000e+00 0.00000000e+00 6.31578947e-02
 6.87022901e-02 0.00000000e+00 8.99899053e+00 8.99957153e+00
 0.00000000e+00 0.00000000e+00 8.04255319e+00 0.00000000e+00
 0.00000000e+00 0.00000000e+00 0.00000000e+00 8.99999998e+00
 0.00000000e+00 0.00000000e+00 8.96922492e+00 0.00000000e+00
 0.00000000e+00 0.00000000e+00 0.00000000e+00 0.00000000e+00
 0.00000000e+00 0.00000000e+00 0.00000000e+00 0.00000000e+00
 0.00000000e+00 0.00000000e+00 0.00000000e+00 0.00000000e+00
 0.00000000e+00 0.00000000e+00 0.00000000e+00 0.00000000e+00
 0.00000000e+00 0.00000000e+00 0.00000000e+00 0.00000000e+00
 0.00000000e+00 0.00000000e+00 0.00000000e+00 0.00000000e+00
 0.00000000e+00 0.00000000e+00 0.00000000e+00 0.00000000e+00
 0.00000000e+00 0.00000000e+00 0.00000000e+00 0.00000000e+00
 0.00000000e+00 0.00000000e+00 0.00000000e+00 0.00000000e+00
 0.00000000e+00 0.00000000e+00 0.00000000e+00 0.00000000e+00
 0.00000000e+00 0.00000000e+00 0.00000000e+00 0.00000000e+00
 0.00000000e+00 0.00000000e+00 0.00000000e+00 0.00000000e+00
 0.00000000e+00 0.00000000e+00 0.00000000e+00 0.00000000e+00
 0.00000000e+00 0.00000000e+00 0.00000000e+00 0.00000000e+00
 0.00000000e+00 0.00000000e+00 0.00000000e+00 0.00000000e+00
 0.00000000e+00 0.00000000e+00 0.00000000e+00 8.99999992e+00
 0.00000000e+00 0.00000000e+00 0.00000000e+00 0.00000000e+00
 0.00000000e+00 0.00000000e+00 0.00000000e+00 0.00000000e+00
 0.00000000e+00 0.00000000e+00 0.00000000e+00 0.00000000e+00
 6.45931233e+00 1.00000000e+00 1.25944584e-03 7.70961682e+00
 1.25173853e-02 0.00000000e+00 0.00000000e+00 0.00000000e+00
 0.00000000e+00 0.00000000e+00 0.00000000e+00 0.00000000e+00
 0.00000000e+00]",MathSAT,60.21013021469116,timeout (60.0 s),"['MathSAT', 'BOOLECTOR', 'Z3', 'YICES', 'CVC4', 'Bitwuzla']",[60]
./tmp/QF_AUFBV/com.galois.ecc.P384ECC64.mod_div1.short.smt2,"[0.         0.20938826 1.         0.         0.         0.
 0.         0.17281284 0.         0.         0.         0.
 0.         0.         1.         0.         0.         0.
 0.         0.         0.         0.         0.         0.
 0.         0.         0.         0.         0.         0.
 0.         0.97560976 1.         0.         0.         0.
 0.         1.11111111 0.         0.13550136 1.11111111 0.09237875
 0.11428571 0.         0.16580513 0.         0.0445705  0.10622155
 0.63926941 1.93341869 0.         0.22401763 2.81832298 0.02915452
 0.11049724 0.10416667 0.13182674 0.         0.         0.
 0.         0.         0.         0.37735849 0.         0.
 0.         0.         0.         0.         0.00379795 0.
 0.         0.         0.         0.         0.09345794 0.
 0.         0.         0.13333333 0.         0.         0.
 0.         0.         0.         0.         0.         0.
 0.         0.         0.         0.         0.         0.
 0.         0.         0.         0.         0.         0.
 0.         0.         0.         0.         0.         0.
 0.         0.         0.         0.         0.         0.
 0.         0.         0.         0.         0.         0.
 0.         0.         0.         0.         0.         0.
 0.         0.         0.         0.         0.         0.
 0.         0.         0.         0.         0.         0.
 0.         0.         0.         0.         0.         0.
 0.         0.         0.         0.         0.11386769 1.
 0.20827624 0.03823768 0.18525741 0.         0.         0.
 0.         0.         0.10622155 0.         0.16500306]",Bitwuzla,0.20425105094909668,unsat,"['Bitwuzla', 'CVC4', 'MathSAT', 'YICES', 'Z3', 'BOOLECTOR']",[0.1968700885772705]
./tmp/QF_AUFBV/com.galois.ecc.P384ECC64.ec_twin_mul_aux12.short.smt2,"[0.         1.70248699 1.         0.         0.         0.
 0.         1.65893606 0.         0.         0.         0.
 0.         0.         1.         0.         0.         0.
 0.         0.         0.         0.         0.         0.
 0.         0.         0.         0.         0.         0.
 0.         0.97777778 1.         0.         0.         0.
 0.         1.1        0.         2.21428571 1.1        2.06378987
 2.77350427 0.         1.61861587 0.         0.70887036 2.40604624
 2.04460967 1.50718232 0.         1.46538278 1.12682927 3.3
 2.22907489 1.62721893 2.75       0.17322835 0.         0.
 0.         0.         0.         0.         0.         0.
 0.         0.         0.         0.         0.         0.
 0.         0.         0.         0.         0.         0.
 0.         0.         0.         0.         0.         0.
 0.         0.         0.         0.         0.         0.
 0.         0.         0.         0.         0.         0.
 0.         0.         0.         0.         0.         0.
 0.         0.         0.         0.         0.         0.
 0.         0.         0.         0.         0.         0.
 0.         0.         0.         0.         0.         0.
 0.         0.         0.         0.         0.         0.
 0.         0.         0.         0.         0.         0.
 0.         0.         0.         0.         0.         0.
 0.         0.         0.         0.         0.         0.
 0.         0.         0.         0.         0.4996635  1.
 1.70318471 0.29435975 1.45065177 0.         0.         0.
 0.         0.         2.40604624 0.         1.42231288]",Z3,5.755158185958862,unsat,"['Z3', 'Bitwuzla', 'BOOLECTOR', 'MathSAT', 'CVC4', 'YICES']",[5.69962215423584]
./tmp/QF_AUFBV/com.galois.ecc.P384ECC64.ec_full_sub1.short.smt2,"[0.         0.16563997 1.         0.         0.         0.
 0.         0.08895825 0.         0.         0.         0.
 0.         0.         1.         0.         0.         0.
 0.         0.         0.         0.         0.         0.
 0.         0.         0.         0.         0.         0.
 0.         0.97959184 1.         0.         0.         0.
 0.         2.         0.         0.05172414 1.09090909 0.02247191
 0.03409091 0.         0.12739692 0.         0.02723147 0.02838557
 0.71328671 0.77712711 0.         0.13595594 0.83992223 0.09716599
 0.02637363 0.01772526 0.03380282 0.09375    0.         0.
 0.         0.         0.         0.         0.         0.
 0.         0.         0.         0.         0.00455581 0.
 0.         0.         0.         0.         0.         0.
 0.         0.         0.         0.         0.         0.
 0.         0.         0.         0.         0.         0.
 0.         0.         0.         0.         0.         0.
 0.         0.         0.         0.         0.         0.
 0.         0.         0.         0.         0.         0.
 0.         0.         0.         0.         0.         0.
 0.         0.         0.         0.         0.         0.
 0.         0.         0.         0.         0.         0.
 0.         0.         0.         0.         0.         0.
 0.         0.         0.         0.         0.         0.
 0.         0.         0.         0.         0.         0.
 0.         0.         0.         0.         0.06548214 1.
 0.16447744 0.0368856  0.10471556 0.         0.         0.
 0.         0.         0.02838557 0.         0.0740349 ]",Z3,1.2967700958251953,unsat,"['Z3', 'BOOLECTOR', 'Bitwuzla', 'MathSAT', 'CVC4', 'YICES']",[1.2903859615325928]
./tmp/QF_AUFBV/opStructure_O_16_32_2_2.smt2,"[0.00000000e+00 1.48283335e-03 9.99999999e-01 0.00000000e+00
 0.00000000e+00 0.00000000e+00 0.00000000e+00 3.38057470e-03
 0.00000000e+00 0.00000000e+00 0.00000000e+00 0.00000000e+00
 0.00000000e+00 0.00000000e+00 9.99999999e-01 0.00000000e+00
 0.00000000e+00 0.00000000e+00 0.00000000e+00 0.00000000e+00
 0.00000000e+00 0.00000000e+00 0.00000000e+00 0.00000000e+00
 0.00000000e+00 0.00000000e+00 0.00000000e+00 0.00000000e+00
 0.00000000e+00 0.00000000e+00 0.00000000e+00 1.20370370e+00
 9.99999999e-01 0.00000000e+00 0.00000000e+00 0.00000000e+00
 1.28700000e+01 0.00000000e+00 6.49999996e+00 0.00000000e+00
 0.00000000e+00 2.42990654e-02 0.00000000e+00 0.00000000e+00
 3.20882014e-03 0.00000000e+00 0.00000000e+00 0.00000000e+00
 9.02777778e-02 3.57265544e-02 0.00000000e+00 8.17738638e-03
 5.03550678e-02 0.00000000e+00 0.00000000e+00 9.02304564e+00
 7.67704729e+00 0.00000000e+00 7.88405797e-02 6.40762198e-01
 0.00000000e+00 0.00000000e+00 1.24295051e+01 1.23599628e+01
 0.00000000e+00 0.00000000e+00 0.00000000e+00 1.28742747e+01
 0.00000000e+00 0.00000000e+00 0.00000000e+00 0.00000000e+00
 0.00000000e+00 0.00000000e+00 0.00000000e+00 0.00000000e+00
 0.00000000e+00 0.00000000e+00 0.00000000e+00 0.00000000e+00
 0.00000000e+00 0.00000000e+00 0.00000000e+00 0.00000000e+00
 0.00000000e+00 0.00000000e+00 0.00000000e+00 0.00000000e+00
 0.00000000e+00 0.00000000e+00 0.00000000e+00 0.00000000e+00
 0.00000000e+00 0.00000000e+00 0.00000000e+00 0.00000000e+00
 0.00000000e+00 0.00000000e+00 0.00000000e+00 0.00000000e+00
 0.00000000e+00 0.00000000e+00 0.00000000e+00 0.00000000e+00
 0.00000000e+00 0.00000000e+00 0.00000000e+00 0.00000000e+00
 0.00000000e+00 0.00000000e+00 0.00000000e+00 0.00000000e+00
 0.00000000e+00 0.00000000e+00 0.00000000e+00 0.00000000e+00
 0.00000000e+00 0.00000000e+00 0.00000000e+00 0.00000000e+00
 0.00000000e+00 0.00000000e+00 0.00000000e+00 0.00000000e+00
 0.00000000e+00 0.00000000e+00 0.00000000e+00 0.00000000e+00
 0.00000000e+00 0.00000000e+00 0.00000000e+00 0.00000000e+00
 0.00000000e+00 0.00000000e+00 0.00000000e+00 0.00000000e+00
 0.00000000e+00 0.00000000e+00 0.00000000e+00 0.00000000e+00
 0.00000000e+00 0.00000000e+00 0.00000000e+00 0.00000000e+00
 0.00000000e+00 0.00000000e+00 0.00000000e+00 0.00000000e+00
 9.22930781e-01 1.00000000e+00 2.96905333e-03 6.87064144e-01
 4.36168428e-03 0.00000000e+00 0.00000000e+00 0.00000000e+00
 0.00000000e+00 0.00000000e+00 0.00000000e+00 0.00000000e+00
 0.00000000e+00]",Z3,60.025354862213135,timeout (60.0 s),"['Z3', 'Bitwuzla', 'MathSAT', 'BOOLECTOR', 'CVC4', 'YICES']",[60]
./tmp/QF_AUFBV/com.galois.ecc.P384ECC64.ec_mul_aux3.short.smt2,"[0.         4.01480638 1.         0.         0.         0.
 0.         4.27247267 0.         0.         0.         0.
 0.         0.         1.         0.         0.         0.
 0.         0.         0.         0.         0.         0.
 0.         0.         0.         0.         0.         0.
 0.         0.96551724 1.         0.         0.         0.
 0.         1.07692308 0.         2.35842294 1.16666667 2.70286576
 2.16806723 0.         4.44443196 0.         6.12760527 2.40078393
 1.66972477 1.11539678 0.         4.56027993 1.28093842 3.19375
 2.41818182 1.47696039 0.97639485 5.38461538 0.         0.
 0.         0.         0.05209302 0.61545293 6.11494253 0.
 0.         0.         0.         0.         0.         0.
 0.         0.         0.         0.         6.83253588 0.
 0.         0.         3.70588235 0.         0.         0.
 0.         0.         0.         0.         0.         0.
 0.         0.         0.         0.         0.         0.
 0.         0.         0.         0.         0.         0.
 0.         0.         0.         0.         0.         0.
 0.         0.         0.         0.         0.         0.
 0.         0.         0.         0.         0.         0.
 0.         0.         0.         0.         0.         0.
 0.         0.         0.         0.         0.         0.
 0.         0.         0.         0.         0.         0.
 0.         0.         0.         0.         0.         0.
 0.         0.         0.         0.         1.57792072 1.
 4.01726244 0.82469432 4.71288671 0.         0.         0.
 0.         0.         2.40078393 0.         4.82780922]",Z3,0.4203782081604004,unsat,"['Z3', 'BOOLECTOR', 'MathSAT', 'Bitwuzla', 'CVC4', 'YICES']",[0.2750380039215088]
./tmp/QF_AUFBV/com.galois.ecc.P384ECC64.ec_twin_mul_init.short.smt2,"[0.         0.47159404 1.         0.         0.         0.
 0.         0.22425914 0.         0.         0.         0.
 0.         0.         1.         0.         0.         0.
 0.         0.         0.         0.         0.         0.
 0.         0.         0.         0.         0.         0.
 0.         0.96774194 1.         0.         0.         0.
 0.         1.07142857 0.         0.26408451 1.15384615 0.17883756
 0.28268551 0.         0.36090102 0.         0.05403687 0.23866924
 2.19321149 1.71380566 0.         0.30996885 0.92460099 0.18518519
 0.24150268 0.04834811 0.12765957 0.14285714 0.         0.
 0.         0.         0.         0.         0.         0.
 0.         0.         0.         0.         0.         0.
 0.         0.         0.         0.         0.         0.
 0.         0.         0.         0.         0.         0.
 0.         0.         0.         0.         0.         0.
 0.         0.         0.         0.         0.         0.
 0.         0.         0.         0.         0.         0.
 0.         0.         0.         0.         0.         0.
 0.         0.         0.         0.         0.         0.
 0.         0.         0.         0.         0.         0.
 0.         0.         0.         0.         0.         0.
 0.         0.         0.         0.         0.         0.
 0.         0.         0.         0.         0.         0.
 0.         0.         0.         0.         0.         0.
 0.         0.         0.         0.         0.17308509 1.
 0.47085732 0.10374219 0.21715288 0.         0.         0.
 0.         0.         0.23866924 0.         0.13050944]",Z3,0.07029914855957031,unsat,"['Z3', 'Bitwuzla', 'MathSAT', 'BOOLECTOR', 'YICES', 'CVC4']",[0.05303311347961426]
./tmp/QF_AUFBV/com.galois.ecc.P384ECC64.ec_full_sub2.short.smt2,"[0.         0.15110834 1.         0.         0.         0.
 0.         0.08075084 0.         0.         0.         0.
 0.         0.         1.         0.         0.         0.
 0.         0.         0.         0.         0.         0.
 0.         0.         0.         0.         0.         0.
 0.         0.96969697 1.         0.         0.         0.
 0.         2.         0.         0.05614035 1.14285714 0.02380952
 0.03760282 0.         0.11232653 0.         0.02031746 0.03079885
 0.68       0.80021282 0.         0.1187384  0.89766234 0.09815951
 0.02857143 0.00644382 0.01700319 0.07582938 0.         0.
 0.         0.         0.         0.         0.         0.
 0.         0.         0.         0.         0.00607211 0.
 0.         0.         0.         0.         0.         0.
 0.         0.         0.         0.         0.         0.
 0.         0.         0.         0.         0.         0.
 0.         0.         0.         0.         0.         0.
 0.         0.         0.         0.         0.         0.
 0.         0.         0.         0.         0.         0.
 0.         0.         0.         0.         0.         0.
 0.         0.         0.         0.         0.         0.
 0.         0.         0.         0.         0.         0.
 0.         0.         0.         0.         0.         0.
 0.         0.         0.         0.         0.         0.
 0.         0.         0.         0.         0.         0.
 0.         0.         0.         0.         0.07082375 1.
 0.15001172 0.04341625 0.09073064 0.         0.         0.
 0.         0.         0.03079885 0.         0.06385405]",CVC4,10.934255123138428,unsat,"['CVC4', 'Z3', 'Bitwuzla', 'YICES', 'BOOLECTOR', 'MathSAT']",[10.927931070327759]
./tmp/QF_AUFBV/com.galois.ecc.P384ECC64.sq_inner12.short.smt2,"[0.00000000e+00 9.23769601e-02 9.99999999e-01 0.00000000e+00
 0.00000000e+00 0.00000000e+00 0.00000000e+00 3.75474865e-02
 0.00000000e+00 0.00000000e+00 0.00000000e+00 0.00000000e+00
 0.00000000e+00 0.00000000e+00 9.99999999e-01 0.00000000e+00
 0.00000000e+00 0.00000000e+00 0.00000000e+00 0.00000000e+00
 0.00000000e+00 0.00000000e+00 0.00000000e+00 0.00000000e+00
 0.00000000e+00 0.00000000e+00 0.00000000e+00 0.00000000e+00
 0.00000000e+00 0.00000000e+00 0.00000000e+00 9.71428571e-01
 9.99999999e-01 0.00000000e+00 0.00000000e+00 0.00000000e+00
 0.00000000e+00 9.99999999e-01 0.00000000e+00 5.94405594e-02
 1.13333333e+00 5.04451039e-02 0.00000000e+00 0.00000000e+00
 6.45161290e-02 0.00000000e+00 1.43793614e-02 2.45074483e-02
 1.26550868e-01 3.23851775e-01 1.69999997e+01 4.89208633e-02
 2.00718686e-01 7.00000000e-01 3.03030303e-02 2.05148833e-02
 0.00000000e+00 0.00000000e+00 1.89518511e-04 0.00000000e+00
 0.00000000e+00 0.00000000e+00 1.57992565e-02 0.00000000e+00
 0.00000000e+00 0.00000000e+00 0.00000000e+00 0.00000000e+00
 0.00000000e+00 0.00000000e+00 0.00000000e+00 0.00000000e+00
 0.00000000e+00 0.00000000e+00 0.00000000e+00 0.00000000e+00
 8.09523809e-02 2.83333333e+00 0.00000000e+00 0.00000000e+00
 0.00000000e+00 0.00000000e+00 0.00000000e+00 0.00000000e+00
 3.09090909e+00 0.00000000e+00 0.00000000e+00 0.00000000e+00
 0.00000000e+00 0.00000000e+00 0.00000000e+00 0.00000000e+00
 0.00000000e+00 0.00000000e+00 0.00000000e+00 0.00000000e+00
 0.00000000e+00 0.00000000e+00 0.00000000e+00 0.00000000e+00
 0.00000000e+00 0.00000000e+00 0.00000000e+00 0.00000000e+00
 0.00000000e+00 0.00000000e+00 0.00000000e+00 0.00000000e+00
 0.00000000e+00 0.00000000e+00 0.00000000e+00 0.00000000e+00
 0.00000000e+00 0.00000000e+00 0.00000000e+00 0.00000000e+00
 0.00000000e+00 0.00000000e+00 0.00000000e+00 0.00000000e+00
 0.00000000e+00 0.00000000e+00 0.00000000e+00 0.00000000e+00
 0.00000000e+00 0.00000000e+00 0.00000000e+00 0.00000000e+00
 0.00000000e+00 0.00000000e+00 0.00000000e+00 0.00000000e+00
 0.00000000e+00 0.00000000e+00 0.00000000e+00 0.00000000e+00
 0.00000000e+00 0.00000000e+00 0.00000000e+00 0.00000000e+00
 0.00000000e+00 0.00000000e+00 0.00000000e+00 0.00000000e+00
 0.00000000e+00 0.00000000e+00 0.00000000e+00 0.00000000e+00
 3.67703620e-02 1.00000000e+00 9.11563569e-02 2.96643002e-02
 3.88423458e-02 0.00000000e+00 0.00000000e+00 0.00000000e+00
 0.00000000e+00 0.00000000e+00 2.45074483e-02 0.00000000e+00
 3.48202094e-02]",Z3,0.08646583557128906,sat,"['Z3', 'CVC4', 'Bitwuzla', 'MathSAT', 'YICES', 'BOOLECTOR']",[0.08272981643676758]
./tmp/QF_AUFBV/opStructure_O_32_32_2_2.smt2,"[0.00000000e+00 1.39719010e-03 9.99999999e-01 0.00000000e+00
 0.00000000e+00 0.00000000e+00 0.00000000e+00 3.17993110e-03
 0.00000000e+00 0.00000000e+00 0.00000000e+00 0.00000000e+00
 0.00000000e+00 0.00000000e+00 9.99999999e-01 0.00000000e+00
 0.00000000e+00 0.00000000e+00 0.00000000e+00 0.00000000e+00
 0.00000000e+00 0.00000000e+00 0.00000000e+00 0.00000000e+00
 0.00000000e+00 0.00000000e+00 0.00000000e+00 0.00000000e+00
 0.00000000e+00 0.00000000e+00 0.00000000e+00 1.20000000e+00
 9.99999999e-01 0.00000000e+00 0.00000000e+00 0.00000000e+00
 1.18375350e+01 0.00000000e+00 5.99999996e+00 0.00000000e+00
 0.00000000e+00 2.66666667e-02 0.00000000e+00 0.00000000e+00
 2.92714657e-03 0.00000000e+00 0.00000000e+00 0.00000000e+00
 8.88888889e-02 3.75000000e-02 0.00000000e+00 7.39675365e-03
 5.52712385e-02 0.00000000e+00 0.00000000e+00 9.94890248e+00
 9.38015267e+00 0.00000000e+00 2.09438390e-01 1.57119841e+00
 0.00000000e+00 0.00000000e+00 1.18002561e+01 1.16133606e+01
 0.00000000e+00 0.00000000e+00 0.00000000e+00 1.19610642e+01
 0.00000000e+00 0.00000000e+00 0.00000000e+00 0.00000000e+00
 0.00000000e+00 0.00000000e+00 0.00000000e+00 0.00000000e+00
 0.00000000e+00 0.00000000e+00 0.00000000e+00 0.00000000e+00
 0.00000000e+00 0.00000000e+00 0.00000000e+00 0.00000000e+00
 0.00000000e+00 0.00000000e+00 0.00000000e+00 0.00000000e+00
 0.00000000e+00 0.00000000e+00 0.00000000e+00 0.00000000e+00
 0.00000000e+00 0.00000000e+00 0.00000000e+00 0.00000000e+00
 0.00000000e+00 0.00000000e+00 0.00000000e+00 0.00000000e+00
 0.00000000e+00 0.00000000e+00 0.00000000e+00 0.00000000e+00
 0.00000000e+00 0.00000000e+00 0.00000000e+00 0.00000000e+00
 0.00000000e+00 0.00000000e+00 0.00000000e+00 0.00000000e+00
 0.00000000e+00 0.00000000e+00 0.00000000e+00 0.00000000e+00
 0.00000000e+00 0.00000000e+00 0.00000000e+00 0.00000000e+00
 0.00000000e+00 0.00000000e+00 0.00000000e+00 0.00000000e+00
 0.00000000e+00 0.00000000e+00 0.00000000e+00 0.00000000e+00
 0.00000000e+00 0.00000000e+00 0.00000000e+00 0.00000000e+00
 0.00000000e+00 0.00000000e+00 0.00000000e+00 0.00000000e+00
 0.00000000e+00 0.00000000e+00 0.00000000e+00 0.00000000e+00
 0.00000000e+00 0.00000000e+00 0.00000000e+00 0.00000000e+00
 0.00000000e+00 0.00000000e+00 0.00000000e+00 0.00000000e+00
 1.96013956e+00 1.00000000e+00 2.79720280e-03 1.59989439e+00
 3.91602306e-03 0.00000000e+00 0.00000000e+00 0.00000000e+00
 0.00000000e+00 0.00000000e+00 0.00000000e+00 0.00000000e+00
 0.00000000e+00]",Z3,60.066367387771606,timeout (60.0 s),"['Z3', 'CVC4', 'Bitwuzla', 'YICES', 'MathSAT', 'BOOLECTOR']",[60]
./tmp/QF_AUFBV/com.galois.ecc.P384ECC64.ec_twin_mul_init2.short.smt2,"[0.         0.57077247 1.         0.         0.         0.
 0.         0.27783097 0.         0.         0.         0.
 0.         0.         1.         0.         0.         0.
 0.         0.         0.         0.         0.         0.
 0.         0.         0.         0.         0.         0.
 0.         0.96202532 1.         0.         0.         0.
 0.         1.05555555 0.         0.32646048 1.1875     0.22254758
 0.35063437 0.         0.44162652 0.         0.06805731 0.29659413
 2.30802603 1.82485876 0.         0.38065036 1.03000968 0.22093023
 0.3        0.02730866 0.07704004 0.17840376 0.         0.
 0.         0.         0.         0.         0.         0.
 0.         0.         0.         0.         0.         0.
 0.         0.         0.         0.         0.         0.
 0.         0.         0.         0.         0.         0.
 0.         0.         0.         0.         0.         0.
 0.         0.         0.         0.         0.         0.
 0.         0.         0.         0.         0.         0.
 0.         0.         0.         0.         0.         0.
 0.         0.         0.         0.         0.         0.
 0.         0.         0.         0.         0.         0.
 0.         0.         0.         0.         0.         0.
 0.         0.         0.         0.         0.         0.
 0.         0.         0.         0.         0.         0.
 0.         0.         0.         0.         0.         0.
 0.         0.         0.         0.         0.19211855 1.
 0.56994272 0.11845062 0.26895442 0.         0.         0.
 0.         0.         0.29659413 0.         0.16290614]",Z3,0.07826566696166992,unsat,"['Z3', 'CVC4', 'Bitwuzla', 'MathSAT', 'YICES', 'BOOLECTOR']",[0.061430931091308594]
./tmp/QF_AUFBV/com.galois.ecc.P384ECC64.ec_full_sub3.short.smt2,"[0.         0.18055659 1.         0.         0.         0.
 0.         0.09873549 0.         0.         0.         0.
 0.         0.         1.         0.         0.         0.
 0.         0.         0.         0.         0.         0.
 0.         0.         0.         0.         0.         0.
 0.         0.96385542 1.         0.         0.         0.
 0.         2.         0.         0.06849315 1.17647059 0.02923977
 0.04602992 0.         0.13567522 0.         0.02525253 0.03777148
 0.71129707 0.84761046 0.         0.14392804 0.99356026 0.11560694
 0.03502627 0.0035926  0.01013171 0.09345794 0.         0.
 0.         0.         0.         0.         0.         0.
 0.         0.         0.         0.         0.00758725 0.
 0.         0.         0.         0.         0.         0.
 0.         0.         0.         0.         0.         0.
 0.         0.         0.         0.         0.         0.
 0.         0.         0.         0.         0.         0.
 0.         0.         0.         0.         0.         0.
 0.         0.         0.         0.         0.         0.
 0.         0.         0.         0.         0.         0.
 0.         0.         0.         0.         0.         0.
 0.         0.         0.         0.         0.         0.
 0.         0.         0.         0.         0.         0.
 0.         0.         0.         0.         0.         0.
 0.         0.         0.         0.         0.         0.
 0.         0.         0.         0.         0.07762009 1.
 0.17926501 0.04893259 0.11090967 0.         0.         0.
 0.         0.         0.03777148 0.         0.07866052]",Z3,0.9929959774017334,unsat,"['Z3', 'MathSAT', 'Bitwuzla', 'CVC4', 'BOOLECTOR', 'YICES']",[0.9869508743286133]
./tmp/QF_AUFBV/com.galois.ecc.P384ECC64.ec_full_add4.short.smt2,"[0.         0.57304594 1.         0.         0.         0.
 0.         0.43286114 0.         0.         0.         0.
 0.         0.         1.         0.         0.         0.
 0.         0.         0.         0.         0.         0.
 0.         0.         0.         0.         0.         0.
 0.         0.96551724 1.         0.         0.         0.
 0.         1.         0.         0.62790698 1.16666667 0.53846154
 0.74583796 0.         0.49178307 0.         0.14918512 0.64393593
 1.00398406 1.5925     0.         0.4276902  1.67964452 0.18051576
 0.60714286 0.06768129 0.16884422 0.         0.         0.
 0.         0.         0.         0.         0.         0.
 0.         0.         0.         0.         0.         0.
 0.         0.         0.         0.         0.         0.
 0.         0.         0.         0.         0.         0.
 0.         0.         0.         0.         0.         0.
 0.         0.         0.         0.         0.         0.
 0.         0.         0.         0.         0.         0.
 0.         0.         0.         0.         0.         0.
 0.         0.         0.         0.         0.         0.
 0.         0.         0.         0.         0.         0.
 0.         0.         0.         0.         0.         0.
 0.         0.         0.         0.         0.         0.
 0.         0.         0.         0.         0.         0.
 0.         0.         0.         0.         0.         0.
 0.         0.         0.         0.         0.22071522 1.
 0.5721863  0.12672281 0.37609971 0.         0.         0.
 0.         0.         0.64393593 0.         0.3412558 ]",Z3,0.10052204132080078,unsat,"['Z3', 'Bitwuzla', 'MathSAT', 'CVC4', 'YICES', 'BOOLECTOR']",[0.08424806594848633]
./tmp/QF_AUFBV/opStructure_O_32_16_2_2.smt2,"[0.00000000e+00 1.59651669e-03 9.99999999e-01 0.00000000e+00
 0.00000000e+00 0.00000000e+00 0.00000000e+00 3.73165974e-03
 0.00000000e+00 0.00000000e+00 0.00000000e+00 0.00000000e+00
 0.00000000e+00 0.00000000e+00 9.99999999e-01 0.00000000e+00
 0.00000000e+00 0.00000000e+00 0.00000000e+00 0.00000000e+00
 0.00000000e+00 0.00000000e+00 0.00000000e+00 0.00000000e+00
 0.00000000e+00 0.00000000e+00 0.00000000e+00 0.00000000e+00
 0.00000000e+00 0.00000000e+00 0.00000000e+00 1.19565217e+00
 9.99999999e-01 0.00000000e+00 0.00000000e+00 0.00000000e+00
 5.44590164e+00 0.00000000e+00 5.49999997e+00 0.00000000e+00
 0.00000000e+00 3.12944523e-02 0.00000000e+00 0.00000000e+00
 3.38896021e-03 0.00000000e+00 0.00000000e+00 0.00000000e+00
 8.73015873e-02 3.66056572e-02 0.00000000e+00 8.61309582e-03
 5.57197130e-02 0.00000000e+00 0.00000000e+00 4.74540093e+00
 4.50199840e+00 0.00000000e+00 1.27249822e-01 9.20440152e-01
 0.00000000e+00 0.00000000e+00 5.43105111e+00 5.36502264e+00
 0.00000000e+00 0.00000000e+00 0.00000000e+00 5.48660497e+00
 0.00000000e+00 0.00000000e+00 0.00000000e+00 0.00000000e+00
 0.00000000e+00 0.00000000e+00 0.00000000e+00 0.00000000e+00
 0.00000000e+00 0.00000000e+00 0.00000000e+00 0.00000000e+00
 0.00000000e+00 0.00000000e+00 0.00000000e+00 0.00000000e+00
 0.00000000e+00 0.00000000e+00 0.00000000e+00 0.00000000e+00
 0.00000000e+00 0.00000000e+00 0.00000000e+00 0.00000000e+00
 0.00000000e+00 0.00000000e+00 0.00000000e+00 0.00000000e+00
 0.00000000e+00 0.00000000e+00 0.00000000e+00 0.00000000e+00
 0.00000000e+00 0.00000000e+00 0.00000000e+00 0.00000000e+00
 0.00000000e+00 0.00000000e+00 0.00000000e+00 0.00000000e+00
 0.00000000e+00 0.00000000e+00 0.00000000e+00 0.00000000e+00
 0.00000000e+00 0.00000000e+00 0.00000000e+00 0.00000000e+00
 0.00000000e+00 0.00000000e+00 0.00000000e+00 0.00000000e+00
 0.00000000e+00 0.00000000e+00 0.00000000e+00 0.00000000e+00
 0.00000000e+00 0.00000000e+00 0.00000000e+00 0.00000000e+00
 0.00000000e+00 0.00000000e+00 0.00000000e+00 0.00000000e+00
 0.00000000e+00 0.00000000e+00 0.00000000e+00 0.00000000e+00
 0.00000000e+00 0.00000000e+00 0.00000000e+00 0.00000000e+00
 0.00000000e+00 0.00000000e+00 0.00000000e+00 0.00000000e+00
 0.00000000e+00 0.00000000e+00 0.00000000e+00 0.00000000e+00
 1.11194488e+00 1.00000000e+00 3.19651290e-03 9.24687258e-01
 4.60732984e-03 0.00000000e+00 0.00000000e+00 0.00000000e+00
 0.00000000e+00 0.00000000e+00 0.00000000e+00 0.00000000e+00
 0.00000000e+00]",Z3,60.02401399612427,timeout (60.0 s),"['Z3', 'Bitwuzla', 'CVC4', 'YICES', 'MathSAT', 'BOOLECTOR']",[60]
./tmp/QF_AUFBV/com.galois.ecc.P384ECC64.mod_div12.short.smt2,"[0.         0.26235741 1.         0.         0.         0.
 0.         0.22789487 0.         0.         0.         0.
 0.         0.         1.         0.         0.         0.
 0.         0.         0.         0.         0.         0.
 0.         0.         0.         0.         0.         0.
 0.         0.95833333 1.         0.         0.         0.
 0.         1.04545454 0.         0.26436782 1.21052631 0.16242938
 0.15214994 0.         0.20599461 0.         0.0527413  0.17756585
 0.62162162 1.93236807 0.         0.27799265 2.9753767  0.03290415
 0.23232323 0.02258698 0.03212932 0.         0.         0.
 0.         0.         0.         0.01095499 0.         0.
 0.         0.         0.         0.         0.01308057 0.
 0.         0.         0.         0.         0.10900474 0.
 0.         0.         0.27845036 0.         0.         0.
 0.         0.         0.         0.         0.         0.
 0.         0.         0.         0.         0.         0.
 0.         0.         0.         0.         0.         0.
 0.         0.         0.         0.         0.         0.
 0.         0.         0.         0.         0.         0.
 0.         0.         0.         0.         0.         0.
 0.         0.         0.         0.         0.         0.
 0.         0.         0.         0.         0.         0.
 0.         0.         0.         0.         0.         0.
 0.         0.         0.         0.         0.         0.
 0.         0.         0.         0.         0.16474651 1.
 0.26100697 0.06647327 0.23362355 0.         0.         0.
 0.         0.         0.17756585 0.         0.21161008]",Z3,0.06025886535644531,unsat,"['Z3', 'Bitwuzla', 'CVC4', 'MathSAT', 'YICES', 'BOOLECTOR']",[0.0518949031829834]
./tmp/QF_AUFBV/com.galois.ecc.P384ECC64.mod_div10.short.smt2,"[0.         0.22176416 1.         0.         0.         0.
 0.         0.17802967 0.         0.         0.         0.
 0.         0.         1.         0.         0.         0.
 0.         0.         0.         0.         0.         0.
 0.         0.         0.         0.         0.         0.
 0.         0.96       1.         0.         0.         0.
 0.         1.04347826 0.         0.11764706 1.2        0.06760563
 0.13157895 0.         0.17218208 0.         0.04494382 0.09769335
 0.63157895 1.80940638 0.         0.23894314 2.6727629  0.
 0.08053691 0.01009676 0.02392344 0.         0.         0.
 0.         0.         0.         0.00857041 0.         0.
 0.         0.         0.         0.         0.00909608 0.
 0.         0.         0.         0.         0.         0.
 0.         0.         0.23021583 0.         0.         0.
 0.         0.         0.         0.         0.         0.
 0.         0.         0.         0.         0.         0.
 0.         0.         0.         0.         0.         0.
 0.         0.         0.         0.         0.         0.
 0.         0.         0.         0.         0.         0.
 0.         0.         0.         0.         0.         0.
 0.         0.         0.         0.         0.         0.
 0.         0.         0.         0.         0.         0.
 0.         0.         0.         0.         0.         0.
 0.         0.         0.         0.         0.         0.
 0.         0.         0.         0.         0.1534323  1.
 0.22032451 0.05845962 0.19002571 0.         0.         0.
 0.         0.         0.09769335 0.         0.16447297]",Z3,0.05977773666381836,unsat,"['Z3', 'CVC4', 'Bitwuzla', 'BOOLECTOR', 'YICES', 'MathSAT']",[0.05219697952270508]
./tmp/QF_AUFBV/com.galois.ecc.P384ECC64.mod_div14.short.smt2,"[0.         0.2776411  1.         0.         0.         0.
 0.         0.24143624 0.         0.         0.         0.
 0.         0.         1.         0.         0.         0.
 0.         0.         0.         0.         0.         0.
 0.         0.         0.         0.         0.         0.
 0.         0.96153846 1.         0.         0.         0.
 0.         1.04166667 0.         0.24271845 1.19047619 0.17482517
 0.16339869 0.         0.21910056 0.         0.0622665  0.17961383
 0.64102564 1.8020595  0.         0.29562009 2.57762156 0.03571429
 0.20798669 0.02451667 0.03483974 0.         0.         0.
 0.         0.         0.         0.01189768 0.         0.
 0.         0.         0.         0.         0.01420455 0.
 0.         0.         0.         0.         0.11792453 0.
 0.         0.         0.35460993 0.         0.         0.
 0.         0.         0.         0.         0.         0.
 0.         0.         0.         0.         0.         0.
 0.         0.         0.         0.         0.         0.
 0.         0.         0.         0.         0.         0.
 0.         0.         0.         0.         0.         0.
 0.         0.         0.         0.         0.         0.
 0.         0.         0.         0.         0.         0.
 0.         0.         0.         0.         0.         0.
 0.         0.         0.         0.         0.         0.
 0.         0.         0.         0.         0.         0.
 0.         0.         0.         0.         0.17658709 1.
 0.27623337 0.07160244 0.24941464 0.         0.         0.
 0.         0.         0.17961383 0.         0.22636628]",Z3,0.09192323684692383,unsat,"['Z3', 'CVC4', 'Bitwuzla', 'YICES', 'BOOLECTOR', 'MathSAT']",[0.08379888534545898]
./tmp/QF_AUFBV/opStructure_C_16_32_2_2.smt2,"[0.00000000e+00 1.82738263e-03 9.99999999e-01 0.00000000e+00
 0.00000000e+00 0.00000000e+00 0.00000000e+00 4.29149129e-03
 0.00000000e+00 0.00000000e+00 0.00000000e+00 0.00000000e+00
 0.00000000e+00 0.00000000e+00 9.99999999e-01 0.00000000e+00
 0.00000000e+00 0.00000000e+00 0.00000000e+00 0.00000000e+00
 0.00000000e+00 0.00000000e+00 0.00000000e+00 0.00000000e+00
 0.00000000e+00 0.00000000e+00 0.00000000e+00 0.00000000e+00
 0.00000000e+00 0.00000000e+00 0.00000000e+00 1.19266055e+00
 9.99999999e-01 0.00000000e+00 0.00000000e+00 0.00000000e+00
 1.38904899e+00 0.00000000e+00 5.19999997e+00 0.00000000e+00
 0.00000000e+00 7.25244072e-02 0.00000000e+00 0.00000000e+00
 5.20729021e-03 0.00000000e+00 0.00000000e+00 0.00000000e+00
 9.48905109e-02 3.39536402e-02 0.00000000e+00 9.83451537e-03
 4.56140351e-02 0.00000000e+00 0.00000000e+00 1.17549492e+00
 1.10996760e+00 0.00000000e+00 3.41338001e-02 2.44667503e-01
 0.00000000e+00 0.00000000e+00 1.37716895e+00 1.33799797e+00
 0.00000000e+00 0.00000000e+00 0.00000000e+00 1.34503464e+00
 0.00000000e+00 0.00000000e+00 0.00000000e+00 0.00000000e+00
 0.00000000e+00 0.00000000e+00 0.00000000e+00 0.00000000e+00
 0.00000000e+00 0.00000000e+00 0.00000000e+00 0.00000000e+00
 0.00000000e+00 0.00000000e+00 0.00000000e+00 0.00000000e+00
 0.00000000e+00 0.00000000e+00 0.00000000e+00 0.00000000e+00
 0.00000000e+00 0.00000000e+00 0.00000000e+00 0.00000000e+00
 0.00000000e+00 0.00000000e+00 0.00000000e+00 0.00000000e+00
 0.00000000e+00 0.00000000e+00 0.00000000e+00 0.00000000e+00
 0.00000000e+00 0.00000000e+00 0.00000000e+00 0.00000000e+00
 0.00000000e+00 0.00000000e+00 0.00000000e+00 0.00000000e+00
 0.00000000e+00 0.00000000e+00 0.00000000e+00 0.00000000e+00
 0.00000000e+00 0.00000000e+00 0.00000000e+00 0.00000000e+00
 0.00000000e+00 0.00000000e+00 0.00000000e+00 0.00000000e+00
 0.00000000e+00 0.00000000e+00 0.00000000e+00 0.00000000e+00
 0.00000000e+00 0.00000000e+00 0.00000000e+00 0.00000000e+00
 0.00000000e+00 0.00000000e+00 0.00000000e+00 0.00000000e+00
 0.00000000e+00 0.00000000e+00 0.00000000e+00 0.00000000e+00
 0.00000000e+00 0.00000000e+00 0.00000000e+00 0.00000000e+00
 0.00000000e+00 0.00000000e+00 0.00000000e+00 0.00000000e+00
 0.00000000e+00 0.00000000e+00 0.00000000e+00 0.00000000e+00
 2.89464699e-01 1.00000000e+00 5.48831973e-03 2.42629758e-01
 5.29262087e-03 0.00000000e+00 0.00000000e+00 0.00000000e+00
 0.00000000e+00 0.00000000e+00 0.00000000e+00 0.00000000e+00
 0.00000000e+00]",Z3,60.00635600090027,timeout (60.0 s),"['Z3', 'CVC4', 'Bitwuzla', 'BOOLECTOR', 'YICES', 'MathSAT']",[60]
./tmp/QF_AUFBV/com.galois.ecc.P384ECC64.sq_inner22.short.smt2,"[0.00000000e+00 1.43456376e-01 9.99999999e-01 0.00000000e+00
 0.00000000e+00 0.00000000e+00 0.00000000e+00 7.11169644e-02
 0.00000000e+00 0.00000000e+00 0.00000000e+00 0.00000000e+00
 0.00000000e+00 0.00000000e+00 9.99999999e-01 0.00000000e+00
 0.00000000e+00 0.00000000e+00 0.00000000e+00 0.00000000e+00
 0.00000000e+00 0.00000000e+00 0.00000000e+00 0.00000000e+00
 0.00000000e+00 0.00000000e+00 0.00000000e+00 0.00000000e+00
 0.00000000e+00 0.00000000e+00 0.00000000e+00 9.55752212e-01
 9.99999999e-01 0.00000000e+00 0.00000000e+00 0.00000000e+00
 0.00000000e+00 1.08000000e+00 0.00000000e+00 8.70967742e-02
 1.22727273e+00 7.51043115e-02 0.00000000e+00 0.00000000e+00
 1.02354350e-01 0.00000000e+00 2.23973455e-02 3.63228700e-02
 1.47005445e-01 3.17954509e-01 1.34999998e+01 9.16030534e-02
 1.80365960e-01 1.03846154e+00 4.48504983e-02 2.16519647e-02
 0.00000000e+00 0.00000000e+00 5.90764383e-04 1.05861596e-03
 0.00000000e+00 0.00000000e+00 6.16297649e-03 0.00000000e+00
 0.00000000e+00 0.00000000e+00 0.00000000e+00 0.00000000e+00
 0.00000000e+00 0.00000000e+00 0.00000000e+00 0.00000000e+00
 0.00000000e+00 0.00000000e+00 0.00000000e+00 0.00000000e+00
 1.26760563e-01 6.74999998e+00 0.00000000e+00 0.00000000e+00
 0.00000000e+00 0.00000000e+00 0.00000000e+00 0.00000000e+00
 4.15384615e+00 0.00000000e+00 0.00000000e+00 0.00000000e+00
 0.00000000e+00 0.00000000e+00 0.00000000e+00 0.00000000e+00
 0.00000000e+00 0.00000000e+00 0.00000000e+00 0.00000000e+00
 0.00000000e+00 0.00000000e+00 0.00000000e+00 0.00000000e+00
 0.00000000e+00 0.00000000e+00 0.00000000e+00 0.00000000e+00
 0.00000000e+00 0.00000000e+00 0.00000000e+00 0.00000000e+00
 0.00000000e+00 0.00000000e+00 0.00000000e+00 0.00000000e+00
 0.00000000e+00 0.00000000e+00 0.00000000e+00 0.00000000e+00
 0.00000000e+00 0.00000000e+00 0.00000000e+00 0.00000000e+00
 0.00000000e+00 0.00000000e+00 0.00000000e+00 0.00000000e+00
 0.00000000e+00 0.00000000e+00 0.00000000e+00 0.00000000e+00
 0.00000000e+00 0.00000000e+00 0.00000000e+00 0.00000000e+00
 0.00000000e+00 0.00000000e+00 0.00000000e+00 0.00000000e+00
 0.00000000e+00 0.00000000e+00 0.00000000e+00 0.00000000e+00
 0.00000000e+00 0.00000000e+00 0.00000000e+00 0.00000000e+00
 0.00000000e+00 0.00000000e+00 0.00000000e+00 0.00000000e+00
 5.03960372e-02 1.00000000e+00 1.41737244e-01 4.23343698e-02
 7.67279001e-02 0.00000000e+00 0.00000000e+00 0.00000000e+00
 0.00000000e+00 0.00000000e+00 3.63228700e-02 0.00000000e+00
 7.25650398e-02]",Z3,0.09129810333251953,sat,"['Z3', 'CVC4', 'MathSAT', 'Bitwuzla', 'YICES', 'BOOLECTOR']",[0.08736896514892578]
./tmp/QF_AUFBV/com.galois.ecc.P384ECC64.mul_inner3.short.smt2,"[0.00000000e+00 2.61790983e-01 9.99999999e-01 0.00000000e+00
 0.00000000e+00 0.00000000e+00 0.00000000e+00 1.94539807e-01
 0.00000000e+00 0.00000000e+00 0.00000000e+00 0.00000000e+00
 0.00000000e+00 0.00000000e+00 9.99999999e-01 0.00000000e+00
 0.00000000e+00 0.00000000e+00 0.00000000e+00 0.00000000e+00
 0.00000000e+00 0.00000000e+00 0.00000000e+00 0.00000000e+00
 0.00000000e+00 0.00000000e+00 0.00000000e+00 0.00000000e+00
 0.00000000e+00 0.00000000e+00 0.00000000e+00 9.57264957e-01
 9.99999999e-01 0.00000000e+00 0.00000000e+00 0.00000000e+00
 0.00000000e+00 1.07692308e+00 0.00000000e+00 2.68370607e-01
 1.21739130e+00 3.84087791e-01 2.11891892e-01 0.00000000e+00
 1.98306176e-01 0.00000000e+00 8.10587262e-02 2.73534636e-01
 2.01801802e-01 3.61146497e-01 1.39999999e+01 1.91314115e-01
 1.85804962e-01 1.10817942e+00 2.30642504e-01 4.85657105e-02
 3.73049105e-02 0.00000000e+00 1.22523547e-03 1.09778091e-03
 0.00000000e+00 0.00000000e+00 0.00000000e+00 0.00000000e+00
 0.00000000e+00 0.00000000e+00 0.00000000e+00 0.00000000e+00
 0.00000000e+00 0.00000000e+00 0.00000000e+00 0.00000000e+00
 0.00000000e+00 0.00000000e+00 0.00000000e+00 0.00000000e+00
 0.00000000e+00 7.63636362e+00 0.00000000e+00 0.00000000e+00
 0.00000000e+00 0.00000000e+00 0.00000000e+00 0.00000000e+00
 9.80000000e+00 0.00000000e+00 0.00000000e+00 0.00000000e+00
 0.00000000e+00 0.00000000e+00 0.00000000e+00 0.00000000e+00
 0.00000000e+00 0.00000000e+00 0.00000000e+00 0.00000000e+00
 0.00000000e+00 0.00000000e+00 0.00000000e+00 0.00000000e+00
 0.00000000e+00 0.00000000e+00 0.00000000e+00 0.00000000e+00
 0.00000000e+00 0.00000000e+00 0.00000000e+00 0.00000000e+00
 0.00000000e+00 0.00000000e+00 0.00000000e+00 0.00000000e+00
 0.00000000e+00 0.00000000e+00 0.00000000e+00 0.00000000e+00
 0.00000000e+00 0.00000000e+00 0.00000000e+00 0.00000000e+00
 0.00000000e+00 0.00000000e+00 0.00000000e+00 0.00000000e+00
 0.00000000e+00 0.00000000e+00 0.00000000e+00 0.00000000e+00
 0.00000000e+00 0.00000000e+00 0.00000000e+00 0.00000000e+00
 0.00000000e+00 0.00000000e+00 0.00000000e+00 0.00000000e+00
 0.00000000e+00 0.00000000e+00 0.00000000e+00 0.00000000e+00
 0.00000000e+00 0.00000000e+00 0.00000000e+00 0.00000000e+00
 0.00000000e+00 0.00000000e+00 0.00000000e+00 0.00000000e+00
 8.80739982e-02 1.00000000e+00 2.60176132e-01 6.72541596e-02
 1.75088250e-01 0.00000000e+00 0.00000000e+00 0.00000000e+00
 0.00000000e+00 0.00000000e+00 2.73534636e-01 0.00000000e+00
 1.73504274e-01]",Z3,0.09179997444152832,sat,"['Z3', 'MathSAT', 'CVC4', 'BOOLECTOR', 'Bitwuzla', 'YICES']",[0.08489203453063965]
./tmp/QF_AUFBV/com.galois.ecc.P384ECC64.ec_twin_mul_init1.short.smt2,"[0.         0.77982208 1.         0.         0.         0.
 0.         0.39283986 0.         0.         0.         0.
 0.         0.         1.         0.         0.         0.
 0.         0.         0.         0.         0.         0.
 0.         0.         0.         0.         0.         0.
 0.         0.95867769 1.         0.         0.         0.
 0.         1.07407407 0.         0.45597484 1.20833333 0.31478969
 0.49309245 0.         0.617111   0.         0.10158665 0.41881838
 2.65793781 1.76913876 0.         0.53027658 0.9077697  0.30287206
 0.4237013  0.03092096 0.08804554 0.26851852 0.         0.
 0.         0.         0.         0.         0.         0.
 0.         0.         0.         0.         0.         0.
 0.         0.         0.         0.         0.         0.
 0.         0.         0.         0.         0.         0.
 0.         0.         0.         0.         0.         0.
 0.         0.         0.         0.         0.         0.
 0.         0.         0.         0.         0.         0.
 0.         0.         0.         0.         0.         0.
 0.         0.         0.         0.         0.         0.
 0.         0.         0.         0.         0.         0.
 0.         0.         0.         0.         0.         0.
 0.         0.         0.         0.         0.         0.
 0.         0.         0.         0.         0.         0.
 0.         0.         0.         0.         0.         0.
 0.         0.         0.         0.         0.26208436 1.
 0.77886497 0.16709807 0.38100926 0.         0.         0.
 0.         0.         0.41881838 0.         0.23357355]",Z3,0.06867313385009766,unsat,"['Z3', 'CVC4', 'Bitwuzla', 'BOOLECTOR', 'YICES', 'MathSAT']",[0.051711082458496094]
./tmp/QF_AUFBV/com.galois.ecc.P384ECC64.ec_twin_mul_aux11.short.smt2,"[0.         2.48145401 1.         0.         0.         0.
 0.         2.5477754  0.         0.         0.         0.
 0.         0.         1.         0.         0.         0.
 0.         0.         0.         0.         0.         0.
 0.         0.         0.         0.         0.         0.
 0.         0.96       1.         0.         0.         0.
 0.         1.07142857 0.         3.82716049 1.2        3.58422939
 4.74955277 0.         2.3693022  0.         1.01532948 4.17106255
 2.26928896 1.58073654 0.         2.14249147 1.18389262 4.83023001
 3.89830508 0.39458109 0.97484854 0.27522936 0.         0.
 0.         0.         0.         0.         0.         0.
 0.         0.         0.         0.         0.         0.
 0.         0.         0.         0.         0.         0.
 0.         0.         0.         0.         0.         0.
 0.         0.         0.         0.         0.         0.
 0.         0.         0.         0.         0.         0.
 0.         0.         0.         0.         0.         0.
 0.         0.         0.         0.         0.         0.
 0.         0.         0.         0.         0.         0.
 0.         0.         0.         0.         0.         0.
 0.         0.         0.         0.         0.         0.
 0.         0.         0.         0.         0.         0.
 0.         0.         0.         0.         0.         0.
 0.         0.         0.         0.         0.         0.
 0.         0.         0.         0.         0.84063101 1.
 2.48266898 0.57883499 2.15869204 0.         0.         0.
 0.         0.         4.17106255 0.         2.15150025]",Z3,4.901370286941528,unsat,"['Z3', 'BOOLECTOR', 'CVC4', 'MathSAT', 'YICES', 'Bitwuzla']",[4.847861051559448]
./tmp/QF_AUFBV/com.galois.ecc.P384ECC64.signHash3.short.smt2,"[ 0.          2.42700855  1.          0.          0.          0.
  0.          2.4828616   0.          0.          0.          0.
  0.          0.          1.          0.          0.          0.
  0.          0.          0.          0.          0.          0.
  0.          0.          0.          0.          0.          0.
  0.          0.96124031  1.          0.          0.          0.
  0.          1.06896552  0.          4.59929907  1.19230769  4.79090909
  3.85982772  0.          2.03053945  0.          0.88725585  4.39133247
  2.54027778  2.01959746  0.          2.01555644  1.65438374  0.06775956
  4.68345324  0.61152656  0.87923653  2.95850622  0.          0.
  0.          0.          0.          0.          3.47959184  0.
  0.          0.          0.          0.          0.03518729  0.
  0.          0.          0.          0.          0.          0.
  0.          0.         10.15262321  0.          0.          0.
  0.          0.          0.          0.          0.          0.
  0.          0.          0.          0.          0.          0.
  0.          0.          0.          0.          0.          0.
  0.          0.          0.          0.          0.          0.
  0.          0.          0.          0.          0.          0.
  0.          0.          0.          0.          0.          0.
  0.          0.          0.          0.          0.          0.
  0.          0.          0.          0.          0.          0.
  0.          0.          0.          0.          0.          0.
  0.          0.          0.          0.          0.          0.
  0.          0.          0.          0.          0.87376556  1.
  2.42814764  0.56148758  1.95577672  0.          0.          0.
  0.          0.          4.39133247  0.          1.91693586]",Z3,0.7847030162811279,unsat,"['Z3', 'BOOLECTOR', 'MathSAT', 'YICES', 'Bitwuzla', 'CVC4']",[0.7284140586853027]
./tmp/QF_AUFBV/opStructure_NPT_2.smt2,"[0.         0.00182326 1.         0.         0.         0.
 0.         0.0043434  0.         0.         0.         0.
 0.         0.         1.         0.         0.         0.
 0.         0.         0.         0.         0.         0.
 0.         0.         0.         0.         0.         0.
 0.         1.19402985 1.         0.         0.         0.
 0.0707808  0.         0.         0.         0.         0.03229062
 0.         0.         0.00266989 0.         0.         0.
 0.08864266 0.03386243 0.         0.01020815 0.0487186  0.
 0.         0.         0.         0.         0.00629997 0.01254115
 0.         0.         0.         0.032469   0.         0.
 0.         0.         0.         0.         0.         0.
 0.         0.         0.         0.         0.         0.
 0.         0.         0.         0.         0.         0.
 0.         0.         0.         0.         0.         0.
 0.         0.         0.         0.         0.         0.
 0.         0.         0.         0.         0.         0.
 0.         0.         0.         0.         0.         0.
 0.         0.         0.         0.         0.         0.
 0.         0.         0.         0.         0.         0.
 0.         0.         0.         0.         0.         0.
 0.         0.         0.         0.         0.         0.
 0.         0.         0.         0.         0.         0.
 0.         0.         0.         0.         0.         0.
 0.         0.         0.         0.         0.01329941 1.
 0.00365068 0.01006836 0.00553777 0.         0.         0.
 0.         0.         0.         0.         0.        ]",Z3,60.00159502029419,timeout (60.0 s),"['Z3', 'Bitwuzla', 'CVC4', 'YICES', 'BOOLECTOR', 'MathSAT']",[60]
./tmp/QF_AUFBV/opStructure_NPT_1.smt2,"[0.         0.00188013 1.         0.         0.         0.
 0.         0.00447852 0.         0.         0.         0.
 0.         0.         1.         0.         0.         0.
 0.         0.         0.         0.         0.         0.
 0.         0.         0.         0.         0.         0.
 0.         1.18705036 1.         0.         0.         0.
 0.12362274 0.         0.         0.         0.         0.03326613
 0.         0.         0.0027531  0.         0.         0.
 0.09116022 0.03488372 0.         0.0105238  0.05016468 0.
 0.         0.         0.         0.         0.01082452 0.02197157
 0.         0.         0.         0.05571187 0.         0.
 0.         0.         0.         0.         0.         0.
 0.         0.         0.         0.         0.         0.
 0.         0.         0.         0.         0.         0.
 0.         0.         0.         0.         0.         0.
 0.         0.         0.         0.         0.         0.
 0.         0.         0.         0.         0.         0.
 0.         0.         0.         0.         0.         0.
 0.         0.         0.         0.         0.         0.
 0.         0.         0.         0.         0.         0.
 0.         0.         0.         0.         0.         0.
 0.         0.         0.         0.         0.         0.
 0.         0.         0.         0.         0.         0.
 0.         0.         0.         0.         0.         0.
 0.         0.         0.         0.         0.01906301 1.
 0.00376433 0.01456325 0.00570984 0.         0.         0.
 0.         0.         0.         0.         0.        ]",Z3,60.00110220909119,timeout (60.0 s),"['Z3', 'CVC4', 'Bitwuzla', 'BOOLECTOR', 'MathSAT', 'YICES']",[60]
./tmp/QF_AUFBV/opStructure_MBA_6.smt2,"[3.39999988e+01 1.93699083e-03 9.99999999e-01 0.00000000e+00
 0.00000000e+00 0.00000000e+00 0.00000000e+00 1.61421595e-02
 0.00000000e+00 0.00000000e+00 0.00000000e+00 0.00000000e+00
 0.00000000e+00 0.00000000e+00 9.99999999e-01 0.00000000e+00
 0.00000000e+00 0.00000000e+00 0.00000000e+00 0.00000000e+00
 0.00000000e+00 0.00000000e+00 0.00000000e+00 0.00000000e+00
 0.00000000e+00 0.00000000e+00 0.00000000e+00 0.00000000e+00
 0.00000000e+00 0.00000000e+00 0.00000000e+00 1.18055556e+00
 9.99999999e-01 0.00000000e+00 0.00000000e+00 0.00000000e+00
 7.47581354e-02 0.00000000e+00 0.00000000e+00 0.00000000e+00
 0.00000000e+00 0.00000000e+00 0.00000000e+00 0.00000000e+00
 1.41820305e-03 0.00000000e+00 0.00000000e+00 0.00000000e+00
 3.25581395e-01 1.25329121e-01 0.00000000e+00 3.79071434e-02
 1.79939516e-01 0.00000000e+00 0.00000000e+00 1.75257732e-02
 1.81850597e-02 0.00000000e+00 7.83873872e+00 8.61928429e+00
 0.00000000e+00 0.00000000e+00 8.51548270e-02 0.00000000e+00
 0.00000000e+00 0.00000000e+00 0.00000000e+00 7.83410138e-02
 0.00000000e+00 0.00000000e+00 1.38763856e+01 0.00000000e+00
 0.00000000e+00 0.00000000e+00 0.00000000e+00 0.00000000e+00
 0.00000000e+00 0.00000000e+00 0.00000000e+00 0.00000000e+00
 0.00000000e+00 0.00000000e+00 0.00000000e+00 0.00000000e+00
 0.00000000e+00 0.00000000e+00 0.00000000e+00 0.00000000e+00
 0.00000000e+00 0.00000000e+00 0.00000000e+00 0.00000000e+00
 0.00000000e+00 0.00000000e+00 0.00000000e+00 0.00000000e+00
 0.00000000e+00 0.00000000e+00 0.00000000e+00 0.00000000e+00
 0.00000000e+00 0.00000000e+00 0.00000000e+00 0.00000000e+00
 0.00000000e+00 0.00000000e+00 0.00000000e+00 0.00000000e+00
 0.00000000e+00 0.00000000e+00 0.00000000e+00 0.00000000e+00
 0.00000000e+00 0.00000000e+00 0.00000000e+00 0.00000000e+00
 0.00000000e+00 0.00000000e+00 0.00000000e+00 0.00000000e+00
 0.00000000e+00 0.00000000e+00 0.00000000e+00 0.00000000e+00
 0.00000000e+00 0.00000000e+00 0.00000000e+00 0.00000000e+00
 0.00000000e+00 0.00000000e+00 0.00000000e+00 0.00000000e+00
 0.00000000e+00 0.00000000e+00 0.00000000e+00 1.69999997e+01
 0.00000000e+00 0.00000000e+00 0.00000000e+00 0.00000000e+00
 0.00000000e+00 0.00000000e+00 0.00000000e+00 0.00000000e+00
 0.00000000e+00 0.00000000e+00 0.00000000e+00 0.00000000e+00
 4.25129287e+00 1.00000000e+00 1.93908977e-03 5.73512805e+00
 2.05775549e-02 0.00000000e+00 0.00000000e+00 0.00000000e+00
 0.00000000e+00 0.00000000e+00 0.00000000e+00 0.00000000e+00
 0.00000000e+00]",Z3,1.1623587608337402,sat,"['Z3', 'MathSAT', 'CVC4', 'YICES', 'BOOLECTOR', 'Bitwuzla']",[1.0855309963226318]
./tmp/QF_AUFBV/com.galois.ecc.P384ECC64.sq_inner23.short.smt2,"[0.00000000e+00 7.95771045e-02 9.99999999e-01 0.00000000e+00
 0.00000000e+00 0.00000000e+00 0.00000000e+00 8.28878815e-02
 0.00000000e+00 0.00000000e+00 0.00000000e+00 0.00000000e+00
 0.00000000e+00 0.00000000e+00 9.99999999e-01 0.00000000e+00
 0.00000000e+00 0.00000000e+00 0.00000000e+00 0.00000000e+00
 0.00000000e+00 0.00000000e+00 0.00000000e+00 0.00000000e+00
 0.00000000e+00 0.00000000e+00 0.00000000e+00 0.00000000e+00
 0.00000000e+00 0.00000000e+00 0.00000000e+00 9.45945946e-01
 9.99999999e-01 0.00000000e+00 0.00000000e+00 0.00000000e+00
 0.00000000e+00 1.16666667e+00 0.00000000e+00 8.15850816e-02
 1.29629629e+00 7.04225352e-02 0.00000000e+00 0.00000000e+00
 5.82993254e-02 0.00000000e+00 2.70531401e-02 3.39256866e-02
 4.78142076e-02 1.51395989e-01 0.00000000e+00 1.02826743e-01
 2.01703834e-01 7.63358779e-02 4.19161677e-02 2.70409477e-02
 0.00000000e+00 2.88065844e-01 8.83347635e-04 2.04642460e-03
 0.00000000e+00 0.00000000e+00 7.96722058e-03 7.87667379e-03
 0.00000000e+00 0.00000000e+00 0.00000000e+00 0.00000000e+00
 0.00000000e+00 0.00000000e+00 0.00000000e+00 0.00000000e+00
 0.00000000e+00 0.00000000e+00 0.00000000e+00 0.00000000e+00
 4.86111111e-01 5.38461537e+00 0.00000000e+00 0.00000000e+00
 0.00000000e+00 0.00000000e+00 0.00000000e+00 0.00000000e+00
 3.18181818e+00 0.00000000e+00 0.00000000e+00 0.00000000e+00
 0.00000000e+00 0.00000000e+00 0.00000000e+00 0.00000000e+00
 0.00000000e+00 0.00000000e+00 0.00000000e+00 0.00000000e+00
 0.00000000e+00 0.00000000e+00 0.00000000e+00 0.00000000e+00
 0.00000000e+00 0.00000000e+00 0.00000000e+00 0.00000000e+00
 0.00000000e+00 0.00000000e+00 0.00000000e+00 0.00000000e+00
 0.00000000e+00 0.00000000e+00 0.00000000e+00 0.00000000e+00
 0.00000000e+00 0.00000000e+00 0.00000000e+00 0.00000000e+00
 0.00000000e+00 0.00000000e+00 0.00000000e+00 0.00000000e+00
 0.00000000e+00 0.00000000e+00 0.00000000e+00 0.00000000e+00
 0.00000000e+00 0.00000000e+00 0.00000000e+00 0.00000000e+00
 0.00000000e+00 0.00000000e+00 0.00000000e+00 0.00000000e+00
 0.00000000e+00 0.00000000e+00 0.00000000e+00 0.00000000e+00
 0.00000000e+00 0.00000000e+00 0.00000000e+00 0.00000000e+00
 0.00000000e+00 0.00000000e+00 0.00000000e+00 0.00000000e+00
 0.00000000e+00 0.00000000e+00 0.00000000e+00 0.00000000e+00
 3.38402536e-02 1.00000000e+00 7.76759802e-02 2.99354523e-02
 9.35586790e-02 0.00000000e+00 0.00000000e+00 0.00000000e+00
 0.00000000e+00 0.00000000e+00 3.39256866e-02 0.00000000e+00
 9.66405890e-02]",Z3,0.05601310729980469,sat,"['Z3', 'Bitwuzla', 'CVC4', 'YICES', 'BOOLECTOR', 'MathSAT']",[0.0525660514831543]
./tmp/QF_AUFBV/com.galois.ecc.P384ECC64.ec_mul_aux2.short.smt2,"[ 0.          6.00909177  1.          0.          0.          0.
  0.          6.6975822   0.          0.          0.          0.
  0.          0.          1.          0.          0.          0.
  0.          0.          0.          0.          0.          0.
  0.          0.          0.          0.          0.          0.
  0.          0.94736842  1.          0.          0.          0.
  0.          1.16129032  0.          3.55462185  1.28571428  4.10695187
  3.3029872   0.          6.85974315  0.         10.24305268  3.6574746
  1.82101167  1.15112295  0.          7.05936423  1.35423197  4.94449671
  3.67741935  1.1705494   0.81547308  8.91640867  0.          0.
  0.          0.          0.0327496   0.39661696 10.05882353  0.
  0.          0.          0.          0.          0.          0.
  0.          0.          0.          0.         11.54716981  0.
  0.          0.          5.27544098  0.          0.          0.
  0.          0.          0.          0.          0.          0.
  0.          0.          0.          0.          0.          0.
  0.          0.          0.          0.          0.          0.
  0.          0.          0.          0.          0.          0.
  0.          0.          0.          0.          0.          0.
  0.          0.          0.          0.          0.          0.
  0.          0.          0.          0.          0.          0.
  0.          0.          0.          0.          0.          0.
  0.          0.          0.          0.          0.          0.
  0.          0.          0.          0.          0.          0.
  0.          0.          0.          0.          2.4170615   1.
  6.01336683  1.34969524  7.44768158  0.          0.          0.
  0.          0.          3.6574746   0.          7.76088369]",Z3,0.45061802864074707,unsat,"['Z3', 'MathSAT', 'BOOLECTOR', 'Bitwuzla', 'CVC4', 'YICES']",[0.2888369560241699]
./tmp/QF_AUFBV/com.galois.ecc.P384ECC64.signHash4.short.smt2,"[0.         2.11758929 1.         0.         0.         0.
 0.         2.09176409 0.         0.         0.         0.
 0.         0.         1.         0.         0.         0.
 0.         0.         0.         0.         0.         0.
 0.         0.         0.         0.         0.         0.
 0.         0.94871795 1.         0.         0.         0.
 0.         1.15625    0.         4.29433612 1.27586207 4.31181102
 3.15354587 0.         1.72300424 0.         0.64832926 3.875
 2.63012048 2.17413114 0.         1.70762299 1.78333716 0.06948357
 4.35294118 0.66984709 0.82572402 2.45953757 0.         0.
 0.         0.         0.         0.         4.11111111 0.
 0.         0.         0.         0.         0.03724832 0.
 0.         0.         0.         0.         0.         0.
 0.         0.         7.39196525 0.         0.         0.
 0.         0.         0.         0.         0.         0.
 0.         0.         0.         0.         0.         0.
 0.         0.         0.         0.         0.         0.
 0.         0.         0.         0.         0.         0.
 0.         0.         0.         0.         0.         0.
 0.         0.         0.         0.         0.         0.
 0.         0.         0.         0.         0.         0.
 0.         0.         0.         0.         0.         0.
 0.         0.         0.         0.         0.         0.
 0.         0.         0.         0.         0.         0.
 0.         0.         0.         0.         0.7764656  1.
 2.1180177  0.49270758 1.62573558 0.         0.         0.
 0.         0.         3.875      0.         1.56810011]",Z3,0.5327391624450684,unsat,"['Z3', 'BOOLECTOR', 'CVC4', 'MathSAT', 'Bitwuzla', 'YICES']",[0.48346400260925293]
./tmp/QF_AUFBV/com.galois.ecc.P384ECC64.verifySignature.short.smt2,"[0.00000000e+00 1.89089212e+00 9.99999999e-01 0.00000000e+00
 0.00000000e+00 0.00000000e+00 0.00000000e+00 1.79474231e+00
 0.00000000e+00 0.00000000e+00 0.00000000e+00 0.00000000e+00
 0.00000000e+00 0.00000000e+00 9.99999999e-01 0.00000000e+00
 0.00000000e+00 0.00000000e+00 0.00000000e+00 0.00000000e+00
 0.00000000e+00 0.00000000e+00 0.00000000e+00 0.00000000e+00
 0.00000000e+00 0.00000000e+00 0.00000000e+00 0.00000000e+00
 0.00000000e+00 0.00000000e+00 0.00000000e+00 9.50000000e-01
 9.99999999e-01 0.00000000e+00 0.00000000e+00 0.00000000e+00
 0.00000000e+00 1.15151515e+00 0.00000000e+00 2.96061644e+00
 1.26666667e+00 3.15523466e+00 2.90024038e+00 0.00000000e+00
 1.56664818e+00 0.00000000e+00 5.49397590e-01 3.01818182e+00
 2.91657397e+00 2.35025210e+00 0.00000000e+00 1.56188697e+00
 1.87388174e+00 4.23398329e-01 2.98951049e+00 5.27141134e-01
 8.04735701e-01 1.77961432e+00 1.59837134e-03 0.00000000e+00
 0.00000000e+00 0.00000000e+00 0.00000000e+00 0.00000000e+00
 5.87845304e+00 0.00000000e+00 0.00000000e+00 0.00000000e+00
 0.00000000e+00 0.00000000e+00 8.49921718e-03 0.00000000e+00
 0.00000000e+00 0.00000000e+00 0.00000000e+00 0.00000000e+00
 0.00000000e+00 0.00000000e+00 0.00000000e+00 0.00000000e+00
 3.75538160e+00 0.00000000e+00 0.00000000e+00 0.00000000e+00
 0.00000000e+00 0.00000000e+00 0.00000000e+00 0.00000000e+00
 0.00000000e+00 0.00000000e+00 0.00000000e+00 0.00000000e+00
 0.00000000e+00 0.00000000e+00 0.00000000e+00 0.00000000e+00
 0.00000000e+00 0.00000000e+00 0.00000000e+00 0.00000000e+00
 0.00000000e+00 0.00000000e+00 0.00000000e+00 0.00000000e+00
 0.00000000e+00 0.00000000e+00 0.00000000e+00 0.00000000e+00
 0.00000000e+00 0.00000000e+00 0.00000000e+00 0.00000000e+00
 0.00000000e+00 0.00000000e+00 0.00000000e+00 0.00000000e+00
 0.00000000e+00 0.00000000e+00 0.00000000e+00 0.00000000e+00
 0.00000000e+00 0.00000000e+00 0.00000000e+00 0.00000000e+00
 0.00000000e+00 0.00000000e+00 0.00000000e+00 0.00000000e+00
 0.00000000e+00 0.00000000e+00 0.00000000e+00 0.00000000e+00
 0.00000000e+00 0.00000000e+00 0.00000000e+00 0.00000000e+00
 0.00000000e+00 0.00000000e+00 0.00000000e+00 0.00000000e+00
 0.00000000e+00 0.00000000e+00 0.00000000e+00 0.00000000e+00
 0.00000000e+00 0.00000000e+00 0.00000000e+00 0.00000000e+00
 7.26517745e-01 1.00000000e+00 1.89112527e+00 4.63207655e-01
 1.42529893e+00 0.00000000e+00 0.00000000e+00 0.00000000e+00
 0.00000000e+00 0.00000000e+00 3.01818182e+00 0.00000000e+00
 1.33586819e+00]",Z3,10.204569101333618,unsat,"['Z3', 'BOOLECTOR', 'YICES', 'CVC4', 'Bitwuzla', 'MathSAT']",[10.158458948135376]
./tmp/QF_AUFBV/com.galois.ecc.P384ECC64.ec_full_add1.short.smt2,"[0.         0.31671295 1.         0.         0.         0.
 0.         0.14044002 0.         0.         0.         0.
 0.         0.         1.         0.         0.         0.
 0.         0.         0.         0.         0.         0.
 0.         0.         0.         0.         0.         0.
 0.         0.95121951 1.         0.         0.         0.
 0.         2.22857143 0.         0.19931857 1.25806451 0.14028777
 0.07018596 0.         0.24717553 0.         0.03651197 0.12091581
 0.97288503 0.97148476 0.         0.19934944 0.6444206  0.
 0.16971279 0.02350814 0.0195     0.         0.         0.
 0.         0.         0.         0.         0.         0.
 0.         0.         0.         0.         0.         0.
 0.         0.         0.         0.         0.         0.
 0.         0.         0.         0.         0.         0.
 0.         0.         0.         0.         0.         0.
 0.         0.         0.         0.         0.         0.
 0.         0.         0.         0.         0.         0.
 0.         0.         0.         0.         0.         0.
 0.         0.         0.         0.         0.         0.
 0.         0.         0.         0.         0.         0.
 0.         0.         0.         0.         0.         0.
 0.         0.         0.         0.         0.         0.
 0.         0.         0.         0.         0.         0.
 0.         0.         0.         0.         0.         0.
 0.         0.         0.         0.         0.13145478 1.
 0.31539045 0.08996948 0.13939926 0.         0.         0.
 0.         0.         0.12091581 0.         0.08825291]",Z3,0.07398629188537598,unsat,"['Z3', 'CVC4', 'Bitwuzla', 'MathSAT', 'BOOLECTOR', 'YICES']",[0.06543707847595215]
./tmp/QF_AUFBV/opStructure_O_16_24_2_2.smt2,"[0.00000000e+00 1.68300585e-03 9.99999999e-01 0.00000000e+00
 0.00000000e+00 0.00000000e+00 0.00000000e+00 3.94594061e-03
 0.00000000e+00 0.00000000e+00 0.00000000e+00 0.00000000e+00
 0.00000000e+00 0.00000000e+00 9.99999999e-01 0.00000000e+00
 0.00000000e+00 0.00000000e+00 0.00000000e+00 0.00000000e+00
 0.00000000e+00 0.00000000e+00 0.00000000e+00 0.00000000e+00
 0.00000000e+00 0.00000000e+00 0.00000000e+00 0.00000000e+00
 0.00000000e+00 0.00000000e+00 0.00000000e+00 1.18343195e+00
 9.99999999e-01 0.00000000e+00 0.00000000e+00 0.00000000e+00
 6.09133271e+00 0.00000000e+00 6.66666662e+00 0.00000000e+00
 0.00000000e+00 2.87562904e-02 0.00000000e+00 0.00000000e+00
 3.67376929e-03 0.00000000e+00 0.00000000e+00 0.00000000e+00
 8.65800866e-02 3.49306844e-02 0.00000000e+00 9.29152149e-03
 5.14359194e-02 0.00000000e+00 0.00000000e+00 4.87773896e+00
 4.53900709e+00 0.00000000e+00 1.36822073e-01 9.33101105e-01
 0.00000000e+00 0.00000000e+00 5.94772507e+00 5.83594715e+00
 0.00000000e+00 0.00000000e+00 0.00000000e+00 6.01409554e+00
 0.00000000e+00 0.00000000e+00 0.00000000e+00 0.00000000e+00
 0.00000000e+00 0.00000000e+00 0.00000000e+00 0.00000000e+00
 0.00000000e+00 0.00000000e+00 0.00000000e+00 0.00000000e+00
 0.00000000e+00 0.00000000e+00 0.00000000e+00 0.00000000e+00
 0.00000000e+00 0.00000000e+00 0.00000000e+00 0.00000000e+00
 0.00000000e+00 0.00000000e+00 0.00000000e+00 0.00000000e+00
 0.00000000e+00 0.00000000e+00 0.00000000e+00 0.00000000e+00
 0.00000000e+00 0.00000000e+00 0.00000000e+00 0.00000000e+00
 0.00000000e+00 0.00000000e+00 0.00000000e+00 0.00000000e+00
 0.00000000e+00 0.00000000e+00 0.00000000e+00 0.00000000e+00
 0.00000000e+00 0.00000000e+00 0.00000000e+00 0.00000000e+00
 0.00000000e+00 0.00000000e+00 0.00000000e+00 0.00000000e+00
 0.00000000e+00 0.00000000e+00 0.00000000e+00 0.00000000e+00
 0.00000000e+00 0.00000000e+00 0.00000000e+00 0.00000000e+00
 0.00000000e+00 0.00000000e+00 0.00000000e+00 0.00000000e+00
 0.00000000e+00 0.00000000e+00 0.00000000e+00 0.00000000e+00
 0.00000000e+00 0.00000000e+00 0.00000000e+00 0.00000000e+00
 0.00000000e+00 0.00000000e+00 0.00000000e+00 0.00000000e+00
 0.00000000e+00 0.00000000e+00 0.00000000e+00 0.00000000e+00
 0.00000000e+00 0.00000000e+00 0.00000000e+00 0.00000000e+00
 1.05053282e+00 1.00000000e+00 3.36927224e-03 9.03764916e-01
 5.01598846e-03 0.00000000e+00 0.00000000e+00 0.00000000e+00
 0.00000000e+00 0.00000000e+00 0.00000000e+00 0.00000000e+00
 0.00000000e+00]",Z3,60.01743507385254,timeout (60.0 s),"['Z3', 'Bitwuzla', 'CVC4', 'MathSAT', 'YICES', 'BOOLECTOR']",[60]
