./tmp/QF_AUFBV/com.galois.ecc.P384ECC64.ec_mul_aux4.short.smt2,"[0. 1. 1. 0. 0. 0. 0. 1. 0. 0. 0. 0. 0. 0. 1. 0. 0. 0. 0. 0. 0. 0. 0. 0.
 0. 0. 0. 0. 0. 0. 0. 1. 1. 0. 0. 0. 0. 1. 0. 1. 1. 1. 1. 0. 1. 0. 1. 1.
 1. 1. 0. 1. 1. 1. 1. 1. 1. 1. 0. 0. 0. 0. 1. 1. 1. 0. 0. 0. 0. 0. 0. 0.
 0. 0. 0. 0. 1. 0. 0. 0. 1. 0. 0. 0. 0. 0. 0. 0. 0. 0. 0. 0. 0. 0. 0. 0.
 0. 0. 0. 0. 0. 0. 0. 0. 0. 0. 0. 0. 0. 0. 0. 0. 0. 0. 0. 0. 0. 0. 0. 0.
 0. 0. 0. 0. 0. 0. 0. 0. 0. 0. 0. 0. 0. 0. 0. 0. 0. 0. 0. 0. 0. 0. 0. 0.
 0. 0. 0. 0. 1. 1. 1. 1. 1. 0. 0. 0. 0. 0. 1. 0. 1.]",BOOLECTOR,0.7001330852508545,unsat,"['BOOLECTOR', 'Z3', 'CVC4', 'MathSAT', 'Bitwuzla', 'YICES']",[0.5604190826416016]
./tmp/QF_AUFBV/com.galois.ecc.P384ECC64.verifySignature.short.smt2,"[0.         0.49936143 1.         0.         0.         0.
 0.         0.44044321 0.         0.         0.         0.
 0.         0.         1.         0.         0.         0.
 0.         0.         0.         0.         0.         0.
 0.         0.         0.         0.         0.         0.
 0.         1.         1.         0.         0.         0.
 0.         1.         0.         0.98378378 1.         0.94650206
 0.9921875  0.         0.38277786 0.         0.09972299 0.97360704
 1.27777778 1.37313433 0.         0.37288136 1.18324607 0.15189873
 0.97297297 0.61170213 0.98832685 0.35051546 2.         0.
 0.         0.         0.         0.         0.84848485 0.
 0.         0.         0.         0.         2.         0.
 0.         0.         0.         0.         0.         0.
 0.         0.         0.96650718 0.         0.         0.
 0.         0.         0.         0.         0.         0.
 0.         0.         0.         0.         0.         0.
 0.         0.         0.         0.         0.         0.
 0.         0.         0.         0.         0.         0.
 0.         0.         0.         0.         0.         0.
 0.         0.         0.         0.         0.         0.
 0.         0.         0.         0.         0.         0.
 0.         0.         0.         0.         0.         0.
 0.         0.         0.         0.         0.         0.
 0.         0.         0.         0.         0.         0.
 0.         0.         0.         0.         0.45742366 1.
 0.49914821 0.50028388 0.32919083 0.         0.         0.
 0.         0.         0.97360704 0.         0.30002847]",CVC4,2.2455570697784424,unsat,"['CVC4', 'MathSAT', 'Z3', 'BOOLECTOR', 'Bitwuzla', 'YICES']",[2.1977739334106445]
./tmp/QF_AUFBV/com.galois.ecc.P384ECC64.group_red1.short.smt2,"[0.         0.12308634 1.         0.         0.         0.
 0.         0.13112583 0.         0.         0.         0.
 0.         0.         1.         0.         0.         0.
 0.         0.         0.         0.         0.         0.
 0.         0.         0.         0.         0.         0.
 0.         1.         1.         0.         0.         0.
 0.         1.         0.         0.15384615 1.         0.14117647
 0.2173913  0.         0.10277663 0.         0.03287671 0.17012448
 0.02752294 0.05853659 0.         0.12414318 0.08396947 0.4787234
 0.13917526 0.09278351 0.2166065  0.42477876 1.5        0.
 0.         0.         0.         0.         0.         0.
 0.         0.         0.         0.         2.57142857 0.
 0.         0.         0.         0.         0.         2.99999999
 0.         0.         0.05633803 0.         0.         0.
 0.         0.         0.         0.         0.         0.
 0.         0.         0.         0.         0.         0.
 0.         0.         0.         0.         0.         0.
 0.         0.         0.         0.         0.         0.
 0.         0.         0.         0.         0.         0.
 0.         0.         0.         0.         0.         0.
 0.         0.         0.         0.         0.         0.
 0.         0.         0.         0.         0.         0.
 0.         0.         0.         0.         0.         0.
 0.         0.         0.         0.         0.         0.
 0.         0.         0.         0.         0.11595528 1.
 0.12254902 0.13900062 0.12390786 0.         0.         0.
 0.         0.         0.17012448 0.         0.12677208]",BOOLECTOR,0.111602783203125,unsat,"['BOOLECTOR', 'CVC4', 'MathSAT', 'YICES', 'Z3', 'Bitwuzla']",[0.10292792320251465]
./tmp/QF_AUFBV/com.galois.ecc.P384ECC64.sq_inner13.short.smt2,"[0.         0.02434571 1.         0.         0.         0.
 0.         0.02108037 0.         0.         0.         0.
 0.         0.         1.         0.         0.         0.
 0.         0.         0.         0.         0.         0.
 0.         0.         0.         0.         0.         0.
 0.         1.         1.         0.         0.         0.
 0.         1.         0.         0.04060914 1.         0.0311284
 0.         0.         0.01650846 0.         0.00729262 0.01652893
 0.03636364 0.15474795 0.         0.02522704 0.22115385 0.04210526
 0.02051282 0.03069054 0.         0.03508772 0.36363636 0.
 0.         0.         0.8        0.04       0.         0.
 0.         0.         0.         0.         0.         0.
 0.         0.         0.         0.         0.07692308 2.
 0.         0.         0.         0.         0.         0.
 4.         0.         0.         0.         0.         0.
 0.         0.         0.         0.         0.         0.
 0.         0.         0.         0.         0.         0.
 0.         0.         0.         0.         0.         0.
 0.         0.         0.         0.         0.         0.
 0.         0.         0.         0.         0.         0.
 0.         0.         0.         0.         0.         0.
 0.         0.         0.         0.         0.         0.
 0.         0.         0.         0.         0.         0.
 0.         0.         0.         0.         0.         0.
 0.         0.         0.         0.         0.03204793 1.
 0.0235533  0.05312166 0.02106927 0.         0.         0.
 0.         0.         0.01652893 0.         0.02061296]",Z3,0.09826874732971191,sat,"['Z3', 'YICES', 'BOOLECTOR', 'CVC4', 'Bitwuzla', 'MathSAT']",[0.09632492065429688]
./tmp/QF_AUFBV/com.galois.ecc.P384ECC64.ec_mul_aux2.short.smt2,"[0.         2.08481192 1.         0.         0.         0.
 0.         2.12934947 0.         0.         0.         0.
 0.         0.         1.         0.         0.         0.
 0.         0.         0.         0.         0.         0.
 0.         0.         0.         0.         0.         0.
 0.         1.         1.         0.         0.         0.
 0.         1.         0.         1.61512027 1.         1.66233766
 1.59259259 0.         2.1873549  0.         2.42003763 1.62639405
 1.30872483 1.14027149 0.         2.18305856 1.36363636 2.17261905
 1.63793103 2.00153374 1.5970516  2.06185567 0.         0.
 0.         0.         2.22222222 2.48743719 1.82692308 0.
 0.         0.         0.         0.         0.         0.
 0.         0.         0.         0.         2.47572816 0.
 0.         0.         1.68224299 0.         0.         0.
 0.         0.         0.         0.         0.         0.
 0.         0.         0.         0.         0.         0.
 0.         0.         0.         0.         0.         0.
 0.         0.         0.         0.         0.         0.
 0.         0.         0.         0.         0.         0.
 0.         0.         0.         0.         0.         0.
 0.         0.         0.         0.         0.         0.
 0.         0.         0.         0.         0.         0.
 0.         0.         0.         0.         0.         0.
 0.         0.         0.         0.         0.         0.
 0.         0.         0.         0.         2.11904536 1.
 2.0854539  2.06851031 2.21709176 0.         0.         0.
 0.         0.         1.62639405 0.         2.23737449]",BOOLECTOR,0.7268240451812744,unsat,"['BOOLECTOR', 'CVC4', 'Z3', 'Bitwuzla', 'YICES', 'MathSAT']",[0.596160888671875]
./tmp/QF_AUFBV/com.galois.ecc.P384ECC64.ec_twin_mul_init.short.smt2,"[0.         0.27041681 1.         0.         0.         0.
 0.         0.12444444 0.         0.         0.         0.
 0.         0.         1.         0.         0.         0.
 0.         0.         0.         0.         0.         0.
 0.         0.         0.         0.         0.         0.
 0.         1.         1.         0.         0.         0.
 0.         1.         0.         0.19933555 1.         0.1221374
 0.2280285  0.         0.19714093 0.         0.02389318 0.17853922
 1.63902439 1.61797753 0.         0.1650311  0.98245614 0.13953488
 0.18060201 0.07272727 0.22695035 0.06122449 0.         0.
 0.         0.         0.         0.         0.         0.
 0.         0.         0.         0.         0.         0.
 0.         0.         0.         0.         0.         0.
 0.         0.         0.         0.         0.         0.
 0.         0.         0.         0.         0.         0.
 0.         0.         0.         0.         0.         0.
 0.         0.         0.         0.         0.         0.
 0.         0.         0.         0.         0.         0.
 0.         0.         0.         0.         0.         0.
 0.         0.         0.         0.         0.         0.
 0.         0.         0.         0.         0.         0.
 0.         0.         0.         0.         0.         0.
 0.         0.         0.         0.         0.         0.
 0.         0.         0.         0.         0.         0.
 0.         0.         0.         0.         0.25229934 1.
 0.26992201 0.27977816 0.11389129 0.         0.         0.
 0.         0.         0.17853922 0.         0.06756557]",MathSAT,0.25345492362976074,unsat,"['MathSAT', 'Bitwuzla', 'CVC4', 'YICES', 'BOOLECTOR', 'Z3']",[0.23707199096679688]
./tmp/QF_AUFBV/com.galois.ecc.P384ECC64.ec_full_sub3.short.smt2,"[0.         0.09438378 1.         0.         0.         0.
 0.         0.04891504 0.         0.         0.         0.
 0.         0.         1.         0.         0.         0.
 0.         0.         0.         0.         0.         0.
 0.         0.         0.         0.         0.         0.
 0.         1.         1.         0.         0.         0.
 0.         1.75       0.         0.04620462 1.         0.0177665
 0.03309693 0.         0.06693847 0.         0.00982456 0.02515723
 0.53603604 0.77366255 0.         0.06897496 0.95454545 0.08045977
 0.02333333 0.01059002 0.03294118 0.03553299 0.         0.
 0.         0.         0.         0.         0.         0.
 0.         0.         0.         0.         0.875      0.
 0.         0.         0.         0.         0.         0.
 0.         0.         0.         0.         0.         0.
 0.         0.         0.         0.         0.         0.
 0.         0.         0.         0.         0.         0.
 0.         0.         0.         0.         0.         0.
 0.         0.         0.         0.         0.         0.
 0.         0.         0.         0.         0.         0.
 0.         0.         0.         0.         0.         0.
 0.         0.         0.         0.         0.         0.
 0.         0.         0.         0.         0.         0.
 0.         0.         0.         0.         0.         0.
 0.         0.         0.         0.         0.         0.
 0.         0.         0.         0.         0.11160916 1.
 0.09367681 0.12609971 0.05195547 0.         0.         0.
 0.         0.         0.02515723 0.         0.03611439]",BOOLECTOR,1.4487011432647705,unsat,"['BOOLECTOR', 'CVC4', 'Z3', 'MathSAT', 'Bitwuzla', 'YICES']",[1.443289041519165]
./tmp/QF_AUFBV/opStructure_NPT_2.smt2,"[0.00000000e+00 8.91364903e-04 9.99999999e-01 0.00000000e+00
 0.00000000e+00 0.00000000e+00 0.00000000e+00 1.96102464e-03
 0.00000000e+00 0.00000000e+00 0.00000000e+00 0.00000000e+00
 0.00000000e+00 0.00000000e+00 9.99999999e-01 0.00000000e+00
 0.00000000e+00 0.00000000e+00 0.00000000e+00 0.00000000e+00
 0.00000000e+00 0.00000000e+00 0.00000000e+00 0.00000000e+00
 0.00000000e+00 0.00000000e+00 0.00000000e+00 0.00000000e+00
 0.00000000e+00 0.00000000e+00 0.00000000e+00 1.21212121e+00
 9.99999999e-01 0.00000000e+00 0.00000000e+00 0.00000000e+00
 7.99999999e+00 0.00000000e+00 0.00000000e+00 0.00000000e+00
 0.00000000e+00 2.02531646e-02 0.00000000e+00 0.00000000e+00
 1.18588793e-03 0.00000000e+00 0.00000000e+00 0.00000000e+00
 7.14285714e-02 3.74488005e-02 0.00000000e+00 4.37696622e-03
 6.01503759e-02 0.00000000e+00 0.00000000e+00 0.00000000e+00
 0.00000000e+00 0.00000000e+00 4.96551724e+00 7.99999999e+00
 0.00000000e+00 0.00000000e+00 0.00000000e+00 3.46153846e-01
 0.00000000e+00 0.00000000e+00 0.00000000e+00 0.00000000e+00
 0.00000000e+00 0.00000000e+00 0.00000000e+00 0.00000000e+00
 0.00000000e+00 0.00000000e+00 0.00000000e+00 0.00000000e+00
 0.00000000e+00 0.00000000e+00 0.00000000e+00 0.00000000e+00
 0.00000000e+00 0.00000000e+00 0.00000000e+00 0.00000000e+00
 0.00000000e+00 0.00000000e+00 0.00000000e+00 0.00000000e+00
 0.00000000e+00 0.00000000e+00 0.00000000e+00 0.00000000e+00
 0.00000000e+00 0.00000000e+00 0.00000000e+00 0.00000000e+00
 0.00000000e+00 0.00000000e+00 0.00000000e+00 0.00000000e+00
 0.00000000e+00 0.00000000e+00 0.00000000e+00 0.00000000e+00
 0.00000000e+00 0.00000000e+00 0.00000000e+00 0.00000000e+00
 0.00000000e+00 0.00000000e+00 0.00000000e+00 0.00000000e+00
 0.00000000e+00 0.00000000e+00 0.00000000e+00 0.00000000e+00
 0.00000000e+00 0.00000000e+00 0.00000000e+00 0.00000000e+00
 0.00000000e+00 0.00000000e+00 0.00000000e+00 0.00000000e+00
 0.00000000e+00 0.00000000e+00 0.00000000e+00 0.00000000e+00
 0.00000000e+00 0.00000000e+00 0.00000000e+00 0.00000000e+00
 0.00000000e+00 0.00000000e+00 0.00000000e+00 0.00000000e+00
 0.00000000e+00 0.00000000e+00 0.00000000e+00 0.00000000e+00
 0.00000000e+00 0.00000000e+00 0.00000000e+00 0.00000000e+00
 0.00000000e+00 0.00000000e+00 0.00000000e+00 0.00000000e+00
 1.60908837e-02 1.00000000e+00 1.78392240e-03 2.07253886e-02
 2.28310502e-03 0.00000000e+00 0.00000000e+00 0.00000000e+00
 0.00000000e+00 0.00000000e+00 0.00000000e+00 0.00000000e+00
 0.00000000e+00]",Bitwuzla,0.5406768321990967,sat,"['Bitwuzla', 'YICES', 'BOOLECTOR', 'MathSAT', 'Z3', 'CVC4']",[0.5396239757537842]
./tmp/QF_AUFBV/com.galois.ecc.P384ECC64.ec_twin_mul_init2.short.smt2,"[0.         0.38308086 1.         0.         0.         0.
 0.         0.181578   0.         0.         0.         0.
 0.         0.         1.         0.         0.         0.
 0.         0.         0.         0.         0.         0.
 0.         0.         0.         0.         0.         0.
 0.         0.97297297 1.         0.         0.         0.
 0.         1.         0.         0.28753994 1.125      0.17866005
 0.32801822 0.         0.28361209 0.         0.03564772 0.2591623
 1.8        1.73453    0.         0.23848202 1.10769231 0.20224719
 0.26213592 0.10762332 0.32653061 0.09045226 0.         0.
 0.         0.         0.         0.         0.         0.
 0.         0.         0.         0.         0.         0.
 0.         0.         0.         0.         0.         0.
 0.         0.         0.         0.         0.         0.
 0.         0.         0.         0.         0.         0.
 0.         0.         0.         0.         0.         0.
 0.         0.         0.         0.         0.         0.
 0.         0.         0.         0.         0.         0.
 0.         0.         0.         0.         0.         0.
 0.         0.         0.         0.         0.         0.
 0.         0.         0.         0.         0.         0.
 0.         0.         0.         0.         0.         0.
 0.         0.         0.         0.         0.         0.
 0.         0.         0.         0.         0.         0.
 0.         0.         0.         0.         0.35692619 1.
 0.38240632 0.39308691 0.16638655 0.         0.         0.
 0.         0.         0.2591623  0.         0.09970845]",Z3,0.07705807685852051,unsat,"['Z3', 'YICES', 'CVC4', 'Bitwuzla', 'BOOLECTOR', 'MathSAT']",[0.061430931091308594]
./tmp/QF_AUFBV/com.galois.ecc.P384ECC64.signHash4.short.smt2,"[0.         1.20307808 1.         0.         0.         0.
 0.         1.15560276 0.         0.         0.         0.
 0.         0.         1.         0.         0.         0.
 0.         0.         0.         0.         0.         0.
 0.         0.         0.         0.         0.         0.
 0.         0.97560976 1.         0.         0.         0.
 0.         1.         0.         2.85388128 1.11111111 2.68602541
 2.29824561 0.         0.94213264 0.         0.29178919 2.6016785
 1.74041298 1.88577999 0.         0.91678761 1.875      0.05586592
 2.86374134 1.81150551 2.29020979 1.03603604 0.         0.
 0.         0.         0.         0.         1.40495868 0.
 0.         0.         0.         0.         3.6        0.
 0.         0.         0.         0.         0.         0.
 0.         0.         3.64356436 0.         0.         0.
 0.         0.         0.         0.         0.         0.
 0.         0.         0.         0.         0.         0.
 0.         0.         0.         0.         0.         0.
 0.         0.         0.         0.         0.         0.
 0.         0.         0.         0.         0.         0.
 0.         0.         0.         0.         0.         0.
 0.         0.         0.         0.         0.         0.
 0.         0.         0.         0.         0.         0.
 0.         0.         0.         0.         0.         0.
 0.         0.         0.         0.         0.         0.
 0.         0.         0.         0.         1.08928816 1.
 1.20304282 1.1737735  0.86021505 0.         0.         0.
 0.         0.         2.6016785  0.         0.82028636]",Z3,0.5329189300537109,unsat,"['Z3', 'BOOLECTOR', 'CVC4', 'YICES', 'MathSAT', 'Bitwuzla']",[0.48346400260925293]
./tmp/QF_AUFBV/com.galois.ecc.P384ECC64.ec_full_sub1.short.smt2,"[0.         0.12350376 1.         0.         0.         0.
 0.         0.0661951  0.         0.         0.         0.
 0.         0.         1.         0.         0.         0.
 0.         0.         0.         0.         0.         0.
 0.         0.         0.         0.         0.         0.
 0.         0.97777778 1.         0.         0.         0.
 0.         1.83333333 0.         0.05       1.1        0.01992754
 0.03846154 0.         0.09149526 0.         0.01490852 0.02833226
 0.5252809  0.7393636  0.         0.09496403 0.96742671 0.12154696
 0.02534562 0.01344743 0.03832753 0.04932735 0.         0.
 0.         0.         0.         0.         0.         0.
 0.         0.         0.         0.         0.81481481 0.
 0.         0.         0.         0.         0.         0.
 0.         0.         0.         0.         0.         0.
 0.         0.         0.         0.         0.         0.
 0.         0.         0.         0.         0.         0.
 0.         0.         0.         0.         0.         0.
 0.         0.         0.         0.         0.         0.
 0.         0.         0.         0.         0.         0.
 0.         0.         0.         0.         0.         0.
 0.         0.         0.         0.         0.         0.
 0.         0.         0.         0.         0.         0.
 0.         0.         0.         0.         0.         0.
 0.         0.         0.         0.         0.         0.
 0.         0.         0.         0.         0.1477694  1.
 0.12258544 0.16433311 0.07273652 0.         0.         0.
 0.         0.         0.02833226 0.         0.05127864]",YICES,0.18723177909851074,unsat,"['YICES', 'CVC4', 'MathSAT', 'Bitwuzla', 'BOOLECTOR', 'Z3']",[0.18142986297607422]
./tmp/QF_AUFBV/com.galois.ecc.P384ECC64.ec_mul_aux3.short.smt2,"[0.         2.9576283  1.         0.         0.         0.
 0.         3.15455253 0.         0.         0.         0.
 0.         0.         1.         0.         0.         0.
 0.         0.         0.         0.         0.         0.
 0.         0.         0.         0.         0.         0.
 0.         0.97959184 1.         0.         0.         0.
 0.         0.92307692 0.         2.11235955 1.09090909 2.25882353
 2.20827389 0.         3.20555713 0.         3.80817271 2.20704151
 1.18481013 0.99180059 0.         3.23028391 1.35260116 3.4488189
 2.15500945 2.90268767 2.21590909 3.16831683 0.         0.
 0.         0.         3.69230769 3.86970684 2.86792453 0.
 0.         0.         0.         0.         0.         0.
 0.         0.         0.         0.         3.97402597 0.
 0.         0.         2.1141925  0.         0.         0.
 0.         0.         0.         0.         0.         0.
 0.         0.         0.         0.         0.         0.
 0.         0.         0.         0.         0.         0.
 0.         0.         0.         0.         0.         0.
 0.         0.         0.         0.         0.         0.
 0.         0.         0.         0.         0.         0.
 0.         0.         0.         0.         0.         0.
 0.         0.         0.         0.         0.         0.
 0.         0.         0.         0.         0.         0.
 0.         0.         0.         0.         0.         0.
 0.         0.         0.         0.         3.02204196 1.
 2.9588581  2.91732408 3.33363945 0.         0.         0.
 0.         0.         2.20704151 0.         3.41452258]",BOOLECTOR,0.7348842620849609,unsat,"['BOOLECTOR', 'Z3', 'YICES', 'MathSAT', 'CVC4', 'Bitwuzla']",[0.6037061214447021]
./tmp/QF_AUFBV/com.galois.ecc.P384ECC64.ec_full_sub2.short.smt2,"[0.         0.10906191 1.         0.         0.         0.
 0.         0.05741071 0.         0.         0.         0.
 0.         0.         1.         0.         0.         0.
 0.         0.         0.         0.         0.         0.
 0.         0.         0.         0.         0.         0.
 0.         0.98113208 1.         0.         0.         0.
 0.         1.73333333 0.         0.04850746 1.08333333 0.01908957
 0.03698435 0.         0.07876568 0.         0.01201664 0.02726796
 0.53640777 0.75502008 0.         0.0815047  0.94101877 0.1015625
 0.0245283  0.01203704 0.0368272  0.04276316 0.         0.
 0.         0.         0.         0.         0.         0.
 0.         0.         0.         0.         0.89655172 0.
 0.         0.         0.         0.         0.         0.
 0.         0.         0.         0.         0.         0.
 0.         0.         0.         0.         0.         0.
 0.         0.         0.         0.         0.         0.
 0.         0.         0.         0.         0.         0.
 0.         0.         0.         0.         0.         0.
 0.         0.         0.         0.         0.         0.
 0.         0.         0.         0.         0.         0.
 0.         0.         0.         0.         0.         0.
 0.         0.         0.         0.         0.         0.
 0.         0.         0.         0.         0.         0.
 0.         0.         0.         0.         0.         0.
 0.         0.         0.         0.         0.12935655 1.
 0.10824313 0.14535337 0.06178594 0.         0.         0.
 0.         0.         0.02726796 0.         0.04321398]",BOOLECTOR,1.4988551139831543,unsat,"['BOOLECTOR', 'Z3', 'CVC4', 'MathSAT', 'YICES', 'Bitwuzla']",[1.4936180114746094]
./tmp/QF_AUFBV/com.galois.ecc.P384ECC64.ec_full_add2.short.smt2,"[0.         0.3233541  1.         0.         0.         0.
 0.         0.23672785 0.         0.         0.         0.
 0.         0.         1.         0.         0.         0.
 0.         0.         0.         0.         0.         0.
 0.         0.         0.         0.         0.         0.
 0.         0.98245614 1.         0.         0.         0.
 0.         0.875      0.         0.45487365 1.07692308 0.36051502
 0.57298772 0.         0.26893311 0.         0.06868006 0.46146045
 0.74022989 1.0999146  0.         0.22313625 1.06625387 0.16216216
 0.43510055 0.2295082  0.57065217 0.         0.         0.
 0.         0.         0.         0.         0.         0.
 0.         0.         0.         0.         0.         0.
 0.         0.         0.         0.         0.         0.
 0.         0.         0.         0.         0.         0.
 0.         0.         0.         0.         0.         0.
 0.         0.         0.         0.         0.         0.
 0.         0.         0.         0.         0.         0.
 0.         0.         0.         0.         0.         0.
 0.         0.         0.         0.         0.         0.
 0.         0.         0.         0.         0.         0.
 0.         0.         0.         0.         0.         0.
 0.         0.         0.         0.         0.         0.
 0.         0.         0.         0.         0.         0.
 0.         0.         0.         0.         0.         0.
 0.         0.         0.         0.         0.32113044 1.
 0.32266811 0.34858012 0.19307734 0.         0.         0.
 0.         0.         0.46146045 0.         0.17074772]",BOOLECTOR,0.12531805038452148,unsat,"['BOOLECTOR', 'Z3', 'YICES', 'MathSAT', 'CVC4', 'Bitwuzla']",[0.11310696601867676]
./tmp/QF_AUFBV/com.galois.ecc.P384ECC64.ec_twin_mul_init1.short.smt2,"[0.         0.39471081 1.         0.         0.         0.
 0.         0.18951643 0.         0.         0.         0.
 0.         0.         1.         0.         0.         0.
 0.         0.         0.         0.         0.         0.
 0.         0.         0.         0.         0.         0.
 0.         0.98360656 1.         0.         0.         0.
 0.         0.88235294 0.         0.26595745 1.07142857 0.16973126
 0.32042724 0.         0.29733147 0.         0.03899083 0.24688279
 1.7107943  1.56082632 0.         0.25149549 0.97278518 0.22813688
 0.24280576 0.1084991  0.31914894 0.09803922 0.         0.
 0.         0.         0.         0.         0.         0.
 0.         0.         0.         0.         0.         0.
 0.         0.         0.         0.         0.         0.
 0.         0.         0.         0.         0.         0.
 0.         0.         0.         0.         0.         0.
 0.         0.         0.         0.         0.         0.
 0.         0.         0.         0.         0.         0.
 0.         0.         0.         0.         0.         0.
 0.         0.         0.         0.         0.         0.
 0.         0.         0.         0.         0.         0.
 0.         0.         0.         0.         0.         0.
 0.         0.         0.         0.         0.         0.
 0.         0.         0.         0.         0.         0.
 0.         0.         0.         0.         0.         0.
 0.         0.         0.         0.         0.36916387 1.
 0.39405941 0.40448523 0.17637627 0.         0.         0.
 0.         0.         0.24688279 0.         0.10619469]",BOOLECTOR,0.05561518669128418,unsat,"['BOOLECTOR', 'Z3', 'CVC4', 'YICES', 'MathSAT', 'Bitwuzla']",[0.039388179779052734]
./tmp/QF_AUFBV/com.galois.ecc.P384ECC64.ec_full_add3.short.smt2,"[0.         0.40521952 1.         0.         0.         0.
 0.         0.30916734 0.         0.         0.         0.
 0.         0.         1.         0.         0.         0.
 0.         0.         0.         0.         0.         0.
 0.         0.         0.         0.         0.         0.
 0.         0.98461538 1.         0.         0.         0.
 0.         0.88888889 0.         0.49484536 1.06666667 0.39724138
 0.65556978 0.         0.33526369 0.         0.08275023 0.51737452
 0.74563107 1.4407055  0.         0.30285998 1.74200206 0.18045113
 0.47469459 0.25622776 0.65306122 0.05211726 0.         0.
 0.         0.         0.         0.         0.         0.
 0.         0.         0.         0.         0.         0.
 0.         0.         0.         0.         0.         0.
 0.         0.         0.         0.         0.         0.
 0.         0.         0.         0.         0.         0.
 0.         0.         0.         0.         0.         0.
 0.         0.         0.         0.         0.         0.
 0.         0.         0.         0.         0.         0.
 0.         0.         0.         0.         0.         0.
 0.         0.         0.         0.         0.         0.
 0.         0.         0.         0.         0.         0.
 0.         0.         0.         0.         0.         0.
 0.         0.         0.         0.         0.         0.
 0.         0.         0.         0.         0.         0.
 0.         0.         0.         0.         0.42864426 1.
 0.40455511 0.42797801 0.26491459 0.         0.         0.
 0.         0.         0.51737452 0.         0.24220183]",BOOLECTOR,0.10881304740905762,unsat,"['BOOLECTOR', 'MathSAT', 'Z3', 'CVC4', 'YICES', 'Bitwuzla']",[0.09217405319213867]
./tmp/QF_AUFBV/opStructure_O_32_16_2_2.smt2,"[0.00000000e+00 1.09268544e-03 9.99999999e-01 0.00000000e+00
 0.00000000e+00 0.00000000e+00 0.00000000e+00 2.50718974e-03
 0.00000000e+00 0.00000000e+00 0.00000000e+00 0.00000000e+00
 0.00000000e+00 0.00000000e+00 9.99999999e-01 0.00000000e+00
 0.00000000e+00 0.00000000e+00 0.00000000e+00 0.00000000e+00
 0.00000000e+00 0.00000000e+00 0.00000000e+00 0.00000000e+00
 0.00000000e+00 0.00000000e+00 0.00000000e+00 0.00000000e+00
 0.00000000e+00 0.00000000e+00 0.00000000e+00 1.21428571e+00
 9.99999999e-01 0.00000000e+00 0.00000000e+00 0.00000000e+00
 1.68406748e+01 0.00000000e+00 1.69999997e+01 0.00000000e+00
 0.00000000e+00 2.34159780e-02 0.00000000e+00 0.00000000e+00
 2.25424328e-03 0.00000000e+00 0.00000000e+00 0.00000000e+00
 6.57640232e-02 3.15033588e-02 0.00000000e+00 5.61890597e-03
 5.24691358e-02 0.00000000e+00 0.00000000e+00 9.81654135e+00
 9.62831858e+00 0.00000000e+00 1.61149013e+01 1.68406748e+01
 0.00000000e+00 0.00000000e+00 1.67868852e+01 1.47829227e+01
 0.00000000e+00 0.00000000e+00 0.00000000e+00 1.70000000e+01
 0.00000000e+00 0.00000000e+00 0.00000000e+00 0.00000000e+00
 0.00000000e+00 0.00000000e+00 0.00000000e+00 0.00000000e+00
 0.00000000e+00 0.00000000e+00 0.00000000e+00 0.00000000e+00
 0.00000000e+00 0.00000000e+00 0.00000000e+00 0.00000000e+00
 0.00000000e+00 0.00000000e+00 0.00000000e+00 0.00000000e+00
 0.00000000e+00 0.00000000e+00 0.00000000e+00 0.00000000e+00
 0.00000000e+00 0.00000000e+00 0.00000000e+00 0.00000000e+00
 0.00000000e+00 0.00000000e+00 0.00000000e+00 0.00000000e+00
 0.00000000e+00 0.00000000e+00 0.00000000e+00 0.00000000e+00
 0.00000000e+00 0.00000000e+00 0.00000000e+00 0.00000000e+00
 0.00000000e+00 0.00000000e+00 0.00000000e+00 0.00000000e+00
 0.00000000e+00 0.00000000e+00 0.00000000e+00 0.00000000e+00
 0.00000000e+00 0.00000000e+00 0.00000000e+00 0.00000000e+00
 0.00000000e+00 0.00000000e+00 0.00000000e+00 0.00000000e+00
 0.00000000e+00 0.00000000e+00 0.00000000e+00 0.00000000e+00
 0.00000000e+00 0.00000000e+00 0.00000000e+00 0.00000000e+00
 0.00000000e+00 0.00000000e+00 0.00000000e+00 0.00000000e+00
 0.00000000e+00 0.00000000e+00 0.00000000e+00 0.00000000e+00
 0.00000000e+00 0.00000000e+00 0.00000000e+00 0.00000000e+00
 0.00000000e+00 0.00000000e+00 0.00000000e+00 0.00000000e+00
 1.92817811e+00 1.00000000e+00 2.18719846e-03 2.66948689e+00
 2.97801524e-03 0.00000000e+00 0.00000000e+00 0.00000000e+00
 0.00000000e+00 0.00000000e+00 0.00000000e+00 0.00000000e+00
 0.00000000e+00]",MathSAT,60.02174615859985,timeout (2.0 s),"['BOOLECTOR', 'Z3', 'Bitwuzla', 'CVC4', 'YICES', 'MathSAT']","[47, 1, 2, 7, 1, 2]"
./tmp/QF_AUFBV/opStructure_O_32_32_2_2.smt2,"[0.00000000e+00 1.15688669e-03 9.99999999e-01 0.00000000e+00
 0.00000000e+00 0.00000000e+00 0.00000000e+00 2.65428003e-03
 0.00000000e+00 0.00000000e+00 0.00000000e+00 0.00000000e+00
 0.00000000e+00 0.00000000e+00 9.99999999e-01 0.00000000e+00
 0.00000000e+00 0.00000000e+00 0.00000000e+00 0.00000000e+00
 0.00000000e+00 0.00000000e+00 0.00000000e+00 0.00000000e+00
 0.00000000e+00 0.00000000e+00 0.00000000e+00 0.00000000e+00
 0.00000000e+00 0.00000000e+00 0.00000000e+00 1.20000000e+00
 9.99999999e-01 0.00000000e+00 0.00000000e+00 0.00000000e+00
 1.19603774e+01 0.00000000e+00 8.99999992e+00 0.00000000e+00
 0.00000000e+00 2.47592847e-02 0.00000000e+00 0.00000000e+00
 2.38652937e-03 0.00000000e+00 0.00000000e+00 0.00000000e+00
 6.93641618e-02 3.32947977e-02 0.00000000e+00 5.94746407e-03
 5.53846154e-02 0.00000000e+00 0.00000000e+00 9.64689463e+00
 9.56016598e+00 0.00000000e+00 1.17842529e+01 1.19603774e+01
 0.00000000e+00 0.00000000e+00 1.19494327e+01 1.14296790e+01
 0.00000000e+00 0.00000000e+00 0.00000000e+00 1.20000000e+01
 0.00000000e+00 0.00000000e+00 0.00000000e+00 0.00000000e+00
 0.00000000e+00 0.00000000e+00 0.00000000e+00 0.00000000e+00
 0.00000000e+00 0.00000000e+00 0.00000000e+00 0.00000000e+00
 0.00000000e+00 0.00000000e+00 0.00000000e+00 0.00000000e+00
 0.00000000e+00 0.00000000e+00 0.00000000e+00 0.00000000e+00
 0.00000000e+00 0.00000000e+00 0.00000000e+00 0.00000000e+00
 0.00000000e+00 0.00000000e+00 0.00000000e+00 0.00000000e+00
 0.00000000e+00 0.00000000e+00 0.00000000e+00 0.00000000e+00
 0.00000000e+00 0.00000000e+00 0.00000000e+00 0.00000000e+00
 0.00000000e+00 0.00000000e+00 0.00000000e+00 0.00000000e+00
 0.00000000e+00 0.00000000e+00 0.00000000e+00 0.00000000e+00
 0.00000000e+00 0.00000000e+00 0.00000000e+00 0.00000000e+00
 0.00000000e+00 0.00000000e+00 0.00000000e+00 0.00000000e+00
 0.00000000e+00 0.00000000e+00 0.00000000e+00 0.00000000e+00
 0.00000000e+00 0.00000000e+00 0.00000000e+00 0.00000000e+00
 0.00000000e+00 0.00000000e+00 0.00000000e+00 0.00000000e+00
 0.00000000e+00 0.00000000e+00 0.00000000e+00 0.00000000e+00
 0.00000000e+00 0.00000000e+00 0.00000000e+00 0.00000000e+00
 0.00000000e+00 0.00000000e+00 0.00000000e+00 0.00000000e+00
 0.00000000e+00 0.00000000e+00 0.00000000e+00 0.00000000e+00
 3.32264574e+00 1.00000000e+00 2.31555927e-03 4.29563422e+00
 3.15264034e-03 0.00000000e+00 0.00000000e+00 0.00000000e+00
 0.00000000e+00 0.00000000e+00 0.00000000e+00 0.00000000e+00
 0.00000000e+00]",YICES,60.048778772354126,timeout (2.0 s),"['BOOLECTOR', 'Bitwuzla', 'CVC4', 'Z3', 'MathSAT', 'YICES']","[47, 2, 7, 1, 1, 2]"
./tmp/QF_AUFBV/com.galois.ecc.P384ECC64.mod_div14.short.smt2,"[0.         0.19100337 1.         0.         0.         0.
 0.         0.1625     0.         0.         0.         0.
 0.         0.         1.         0.         0.         0.
 0.         0.         0.         0.         0.         0.
 0.         0.         0.         0.         0.         0.
 0.         0.96202532 1.         0.         0.         0.
 0.         1.         0.         0.19387755 1.1875     0.12978142
 0.14485388 0.         0.14582054 0.         0.03461889 0.14559387
 0.49906191 1.75807805 0.         0.19417873 2.90529974 0.03564728
 0.16435986 0.02317477 0.0344292  0.         0.         0.
 0.         0.         0.         0.01177747 0.         0.
 0.         0.         0.         0.         1.78125    0.
 0.         0.         0.         0.         0.06148867 0.
 0.         0.         0.18416801 0.         0.         0.
 0.         0.         0.         0.         0.         0.
 0.         0.         0.         0.         0.         0.
 0.         0.         0.         0.         0.         0.
 0.         0.         0.         0.         0.         0.
 0.         0.         0.         0.         0.         0.
 0.         0.         0.         0.         0.         0.
 0.         0.         0.         0.         0.         0.
 0.         0.         0.         0.         0.         0.
 0.         0.         0.         0.         0.         0.
 0.         0.         0.         0.         0.         0.
 0.         0.         0.         0.         0.24744472 1.
 0.1899516  0.15479029 0.16167405 0.         0.         0.
 0.         0.         0.14559387 0.         0.14530226]",BOOLECTOR,0.11064004898071289,unsat,"['BOOLECTOR', 'Z3', 'CVC4', 'YICES', 'MathSAT', 'Bitwuzla']",[0.10140800476074219]
./tmp/QF_AUFBV/opStructure_O_16_32_2_2.smt2,"[0.00000000e+00 1.27242652e-03 9.99999999e-01 0.00000000e+00
 0.00000000e+00 0.00000000e+00 0.00000000e+00 2.92354919e-03
 0.00000000e+00 0.00000000e+00 0.00000000e+00 0.00000000e+00
 0.00000000e+00 0.00000000e+00 9.99999999e-01 0.00000000e+00
 0.00000000e+00 0.00000000e+00 0.00000000e+00 0.00000000e+00
 0.00000000e+00 0.00000000e+00 0.00000000e+00 0.00000000e+00
 0.00000000e+00 0.00000000e+00 0.00000000e+00 0.00000000e+00
 0.00000000e+00 0.00000000e+00 0.00000000e+00 1.19047619e+00
 9.99999999e-01 0.00000000e+00 0.00000000e+00 0.00000000e+00
 5.10189740e+00 0.00000000e+00 6.66666662e+00 0.00000000e+00
 0.00000000e+00 2.72851296e-02 0.00000000e+00 0.00000000e+00
 2.63100197e-03 0.00000000e+00 0.00000000e+00 0.00000000e+00
 7.47663551e-02 3.35148722e-02 0.00000000e+00 6.53861872e-03
 5.19930676e-02 0.00000000e+00 0.00000000e+00 4.22268041e+00
 4.19071005e+00 0.00000000e+00 5.04404265e+00 5.10189740e+00
 0.00000000e+00 0.00000000e+00 4.98418107e+00 4.81647059e+00
 0.00000000e+00 0.00000000e+00 0.00000000e+00 5.00000000e+00
 0.00000000e+00 0.00000000e+00 0.00000000e+00 0.00000000e+00
 0.00000000e+00 0.00000000e+00 0.00000000e+00 0.00000000e+00
 0.00000000e+00 0.00000000e+00 0.00000000e+00 0.00000000e+00
 0.00000000e+00 0.00000000e+00 0.00000000e+00 0.00000000e+00
 0.00000000e+00 0.00000000e+00 0.00000000e+00 0.00000000e+00
 0.00000000e+00 0.00000000e+00 0.00000000e+00 0.00000000e+00
 0.00000000e+00 0.00000000e+00 0.00000000e+00 0.00000000e+00
 0.00000000e+00 0.00000000e+00 0.00000000e+00 0.00000000e+00
 0.00000000e+00 0.00000000e+00 0.00000000e+00 0.00000000e+00
 0.00000000e+00 0.00000000e+00 0.00000000e+00 0.00000000e+00
 0.00000000e+00 0.00000000e+00 0.00000000e+00 0.00000000e+00
 0.00000000e+00 0.00000000e+00 0.00000000e+00 0.00000000e+00
 0.00000000e+00 0.00000000e+00 0.00000000e+00 0.00000000e+00
 0.00000000e+00 0.00000000e+00 0.00000000e+00 0.00000000e+00
 0.00000000e+00 0.00000000e+00 0.00000000e+00 0.00000000e+00
 0.00000000e+00 0.00000000e+00 0.00000000e+00 0.00000000e+00
 0.00000000e+00 0.00000000e+00 0.00000000e+00 0.00000000e+00
 0.00000000e+00 0.00000000e+00 0.00000000e+00 0.00000000e+00
 0.00000000e+00 0.00000000e+00 0.00000000e+00 0.00000000e+00
 0.00000000e+00 0.00000000e+00 0.00000000e+00 0.00000000e+00
 1.68864013e+00 1.00000000e+00 2.54679740e-03 2.13191315e+00
 3.47252366e-03 0.00000000e+00 0.00000000e+00 0.00000000e+00
 0.00000000e+00 0.00000000e+00 0.00000000e+00 0.00000000e+00
 0.00000000e+00]",YICES,60.01984524726868,timeout (2.0 s),"['BOOLECTOR', 'Bitwuzla', 'CVC4', 'Z3', 'MathSAT', 'YICES']","[47, 2, 7, 1, 1, 2]"
./tmp/QF_AUFBV/com.galois.ecc.P384ECC64.mul_inner3.short.smt2,"[0.00000000e+00 1.78830505e-01 9.99999999e-01 0.00000000e+00
 0.00000000e+00 0.00000000e+00 0.00000000e+00 1.29657878e-01
 0.00000000e+00 0.00000000e+00 0.00000000e+00 0.00000000e+00
 0.00000000e+00 0.00000000e+00 9.99999999e-01 0.00000000e+00
 0.00000000e+00 0.00000000e+00 0.00000000e+00 0.00000000e+00
 0.00000000e+00 0.00000000e+00 0.00000000e+00 0.00000000e+00
 0.00000000e+00 0.00000000e+00 0.00000000e+00 0.00000000e+00
 0.00000000e+00 0.00000000e+00 0.00000000e+00 9.54545454e-01
 9.99999999e-01 0.00000000e+00 0.00000000e+00 0.00000000e+00
 0.00000000e+00 1.05000000e+00 0.00000000e+00 2.12121212e-01
 1.23529412e+00 2.82637954e-01 1.85138539e-01 0.00000000e+00
 1.30861077e-01 0.00000000e+00 4.45454545e-02 2.18957346e-01
 1.55844156e-01 3.50360453e-01 2.09999998e+01 1.24553136e-01
 2.07207207e-01 1.11900533e+00 1.80102916e-01 3.74588364e-02
 3.00367797e-02 0.00000000e+00 3.88708931e-02 4.91803279e-03
 0.00000000e+00 0.00000000e+00 0.00000000e+00 0.00000000e+00
 0.00000000e+00 0.00000000e+00 0.00000000e+00 0.00000000e+00
 0.00000000e+00 0.00000000e+00 0.00000000e+00 0.00000000e+00
 0.00000000e+00 0.00000000e+00 0.00000000e+00 0.00000000e+00
 0.00000000e+00 1.25999999e+01 0.00000000e+00 0.00000000e+00
 0.00000000e+00 0.00000000e+00 0.00000000e+00 0.00000000e+00
 1.63333333e+01 0.00000000e+00 0.00000000e+00 0.00000000e+00
 0.00000000e+00 0.00000000e+00 0.00000000e+00 0.00000000e+00
 0.00000000e+00 0.00000000e+00 0.00000000e+00 0.00000000e+00
 0.00000000e+00 0.00000000e+00 0.00000000e+00 0.00000000e+00
 0.00000000e+00 0.00000000e+00 0.00000000e+00 0.00000000e+00
 0.00000000e+00 0.00000000e+00 0.00000000e+00 0.00000000e+00
 0.00000000e+00 0.00000000e+00 0.00000000e+00 0.00000000e+00
 0.00000000e+00 0.00000000e+00 0.00000000e+00 0.00000000e+00
 0.00000000e+00 0.00000000e+00 0.00000000e+00 0.00000000e+00
 0.00000000e+00 0.00000000e+00 0.00000000e+00 0.00000000e+00
 0.00000000e+00 0.00000000e+00 0.00000000e+00 0.00000000e+00
 0.00000000e+00 0.00000000e+00 0.00000000e+00 0.00000000e+00
 0.00000000e+00 0.00000000e+00 0.00000000e+00 0.00000000e+00
 0.00000000e+00 0.00000000e+00 0.00000000e+00 0.00000000e+00
 0.00000000e+00 0.00000000e+00 0.00000000e+00 0.00000000e+00
 0.00000000e+00 0.00000000e+00 0.00000000e+00 0.00000000e+00
 1.12722240e-01 1.00000000e+00 1.77651515e-01 1.29107121e-01
 1.12425525e-01 0.00000000e+00 0.00000000e+00 0.00000000e+00
 0.00000000e+00 0.00000000e+00 2.18957346e-01 0.00000000e+00
 1.10306104e-01]",BOOLECTOR,0.8961749076843262,sat,"['BOOLECTOR', 'Z3', 'MathSAT', 'YICES', 'Bitwuzla', 'CVC4']",[0.8901169300079346]
./tmp/QF_AUFBV/com.galois.ecc.P384ECC64.sq_inner22.short.smt2,"[0.00000000e+00 1.04965786e-01 9.99999999e-01 0.00000000e+00
 0.00000000e+00 0.00000000e+00 0.00000000e+00 5.10181897e-02
 0.00000000e+00 0.00000000e+00 0.00000000e+00 0.00000000e+00
 0.00000000e+00 0.00000000e+00 9.99999999e-01 0.00000000e+00
 0.00000000e+00 0.00000000e+00 0.00000000e+00 0.00000000e+00
 0.00000000e+00 0.00000000e+00 0.00000000e+00 0.00000000e+00
 0.00000000e+00 0.00000000e+00 0.00000000e+00 0.00000000e+00
 0.00000000e+00 0.00000000e+00 0.00000000e+00 9.56521739e-01
 9.99999999e-01 0.00000000e+00 0.00000000e+00 0.00000000e+00
 0.00000000e+00 1.04761905e+00 0.00000000e+00 7.38255034e-02
 1.22222222e+00 5.90604027e-02 0.00000000e+00 0.00000000e+00
 7.26198749e-02 0.00000000e+00 1.33252574e-02 3.12352106e-02
 1.21771218e-01 3.25892857e-01 7.33333328e+00 6.41607259e-02
 2.14953271e-01 1.04230118e+00 3.76712329e-02 1.80970661e-02
 0.00000000e+00 0.00000000e+00 2.03421174e-02 5.15101850e-03
 0.00000000e+00 0.00000000e+00 5.35279805e-03 0.00000000e+00
 0.00000000e+00 0.00000000e+00 0.00000000e+00 0.00000000e+00
 0.00000000e+00 0.00000000e+00 0.00000000e+00 0.00000000e+00
 0.00000000e+00 0.00000000e+00 0.00000000e+00 0.00000000e+00
 7.09677419e-02 6.28571427e+00 0.00000000e+00 0.00000000e+00
 0.00000000e+00 0.00000000e+00 0.00000000e+00 0.00000000e+00
 4.00000000e+00 0.00000000e+00 0.00000000e+00 0.00000000e+00
 0.00000000e+00 0.00000000e+00 0.00000000e+00 0.00000000e+00
 0.00000000e+00 0.00000000e+00 0.00000000e+00 0.00000000e+00
 0.00000000e+00 0.00000000e+00 0.00000000e+00 0.00000000e+00
 0.00000000e+00 0.00000000e+00 0.00000000e+00 0.00000000e+00
 0.00000000e+00 0.00000000e+00 0.00000000e+00 0.00000000e+00
 0.00000000e+00 0.00000000e+00 0.00000000e+00 0.00000000e+00
 0.00000000e+00 0.00000000e+00 0.00000000e+00 0.00000000e+00
 0.00000000e+00 0.00000000e+00 0.00000000e+00 0.00000000e+00
 0.00000000e+00 0.00000000e+00 0.00000000e+00 0.00000000e+00
 0.00000000e+00 0.00000000e+00 0.00000000e+00 0.00000000e+00
 0.00000000e+00 0.00000000e+00 0.00000000e+00 0.00000000e+00
 0.00000000e+00 0.00000000e+00 0.00000000e+00 0.00000000e+00
 0.00000000e+00 0.00000000e+00 0.00000000e+00 0.00000000e+00
 0.00000000e+00 0.00000000e+00 0.00000000e+00 0.00000000e+00
 0.00000000e+00 0.00000000e+00 0.00000000e+00 0.00000000e+00
 6.96323328e-02 1.00000000e+00 1.03675778e-01 8.77287842e-02
 5.30622793e-02 0.00000000e+00 0.00000000e+00 0.00000000e+00
 0.00000000e+00 0.00000000e+00 3.12352106e-02 0.00000000e+00
 4.96972983e-02]",BOOLECTOR,0.6959547996520996,sat,"['BOOLECTOR', 'Z3', 'YICES', 'MathSAT', 'Bitwuzla', 'CVC4']",[0.6920778751373291]
./tmp/QF_AUFBV/com.galois.ecc.P384ECC64.ec_full_add1.short.smt2,"[0.         0.27533805 1.         0.         0.         0.
 0.         0.12103518 0.         0.         0.         0.
 0.         0.         1.         0.         0.         0.
 0.         0.         0.         0.         0.         0.
 0.         0.         0.         0.         0.         0.
 0.         0.95833333 1.         0.         0.         0.
 0.         2.         0.         0.22923588 1.21052631 0.15333333
 0.08657465 0.         0.20494167 0.         0.02435335 0.1406397
 0.93628319 1.01706749 0.         0.16280566 0.72850679 0.
 0.19524618 0.01575558 0.01409026 0.         0.         0.
 0.         0.         0.         0.         0.         0.
 0.         0.         0.         0.         0.         0.
 0.         0.         0.         0.         0.         0.
 0.         0.         0.         0.         0.         0.
 0.         0.         0.         0.         0.         0.
 0.         0.         0.         0.         0.         0.
 0.         0.         0.         0.         0.         0.
 0.         0.         0.         0.         0.         0.
 0.         0.         0.         0.         0.         0.
 0.         0.         0.         0.         0.         0.
 0.         0.         0.         0.         0.         0.
 0.         0.         0.         0.         0.         0.
 0.         0.         0.         0.         0.         0.
 0.         0.         0.         0.         0.         0.
 0.         0.         0.         0.         0.17929758 1.
 0.27416651 0.18045143 0.11237785 0.         0.         0.
 0.         0.         0.1406397  0.         0.0704441 ]",CVC4,0.10574984550476074,unsat,"['CVC4', 'YICES', 'Z3', 'Bitwuzla', 'MathSAT', 'BOOLECTOR']",[0.09766697883605957]
./tmp/QF_AUFBV/com.galois.ecc.P384ECC64.mod_div12.short.smt2,"[0.         0.23438364 1.         0.         0.         0.
 0.         0.20243031 0.         0.         0.         0.
 0.         0.         1.         0.         0.         0.
 0.         0.         0.         0.         0.         0.
 0.         0.         0.         0.         0.         0.
 0.         0.96       1.         0.         0.         0.
 0.         1.         0.         0.27586207 1.2        0.1589404
 0.17932752 0.         0.18045884 0.         0.03986711 0.19038731
 0.58031088 1.89101304 0.         0.23891057 3.03557312 0.04054054
 0.24201681 0.0229948  0.03425775 0.         0.         0.
 0.         0.         0.         0.01128881 0.         0.
 0.         0.         0.         0.         2.05714286 0.
 0.         0.         0.         0.         0.07717042 0.
 0.         0.         0.19230769 0.         0.         0.
 0.         0.         0.         0.         0.         0.
 0.         0.         0.         0.         0.         0.
 0.         0.         0.         0.         0.         0.
 0.         0.         0.         0.         0.         0.
 0.         0.         0.         0.         0.         0.
 0.         0.         0.         0.         0.         0.
 0.         0.         0.         0.         0.         0.
 0.         0.         0.         0.         0.         0.
 0.         0.         0.         0.         0.         0.
 0.         0.         0.         0.         0.         0.
 0.         0.         0.         0.         0.27838888 1.
 0.23313864 0.17097659 0.199932   0.         0.         0.
 0.         0.         0.19038731 0.         0.18024139]",BOOLECTOR,0.0679168701171875,unsat,"['BOOLECTOR', 'YICES', 'MathSAT', 'CVC4', 'Z3', 'Bitwuzla']",[0.05993986129760742]
./tmp/QF_AUFBV/opStructure_C_16_32_2_2.smt2,"[0.00000000e+00 1.53543791e-03 9.99999999e-01 0.00000000e+00
 0.00000000e+00 0.00000000e+00 0.00000000e+00 3.57347055e-03
 0.00000000e+00 0.00000000e+00 0.00000000e+00 0.00000000e+00
 0.00000000e+00 0.00000000e+00 9.99999999e-01 0.00000000e+00
 0.00000000e+00 0.00000000e+00 0.00000000e+00 0.00000000e+00
 0.00000000e+00 0.00000000e+00 0.00000000e+00 0.00000000e+00
 0.00000000e+00 0.00000000e+00 0.00000000e+00 0.00000000e+00
 0.00000000e+00 0.00000000e+00 0.00000000e+00 1.19047619e+00
 9.99999999e-01 0.00000000e+00 0.00000000e+00 0.00000000e+00
 1.33592018e+00 0.00000000e+00 6.24999996e+00 0.00000000e+00
 0.00000000e+00 6.60501981e-02 0.00000000e+00 0.00000000e+00
 4.27149631e-03 0.00000000e+00 0.00000000e+00 0.00000000e+00
 8.60585198e-02 3.56824264e-02 0.00000000e+00 7.96114959e-03
 5.37827178e-02 0.00000000e+00 0.00000000e+00 1.10544218e+00
 1.09204368e+00 0.00000000e+00 1.31406045e+00 1.33008202e+00
 0.00000000e+00 0.00000000e+00 1.33578996e+00 1.27232143e+00
 0.00000000e+00 0.00000000e+00 0.00000000e+00 1.29629630e+00
 0.00000000e+00 0.00000000e+00 0.00000000e+00 0.00000000e+00
 0.00000000e+00 0.00000000e+00 0.00000000e+00 0.00000000e+00
 0.00000000e+00 0.00000000e+00 0.00000000e+00 0.00000000e+00
 0.00000000e+00 0.00000000e+00 0.00000000e+00 0.00000000e+00
 0.00000000e+00 0.00000000e+00 0.00000000e+00 0.00000000e+00
 0.00000000e+00 0.00000000e+00 0.00000000e+00 0.00000000e+00
 0.00000000e+00 0.00000000e+00 0.00000000e+00 0.00000000e+00
 0.00000000e+00 0.00000000e+00 0.00000000e+00 0.00000000e+00
 0.00000000e+00 0.00000000e+00 0.00000000e+00 0.00000000e+00
 0.00000000e+00 0.00000000e+00 0.00000000e+00 0.00000000e+00
 0.00000000e+00 0.00000000e+00 0.00000000e+00 0.00000000e+00
 0.00000000e+00 0.00000000e+00 0.00000000e+00 0.00000000e+00
 0.00000000e+00 0.00000000e+00 0.00000000e+00 0.00000000e+00
 0.00000000e+00 0.00000000e+00 0.00000000e+00 0.00000000e+00
 0.00000000e+00 0.00000000e+00 0.00000000e+00 0.00000000e+00
 0.00000000e+00 0.00000000e+00 0.00000000e+00 0.00000000e+00
 0.00000000e+00 0.00000000e+00 0.00000000e+00 0.00000000e+00
 0.00000000e+00 0.00000000e+00 0.00000000e+00 0.00000000e+00
 0.00000000e+00 0.00000000e+00 0.00000000e+00 0.00000000e+00
 0.00000000e+00 0.00000000e+00 0.00000000e+00 0.00000000e+00
 4.53615790e-01 1.00000000e+00 4.61027785e-03 5.70259333e-01
 4.24953255e-03 0.00000000e+00 0.00000000e+00 0.00000000e+00
 0.00000000e+00 0.00000000e+00 0.00000000e+00 0.00000000e+00
 0.00000000e+00]",Bitwuzla,60.00451993942261,timeout (3.0 s),"['BOOLECTOR', 'CVC4', 'MathSAT', 'YICES', 'Z3', 'Bitwuzla']","[50, 4, 1, 1, 1, 3]"
./tmp/QF_AUFBV/opStructure_O_16_24_2_2.smt2,"[0.00000000e+00 1.59675735e-03 9.99999999e-01 0.00000000e+00
 0.00000000e+00 0.00000000e+00 0.00000000e+00 3.71587823e-03
 0.00000000e+00 0.00000000e+00 0.00000000e+00 0.00000000e+00
 0.00000000e+00 0.00000000e+00 9.99999999e-01 0.00000000e+00
 0.00000000e+00 0.00000000e+00 0.00000000e+00 0.00000000e+00
 0.00000000e+00 0.00000000e+00 0.00000000e+00 0.00000000e+00
 0.00000000e+00 0.00000000e+00 0.00000000e+00 0.00000000e+00
 0.00000000e+00 0.00000000e+00 0.00000000e+00 1.18181818e+00
 9.99999999e-01 0.00000000e+00 0.00000000e+00 0.00000000e+00
 3.98761029e+00 0.00000000e+00 5.19999997e+00 0.00000000e+00
 0.00000000e+00 3.43007916e-02 0.00000000e+00 0.00000000e+00
 3.33134022e-03 0.00000000e+00 0.00000000e+00 0.00000000e+00
 8.91938250e-02 3.70568324e-02 0.00000000e+00 8.27695981e-03
 5.58139535e-02 0.00000000e+00 0.00000000e+00 3.40518417e+00
 3.38670285e+00 0.00000000e+00 3.94202899e+00 3.98686186e+00
 0.00000000e+00 0.00000000e+00 3.90763209e+00 3.80276322e+00
 0.00000000e+00 0.00000000e+00 0.00000000e+00 3.92452830e+00
 0.00000000e+00 0.00000000e+00 0.00000000e+00 0.00000000e+00
 0.00000000e+00 0.00000000e+00 0.00000000e+00 0.00000000e+00
 0.00000000e+00 0.00000000e+00 0.00000000e+00 0.00000000e+00
 0.00000000e+00 0.00000000e+00 0.00000000e+00 0.00000000e+00
 0.00000000e+00 0.00000000e+00 0.00000000e+00 0.00000000e+00
 0.00000000e+00 0.00000000e+00 0.00000000e+00 0.00000000e+00
 0.00000000e+00 0.00000000e+00 0.00000000e+00 0.00000000e+00
 0.00000000e+00 0.00000000e+00 0.00000000e+00 0.00000000e+00
 0.00000000e+00 0.00000000e+00 0.00000000e+00 0.00000000e+00
 0.00000000e+00 0.00000000e+00 0.00000000e+00 0.00000000e+00
 0.00000000e+00 0.00000000e+00 0.00000000e+00 0.00000000e+00
 0.00000000e+00 0.00000000e+00 0.00000000e+00 0.00000000e+00
 0.00000000e+00 0.00000000e+00 0.00000000e+00 0.00000000e+00
 0.00000000e+00 0.00000000e+00 0.00000000e+00 0.00000000e+00
 0.00000000e+00 0.00000000e+00 0.00000000e+00 0.00000000e+00
 0.00000000e+00 0.00000000e+00 0.00000000e+00 0.00000000e+00
 0.00000000e+00 0.00000000e+00 0.00000000e+00 0.00000000e+00
 0.00000000e+00 0.00000000e+00 0.00000000e+00 0.00000000e+00
 0.00000000e+00 0.00000000e+00 0.00000000e+00 0.00000000e+00
 0.00000000e+00 0.00000000e+00 0.00000000e+00 0.00000000e+00
 1.48412596e+00 1.00000000e+00 3.19606638e-03 1.84266077e+00
 4.41876275e-03 0.00000000e+00 0.00000000e+00 0.00000000e+00
 0.00000000e+00 0.00000000e+00 0.00000000e+00 0.00000000e+00
 0.00000000e+00]",YICES,60.013351917266846,timeout (2.0 s),"['CVC4', 'Bitwuzla', 'BOOLECTOR', 'Z3', 'MathSAT', 'YICES']","[52, 2, 2, 1, 1, 2]"
./tmp/QF_AUFBV/opStructure_MBA_6.smt2,"[2.69999993e+01 1.65806927e-03 9.99999999e-01 0.00000000e+00
 0.00000000e+00 0.00000000e+00 0.00000000e+00 1.34990358e-02
 0.00000000e+00 0.00000000e+00 0.00000000e+00 0.00000000e+00
 0.00000000e+00 0.00000000e+00 9.99999999e-01 0.00000000e+00
 0.00000000e+00 0.00000000e+00 0.00000000e+00 0.00000000e+00
 0.00000000e+00 0.00000000e+00 0.00000000e+00 0.00000000e+00
 0.00000000e+00 0.00000000e+00 0.00000000e+00 0.00000000e+00
 0.00000000e+00 0.00000000e+00 0.00000000e+00 1.17391304e+00
 9.99999999e-01 0.00000000e+00 0.00000000e+00 0.00000000e+00
 5.05902192e-02 0.00000000e+00 0.00000000e+00 0.00000000e+00
 0.00000000e+00 0.00000000e+00 0.00000000e+00 0.00000000e+00
 1.15310698e-03 0.00000000e+00 0.00000000e+00 0.00000000e+00
 3.20338983e-01 1.34018791e-01 0.00000000e+00 3.00500835e-02
 2.01349432e-01 0.00000000e+00 0.00000000e+00 1.22727273e-02
 1.37311409e-02 0.00000000e+00 2.45857451e+01 1.67238374e+01
 0.00000000e+00 0.00000000e+00 5.79964851e-02 0.00000000e+00
 0.00000000e+00 0.00000000e+00 0.00000000e+00 5.29619459e-02
 0.00000000e+00 0.00000000e+00 2.67432065e+01 0.00000000e+00
 0.00000000e+00 0.00000000e+00 0.00000000e+00 0.00000000e+00
 0.00000000e+00 0.00000000e+00 0.00000000e+00 0.00000000e+00
 0.00000000e+00 0.00000000e+00 0.00000000e+00 0.00000000e+00
 0.00000000e+00 0.00000000e+00 0.00000000e+00 0.00000000e+00
 0.00000000e+00 0.00000000e+00 0.00000000e+00 0.00000000e+00
 0.00000000e+00 0.00000000e+00 0.00000000e+00 0.00000000e+00
 0.00000000e+00 0.00000000e+00 0.00000000e+00 0.00000000e+00
 0.00000000e+00 0.00000000e+00 0.00000000e+00 0.00000000e+00
 0.00000000e+00 0.00000000e+00 0.00000000e+00 0.00000000e+00
 0.00000000e+00 0.00000000e+00 0.00000000e+00 0.00000000e+00
 0.00000000e+00 0.00000000e+00 0.00000000e+00 0.00000000e+00
 0.00000000e+00 0.00000000e+00 0.00000000e+00 0.00000000e+00
 0.00000000e+00 0.00000000e+00 0.00000000e+00 0.00000000e+00
 0.00000000e+00 0.00000000e+00 0.00000000e+00 0.00000000e+00
 0.00000000e+00 0.00000000e+00 0.00000000e+00 0.00000000e+00
 0.00000000e+00 0.00000000e+00 0.00000000e+00 2.69999993e+01
 0.00000000e+00 0.00000000e+00 0.00000000e+00 0.00000000e+00
 0.00000000e+00 0.00000000e+00 0.00000000e+00 0.00000000e+00
 0.00000000e+00 0.00000000e+00 0.00000000e+00 0.00000000e+00
 5.15586466e+00 1.00000000e+00 1.65939401e-03 8.80117183e+00
 1.60509554e-02 0.00000000e+00 0.00000000e+00 0.00000000e+00
 0.00000000e+00 0.00000000e+00 0.00000000e+00 0.00000000e+00
 0.00000000e+00]",MathSAT,60.05672597885132,timeout (2.0 s),"['BOOLECTOR', 'Bitwuzla', 'Z3', 'YICES', 'CVC4', 'MathSAT']","[50, 2, 1, 1, 4, 2]"
./tmp/QF_AUFBV/com.galois.ecc.P384ECC64.mod_div1.short.smt2,"[0.         0.2606315  1.         0.         0.         0.
 0.         0.22220648 0.         0.         0.         0.
 0.         0.         1.         0.         0.         0.
 0.         0.         0.         0.         0.         0.
 0.         0.         0.         0.         0.         0.
 0.         0.94117647 1.         0.         0.         0.
 0.         1.12       0.         0.22801303 1.33333333 0.14698163
 0.20766378 0.         0.20182319 0.         0.04643449 0.18173389
 0.64900662 2.08139153 0.         0.2689552  3.19723183 0.04721754
 0.1869783  0.0190779  0.03318659 0.         0.         0.
 0.         0.         0.         0.01066768 0.         0.
 0.         0.         0.         0.         0.01520913 0.
 0.         0.         0.         0.         0.08974359 0.
 0.         0.         0.17834395 0.         0.         0.
 0.         0.         0.         0.         0.         0.
 0.         0.         0.         0.         0.         0.
 0.         0.         0.         0.         0.         0.
 0.         0.         0.         0.         0.         0.
 0.         0.         0.         0.         0.         0.
 0.         0.         0.         0.         0.         0.
 0.         0.         0.         0.         0.         0.
 0.         0.         0.         0.         0.         0.
 0.         0.         0.         0.         0.         0.
 0.         0.         0.         0.         0.         0.
 0.         0.         0.         0.         0.241459   1.
 0.25914875 0.11792296 0.22409436 0.         0.         0.
 0.         0.         0.18173389 0.         0.20131369]",BOOLECTOR,0.06898999214172363,unsat,"['BOOLECTOR', 'YICES', 'MathSAT', 'Z3', 'CVC4', 'Bitwuzla']",[0.06002306938171387]
./tmp/QF_AUFBV/com.galois.ecc.P384ECC64.ec_twin_mul_aux1.short.smt2,"[0.         2.18295359 1.         0.         0.         0.
 0.         2.18677935 0.         0.         0.         0.
 0.         0.         1.         0.         0.         0.
 0.         0.         0.         0.         0.         0.
 0.         0.         0.         0.         0.         0.
 0.         0.94308943 1.         0.         0.         0.
 0.         1.11538461 0.         3.81471004 1.31818182 3.36426914
 5.20588235 0.         2.02338881 0.         0.72468029 4.23634204
 2.21712538 1.66841942 0.         1.79295317 1.28171978 5.76081081
 3.86107091 0.32562318 0.84382706 0.18770227 0.         0.
 0.         0.         0.         0.         0.         0.
 0.         0.         0.         0.         0.         0.
 0.         0.         0.         0.         0.         0.
 0.         0.         0.         0.         0.         0.
 0.         0.         0.         0.         0.         0.
 0.         0.         0.         0.         0.         0.
 0.         0.         0.         0.         0.         0.
 0.         0.         0.         0.         0.         0.
 0.         0.         0.         0.         0.         0.
 0.         0.         0.         0.         0.         0.
 0.         0.         0.         0.         0.         0.
 0.         0.         0.         0.         0.         0.
 0.         0.         0.         0.         0.         0.
 0.         0.         0.         0.         0.         0.
 0.         0.         0.         0.         1.0087455  1.
 2.18316441 0.8524239  1.78599099 0.         0.         0.
 0.         0.         4.23634204 0.         1.76248437]",BOOLECTOR,0.18213987350463867,unsat,"['BOOLECTOR', 'Z3', 'MathSAT', 'CVC4', 'YICES', 'Bitwuzla']",[0.13269305229187012]
./tmp/QF_AUFBV/com.galois.ecc.P384ECC64.mod_div10.short.smt2,"[0.         0.21781625 1.         0.         0.         0.
 0.         0.17390738 0.         0.         0.         0.
 0.         0.         1.         0.         0.         0.
 0.         0.         0.         0.         0.         0.
 0.         0.         0.         0.         0.         0.
 0.         0.94488189 1.         0.         0.         0.
 0.         1.11111111 0.         0.12676056 1.30434782 0.06944444
 0.15136226 0.         0.16708503 0.         0.03963594 0.10650888
 0.62874251 1.86248912 0.         0.22870547 2.78974639 0.
 0.08658009 0.01010214 0.02463863 0.         0.         0.
 0.         0.         0.         0.0085698  0.         0.
 0.         0.         0.         0.         0.01628664 0.
 0.         0.         0.         0.         0.         0.
 0.         0.         0.18987342 0.         0.         0.
 0.         0.         0.         0.         0.         0.
 0.         0.         0.         0.         0.         0.
 0.         0.         0.         0.         0.         0.
 0.         0.         0.         0.         0.         0.
 0.         0.         0.         0.         0.         0.
 0.         0.         0.         0.         0.         0.
 0.         0.         0.         0.         0.         0.
 0.         0.         0.         0.         0.         0.
 0.         0.         0.         0.         0.         0.
 0.         0.         0.         0.         0.         0.
 0.         0.         0.         0.         0.22237647 1.
 0.21633406 0.10642222 0.18151815 0.         0.         0.
 0.         0.         0.10650888 0.         0.15674241]",BOOLECTOR,0.04902219772338867,unsat,"['BOOLECTOR', 'CVC4', 'Z3', 'MathSAT', 'YICES', 'Bitwuzla']",[0.0413820743560791]
./tmp/QF_AUFBV/com.galois.ecc.P384ECC64.mul_inner4.short.smt2,"[0.00000000e+00 1.51614517e-01 9.99999999e-01 0.00000000e+00
 0.00000000e+00 0.00000000e+00 0.00000000e+00 1.70682731e-01
 0.00000000e+00 0.00000000e+00 0.00000000e+00 0.00000000e+00
 0.00000000e+00 0.00000000e+00 9.99999999e-01 0.00000000e+00
 0.00000000e+00 0.00000000e+00 0.00000000e+00 0.00000000e+00
 0.00000000e+00 0.00000000e+00 0.00000000e+00 0.00000000e+00
 0.00000000e+00 0.00000000e+00 0.00000000e+00 0.00000000e+00
 0.00000000e+00 0.00000000e+00 0.00000000e+00 9.46564885e-01
 9.99999999e-01 0.00000000e+00 0.00000000e+00 0.00000000e+00
 0.00000000e+00 1.10714286e+00 0.00000000e+00 2.59776536e-01
 1.29166666e+00 3.54691076e-01 2.17434870e-01 0.00000000e+00
 1.16286339e-01 0.00000000e+00 6.35804278e-02 2.66718811e-01
 4.63378176e-02 1.47682980e-01 0.00000000e+00 1.58255543e-01
 1.93224932e-01 1.25168237e-01 2.22063037e-01 4.51692446e-02
 3.56029532e-02 1.99356913e-01 4.11973820e-03 2.21428571e-03
 0.00000000e+00 0.00000000e+00 0.00000000e+00 5.90251333e-03
 0.00000000e+00 0.00000000e+00 0.00000000e+00 0.00000000e+00
 0.00000000e+00 0.00000000e+00 0.00000000e+00 0.00000000e+00
 0.00000000e+00 0.00000000e+00 0.00000000e+00 0.00000000e+00
 1.97452229e-01 9.29999997e+00 0.00000000e+00 0.00000000e+00
 0.00000000e+00 0.00000000e+00 0.00000000e+00 0.00000000e+00
 1.20555555e+01 0.00000000e+00 0.00000000e+00 0.00000000e+00
 0.00000000e+00 0.00000000e+00 0.00000000e+00 0.00000000e+00
 0.00000000e+00 0.00000000e+00 0.00000000e+00 0.00000000e+00
 0.00000000e+00 0.00000000e+00 0.00000000e+00 0.00000000e+00
 0.00000000e+00 0.00000000e+00 0.00000000e+00 0.00000000e+00
 0.00000000e+00 0.00000000e+00 0.00000000e+00 0.00000000e+00
 0.00000000e+00 0.00000000e+00 0.00000000e+00 0.00000000e+00
 0.00000000e+00 0.00000000e+00 0.00000000e+00 0.00000000e+00
 0.00000000e+00 0.00000000e+00 0.00000000e+00 0.00000000e+00
 0.00000000e+00 0.00000000e+00 0.00000000e+00 0.00000000e+00
 0.00000000e+00 0.00000000e+00 0.00000000e+00 0.00000000e+00
 0.00000000e+00 0.00000000e+00 0.00000000e+00 0.00000000e+00
 0.00000000e+00 0.00000000e+00 0.00000000e+00 0.00000000e+00
 0.00000000e+00 0.00000000e+00 0.00000000e+00 0.00000000e+00
 0.00000000e+00 0.00000000e+00 0.00000000e+00 0.00000000e+00
 0.00000000e+00 0.00000000e+00 0.00000000e+00 0.00000000e+00
 8.31215717e-02 1.00000000e+00 1.50033378e-01 8.15323319e-02
 1.50297154e-01 0.00000000e+00 0.00000000e+00 0.00000000e+00
 0.00000000e+00 0.00000000e+00 2.66718811e-01 0.00000000e+00
 1.56035977e-01]",BOOLECTOR,1.5463628768920898,sat,"['BOOLECTOR', 'CVC4', 'Z3', 'YICES', 'MathSAT', 'Bitwuzla']",[1.541823148727417]
./tmp/QF_AUFBV/com.galois.ecc.P384ECC64.ec_twin_mul_aux12.short.smt2,"[0.         2.214888   1.         0.         0.         0.
 0.         2.22026644 0.         0.         0.         0.
 0.         0.         1.         0.         0.         0.
 0.         0.         0.         0.         0.         0.
 0.         0.         0.         0.         0.         0.
 0.         0.94814815 1.         0.         0.         0.
 0.         1.10344827 0.         3.67861557 1.28       3.28542094
 4.82042553 0.         2.06893023 0.         0.77758719 4.0355434
 2.22531293 1.63090834 0.         1.84095127 1.22595778 5.28539326
 3.72658228 0.35468854 0.90306122 0.20447284 0.         0.
 0.         0.         0.         0.         0.         0.
 0.         0.         0.         0.         0.         0.
 0.         0.         0.         0.         0.         0.
 0.         0.         0.         0.         0.         0.
 0.         0.         0.         0.         0.         0.
 0.         0.         0.         0.         0.         0.
 0.         0.         0.         0.         0.         0.
 0.         0.         0.         0.         0.         0.
 0.         0.         0.         0.         0.         0.
 0.         0.         0.         0.         0.         0.
 0.         0.         0.         0.         0.         0.
 0.         0.         0.         0.         0.         0.
 0.         0.         0.         0.         0.         0.
 0.         0.         0.         0.         0.         0.
 0.         0.         0.         0.         1.06520591 1.
 2.2152954  0.90827091 1.83739957 0.         0.         0.
 0.         0.         4.0355434  0.         1.81569116]",BOOLECTOR,0.18825697898864746,unsat,"['BOOLECTOR', 'Z3', 'CVC4', 'Bitwuzla', 'YICES', 'MathSAT']",[0.1357719898223877]
./tmp/QF_AUFBV/opStructure_NPT_1.smt2,"[0.         0.00170701 1.         0.         0.         0.
 0.         0.00397806 0.         0.         0.         0.
 0.         0.         1.         0.         0.         0.
 0.         0.         0.         0.         0.         0.
 0.         0.         0.         0.         0.         0.
 0.         1.17857143 1.         0.         0.         0.
 0.10478147 0.         0.         0.         0.         0.03384615
 0.         0.         0.00241202 0.         0.         0.
 0.09153953 0.03612974 0.         0.00907029 0.05152225 0.
 0.         0.         0.         0.         0.03285871 0.04002283
 0.         0.         0.         0.04705771 0.         0.
 0.         0.         0.         0.         0.         0.
 0.         0.         0.         0.         0.         0.
 0.         0.         0.         0.         0.         0.
 0.         0.         0.         0.         0.         0.
 0.         0.         0.         0.         0.         0.
 0.         0.         0.         0.         0.         0.
 0.         0.         0.         0.         0.         0.
 0.         0.         0.         0.         0.         0.
 0.         0.         0.         0.         0.         0.
 0.         0.         0.         0.         0.         0.
 0.         0.         0.         0.         0.         0.
 0.         0.         0.         0.         0.         0.
 0.         0.         0.         0.         0.         0.
 0.         0.         0.         0.         0.02330947 1.
 0.00341703 0.02182075 0.00486403 0.         0.         0.
 0.         0.         0.         0.         0.        ]",Bitwuzla,60.00132083892822,timeout (31.0 s),"['BOOLECTOR', 'CVC4', 'YICES', 'MathSAT', 'Z3', 'Bitwuzla']","[22, 4, 1, 1, 1, 31]"
./tmp/QF_AUFBV/opStructure_MBA_7.smt2,"[0.00000000e+00 1.75865101e-03 9.99999999e-01 0.00000000e+00
 0.00000000e+00 0.00000000e+00 0.00000000e+00 1.43390770e-02
 0.00000000e+00 0.00000000e+00 0.00000000e+00 0.00000000e+00
 0.00000000e+00 0.00000000e+00 9.99999999e-01 0.00000000e+00
 0.00000000e+00 0.00000000e+00 0.00000000e+00 0.00000000e+00
 0.00000000e+00 0.00000000e+00 0.00000000e+00 0.00000000e+00
 0.00000000e+00 0.00000000e+00 0.00000000e+00 0.00000000e+00
 0.00000000e+00 0.00000000e+00 0.00000000e+00 1.17241379e+00
 9.99999999e-01 0.00000000e+00 0.00000000e+00 0.00000000e+00
 6.97110904e-02 0.00000000e+00 5.66666663e+00 0.00000000e+00
 0.00000000e+00 0.00000000e+00 0.00000000e+00 0.00000000e+00
 2.48492600e-03 0.00000000e+00 0.00000000e+00 0.00000000e+00
 3.26923077e-01 1.29788684e-01 0.00000000e+00 3.26765978e-02
 1.84782609e-01 0.00000000e+00 0.00000000e+00 1.50675825e-02
 2.16698534e-02 0.00000000e+00 2.54115615e+01 2.03916507e+01
 0.00000000e+00 0.00000000e+00 2.76583382e-01 0.00000000e+00
 0.00000000e+00 0.00000000e+00 0.00000000e+00 6.65622553e-02
 0.00000000e+00 0.00000000e+00 1.99735722e+01 0.00000000e+00
 0.00000000e+00 0.00000000e+00 0.00000000e+00 0.00000000e+00
 0.00000000e+00 0.00000000e+00 0.00000000e+00 0.00000000e+00
 0.00000000e+00 0.00000000e+00 0.00000000e+00 0.00000000e+00
 0.00000000e+00 0.00000000e+00 0.00000000e+00 0.00000000e+00
 0.00000000e+00 0.00000000e+00 0.00000000e+00 0.00000000e+00
 0.00000000e+00 0.00000000e+00 0.00000000e+00 0.00000000e+00
 0.00000000e+00 0.00000000e+00 0.00000000e+00 0.00000000e+00
 0.00000000e+00 0.00000000e+00 0.00000000e+00 0.00000000e+00
 0.00000000e+00 0.00000000e+00 0.00000000e+00 0.00000000e+00
 0.00000000e+00 0.00000000e+00 0.00000000e+00 0.00000000e+00
 0.00000000e+00 0.00000000e+00 0.00000000e+00 0.00000000e+00
 0.00000000e+00 0.00000000e+00 0.00000000e+00 0.00000000e+00
 0.00000000e+00 0.00000000e+00 0.00000000e+00 0.00000000e+00
 0.00000000e+00 0.00000000e+00 0.00000000e+00 0.00000000e+00
 0.00000000e+00 0.00000000e+00 0.00000000e+00 0.00000000e+00
 0.00000000e+00 0.00000000e+00 0.00000000e+00 1.69999997e+01
 0.00000000e+00 0.00000000e+00 0.00000000e+00 0.00000000e+00
 0.00000000e+00 0.00000000e+00 0.00000000e+00 0.00000000e+00
 0.00000000e+00 0.00000000e+00 0.00000000e+00 0.00000000e+00
 1.12725682e+01 1.00000000e+00 1.76019880e-03 1.59179376e+01
 1.75309369e-02 0.00000000e+00 0.00000000e+00 0.00000000e+00
 0.00000000e+00 0.00000000e+00 0.00000000e+00 0.00000000e+00
 0.00000000e+00]",MathSAT,60.20128011703491,timeout (2.0 s),"['BOOLECTOR', 'CVC4', 'Bitwuzla', 'YICES', 'Z3', 'MathSAT']","[50, 4, 2, 1, 1, 2]"
./tmp/QF_AUFBV/com.galois.ecc.P384ECC64.ec_full_add4.short.smt2,"[0.         0.66771526 1.         0.         0.         0.
 0.         0.50501752 0.         0.         0.         0.
 0.         0.         1.         0.         0.         0.
 0.         0.         0.         0.         0.         0.
 0.         0.         0.         0.         0.         0.
 0.         0.93959732 1.         0.         0.         0.
 0.         1.16666667 0.         0.7617896  1.34615384 0.63444109
 0.92792046 0.         0.57366737 0.         0.16927454 0.78349482
 1.11702128 1.65476036 0.         0.4927242  1.63212435 0.234375
 0.73729864 0.06965944 0.17755231 0.         0.         0.
 0.         0.         0.         0.         0.         0.
 0.         0.         0.         0.         0.         0.
 0.         0.         0.         0.         0.         0.
 0.         0.         0.         0.         0.         0.
 0.         0.         0.         0.         0.         0.
 0.         0.         0.         0.         0.         0.
 0.         0.         0.         0.         0.         0.
 0.         0.         0.         0.         0.         0.
 0.         0.         0.         0.         0.         0.
 0.         0.         0.         0.         0.         0.
 0.         0.         0.         0.         0.         0.
 0.         0.         0.         0.         0.         0.
 0.         0.         0.         0.         0.         0.
 0.         0.         0.         0.         0.         0.
 0.         0.         0.         0.         0.25540302 1.
 0.66654817 0.15030346 0.43536772 0.         0.         0.
 0.         0.         0.78349482 0.         0.39592151]",BOOLECTOR,0.08140897750854492,unsat,"['BOOLECTOR', 'CVC4', 'MathSAT', 'YICES', 'Z3', 'Bitwuzla']",[0.06513285636901855]
./tmp/QF_AUFBV/com.galois.ecc.P384ECC64.signHash5.short.smt2,"[0.         2.1244211  1.         0.         0.         0.
 0.         2.09763463 0.         0.         0.         0.
 0.         0.         1.         0.         0.         0.
 0.         0.         0.         0.         0.         0.
 0.         0.         0.         0.         0.         0.
 0.         0.94117647 1.         0.         0.         0.
 0.         1.16129032 0.         4.66105263 1.33333333 4.47619048
 3.35386927 0.         1.71774773 0.         0.60914557 4.12189349
 2.6189889  2.16237334 0.         1.69051151 1.77339901 0.08017817
 4.72766415 0.55264017 0.69402985 2.46428571 0.         0.
 0.         0.         0.         0.         2.32941176 0.
 0.         0.         0.         0.         0.02417189 0.
 0.         0.         0.         0.         0.         0.
 0.         0.         8.11764706 0.         0.         0.
 0.         0.         0.         0.         0.         0.
 0.         0.         0.         0.         0.         0.
 0.         0.         0.         0.         0.         0.
 0.         0.         0.         0.         0.         0.
 0.         0.         0.         0.         0.         0.
 0.         0.         0.         0.         0.         0.
 0.         0.         0.         0.         0.         0.
 0.         0.         0.         0.         0.         0.
 0.         0.         0.         0.         0.         0.
 0.         0.         0.         0.         0.         0.
 0.         0.         0.         0.         0.72720535 1.
 2.12462965 0.4583181  1.60622698 0.         0.         0.
 0.         0.         4.12189349 0.         1.54573575]",BOOLECTOR,1.6558749675750732,unsat,"['BOOLECTOR', 'Z3', 'CVC4', 'Bitwuzla', 'MathSAT', 'YICES']",[1.607140064239502]
./tmp/QF_AUFBV/com.galois.ecc.P384ECC64.sq_inner12.short.smt2,"[0.00000000e+00 1.23245301e-01 9.99999999e-01 0.00000000e+00
 0.00000000e+00 0.00000000e+00 0.00000000e+00 5.16528926e-02
 0.00000000e+00 0.00000000e+00 0.00000000e+00 0.00000000e+00
 0.00000000e+00 0.00000000e+00 9.99999999e-01 0.00000000e+00
 0.00000000e+00 0.00000000e+00 0.00000000e+00 0.00000000e+00
 0.00000000e+00 0.00000000e+00 0.00000000e+00 0.00000000e+00
 0.00000000e+00 0.00000000e+00 0.00000000e+00 0.00000000e+00
 0.00000000e+00 0.00000000e+00 0.00000000e+00 9.42675159e-01
 9.99999999e-01 0.00000000e+00 0.00000000e+00 0.00000000e+00
 0.00000000e+00 1.15625000e+00 0.00000000e+00 7.77310924e-02
 1.32142857e+00 6.51408451e-02 0.00000000e+00 0.00000000e+00
 8.84411815e-02 0.00000000e+00 2.06848358e-02 3.28111144e-02
 1.36363636e-01 3.26839303e-01 9.24999991e+00 6.67052991e-02
 1.98553430e-01 1.11879050e+00 3.97849462e-02 1.20809752e-02
 0.00000000e+00 0.00000000e+00 3.10204903e-04 0.00000000e+00
 0.00000000e+00 0.00000000e+00 7.16498838e-03 0.00000000e+00
 0.00000000e+00 0.00000000e+00 0.00000000e+00 0.00000000e+00
 0.00000000e+00 0.00000000e+00 0.00000000e+00 0.00000000e+00
 0.00000000e+00 0.00000000e+00 0.00000000e+00 0.00000000e+00
 1.17460317e-01 3.36363635e+00 0.00000000e+00 0.00000000e+00
 0.00000000e+00 0.00000000e+00 0.00000000e+00 0.00000000e+00
 3.70000000e+00 0.00000000e+00 0.00000000e+00 0.00000000e+00
 0.00000000e+00 0.00000000e+00 0.00000000e+00 0.00000000e+00
 0.00000000e+00 0.00000000e+00 0.00000000e+00 0.00000000e+00
 0.00000000e+00 0.00000000e+00 0.00000000e+00 0.00000000e+00
 0.00000000e+00 0.00000000e+00 0.00000000e+00 0.00000000e+00
 0.00000000e+00 0.00000000e+00 0.00000000e+00 0.00000000e+00
 0.00000000e+00 0.00000000e+00 0.00000000e+00 0.00000000e+00
 0.00000000e+00 0.00000000e+00 0.00000000e+00 0.00000000e+00
 0.00000000e+00 0.00000000e+00 0.00000000e+00 0.00000000e+00
 0.00000000e+00 0.00000000e+00 0.00000000e+00 0.00000000e+00
 0.00000000e+00 0.00000000e+00 0.00000000e+00 0.00000000e+00
 0.00000000e+00 0.00000000e+00 0.00000000e+00 0.00000000e+00
 0.00000000e+00 0.00000000e+00 0.00000000e+00 0.00000000e+00
 0.00000000e+00 0.00000000e+00 0.00000000e+00 0.00000000e+00
 0.00000000e+00 0.00000000e+00 0.00000000e+00 0.00000000e+00
 0.00000000e+00 0.00000000e+00 0.00000000e+00 0.00000000e+00
 4.72731692e-02 1.00000000e+00 1.21600381e-01 4.06795134e-02
 5.39208883e-02 0.00000000e+00 0.00000000e+00 0.00000000e+00
 0.00000000e+00 0.00000000e+00 3.28111144e-02 0.00000000e+00
 4.89849956e-02]",BOOLECTOR,0.1494741439819336,sat,"['BOOLECTOR', 'Z3', 'YICES', 'MathSAT', 'CVC4', 'Bitwuzla']",[0.1456310749053955]
./tmp/QF_AUFBV/com.galois.ecc.P384ECC64.ec_twin_mul_aux11.short.smt2,"[0.         2.27459401 1.         0.         0.         0.
 0.         2.29487381 0.         0.         0.         0.
 0.         0.         1.         0.         0.         0.
 0.         0.         0.         0.         0.         0.
 0.         0.         0.         0.         0.         0.
 0.         0.94409938 1.         0.         0.         0.
 0.         1.15151515 0.         3.38181818 1.31034483 3.07443366
 4.4602122  0.         2.16468088 0.         0.88191126 3.73720682
 2.19907407 1.63686892 0.         1.94318182 1.26009474 5.20596459
 3.42074364 0.40913006 1.01770313 0.22485207 0.         0.
 0.         0.         0.         0.         0.         0.
 0.         0.         0.         0.         0.         0.
 0.         0.         0.         0.         0.         0.
 0.         0.         0.         0.         0.         0.
 0.         0.         0.         0.         0.         0.
 0.         0.         0.         0.         0.         0.
 0.         0.         0.         0.         0.         0.
 0.         0.         0.         0.         0.         0.
 0.         0.         0.         0.         0.         0.
 0.         0.         0.         0.         0.         0.
 0.         0.         0.         0.         0.         0.
 0.         0.         0.         0.         0.         0.
 0.         0.         0.         0.         0.         0.
 0.         0.         0.         0.         0.         0.
 0.         0.         0.         0.         0.80343794 1.
 2.27503135 0.55466859 1.9489104  0.         0.         0.
 0.         0.         3.73720682 0.         1.93382199]",BOOLECTOR,0.215559720993042,unsat,"['BOOLECTOR', 'CVC4', 'Z3', 'YICES', 'MathSAT', 'Bitwuzla']",[0.14417290687561035]
./tmp/QF_AUFBV/com.galois.ecc.P384ECC64.sq_inner23.short.smt2,"[0.00000000e+00 6.96646273e-02 9.99999999e-01 0.00000000e+00
 0.00000000e+00 0.00000000e+00 0.00000000e+00 7.14884257e-02
 0.00000000e+00 0.00000000e+00 0.00000000e+00 0.00000000e+00
 0.00000000e+00 0.00000000e+00 9.99999999e-01 0.00000000e+00
 0.00000000e+00 0.00000000e+00 0.00000000e+00 0.00000000e+00
 0.00000000e+00 0.00000000e+00 0.00000000e+00 0.00000000e+00
 0.00000000e+00 0.00000000e+00 0.00000000e+00 0.00000000e+00
 0.00000000e+00 0.00000000e+00 0.00000000e+00 9.45454545e-01
 9.99999999e-01 0.00000000e+00 0.00000000e+00 0.00000000e+00
 0.00000000e+00 1.14705882e+00 0.00000000e+00 7.44985673e-02
 1.30000000e+00 6.30048465e-02 0.00000000e+00 0.00000000e+00
 5.01704509e-02 0.00000000e+00 2.12853050e-02 3.11584554e-02
 4.50867052e-02 1.48460030e-01 0.00000000e+00 8.79609875e-02
 2.01301616e-01 7.25581395e-02 3.81231672e-02 2.51775339e-02
 0.00000000e+00 2.29411765e-01 9.80893535e-04 2.22710790e-03
 0.00000000e+00 0.00000000e+00 7.55082285e-03 7.41374394e-03
 0.00000000e+00 0.00000000e+00 0.00000000e+00 0.00000000e+00
 0.00000000e+00 0.00000000e+00 0.00000000e+00 0.00000000e+00
 0.00000000e+00 0.00000000e+00 0.00000000e+00 0.00000000e+00
 3.67924528e-01 5.99999998e+00 0.00000000e+00 0.00000000e+00
 0.00000000e+00 0.00000000e+00 0.00000000e+00 0.00000000e+00
 3.54545454e+00 0.00000000e+00 0.00000000e+00 0.00000000e+00
 0.00000000e+00 0.00000000e+00 0.00000000e+00 0.00000000e+00
 0.00000000e+00 0.00000000e+00 0.00000000e+00 0.00000000e+00
 0.00000000e+00 0.00000000e+00 0.00000000e+00 0.00000000e+00
 0.00000000e+00 0.00000000e+00 0.00000000e+00 0.00000000e+00
 0.00000000e+00 0.00000000e+00 0.00000000e+00 0.00000000e+00
 0.00000000e+00 0.00000000e+00 0.00000000e+00 0.00000000e+00
 0.00000000e+00 0.00000000e+00 0.00000000e+00 0.00000000e+00
 0.00000000e+00 0.00000000e+00 0.00000000e+00 0.00000000e+00
 0.00000000e+00 0.00000000e+00 0.00000000e+00 0.00000000e+00
 0.00000000e+00 0.00000000e+00 0.00000000e+00 0.00000000e+00
 0.00000000e+00 0.00000000e+00 0.00000000e+00 0.00000000e+00
 0.00000000e+00 0.00000000e+00 0.00000000e+00 0.00000000e+00
 0.00000000e+00 0.00000000e+00 0.00000000e+00 0.00000000e+00
 0.00000000e+00 0.00000000e+00 0.00000000e+00 0.00000000e+00
 0.00000000e+00 0.00000000e+00 0.00000000e+00 0.00000000e+00
 3.34981501e-02 1.00000000e+00 6.79898082e-02 3.09402845e-02
 7.94349540e-02 0.00000000e+00 0.00000000e+00 0.00000000e+00
 0.00000000e+00 0.00000000e+00 3.11584554e-02 0.00000000e+00
 8.15047022e-02]",BOOLECTOR,1.3560781478881836,sat,"['BOOLECTOR', 'YICES', 'MathSAT', 'Z3', 'CVC4', 'Bitwuzla']",[1.353247880935669]
./tmp/QF_AUFBV/com.galois.ecc.P384ECC64.signHash3.short.smt2,"[0.         2.31245004 1.         0.         0.         0.
 0.         2.32810496 0.         0.         0.         0.
 0.         0.         1.         0.         0.         0.
 0.         0.         0.         0.         0.         0.
 0.         0.         0.         0.         0.         0.
 0.         0.94674556 1.         0.         0.         0.
 0.         1.14285714 0.         4.32708688 1.29032258 4.39971244
 3.81523695 0.         1.92260593 0.         0.7917614  4.17839256
 2.55411255 2.14823709 0.         1.8931475  1.80025718 0.07428041
 4.38642298 0.64782471 0.93971631 2.53443526 0.         0.
 0.         0.         0.         0.         2.43093923 0.
 0.         0.         0.         0.         0.02683963 0.
 0.         0.         0.         0.         0.         0.
 0.         0.         8.06262231 0.         0.         0.
 0.         0.         0.         0.         0.         0.
 0.         0.         0.         0.         0.         0.
 0.         0.         0.         0.         0.         0.
 0.         0.         0.         0.         0.         0.
 0.         0.         0.         0.         0.         0.
 0.         0.         0.         0.         0.         0.
 0.         0.         0.         0.         0.         0.
 0.         0.         0.         0.         0.         0.
 0.         0.         0.         0.         0.         0.
 0.         0.         0.         0.         0.         0.
 0.         0.         0.         0.         0.85590917 1.
 2.31300539 0.55009096 1.82832779 0.         0.         0.
 0.         0.         4.17839256 0.         1.78369384]",BOOLECTOR,1.8627738952636719,unsat,"['BOOLECTOR', 'Z3', 'CVC4', 'YICES', 'Bitwuzla', 'MathSAT']",[1.8090240955352783]
