./tmp/QF_AUFBV/com.galois.ecc.P384ECC64.mod_div14.short.smt2,"[0. 1. 1. 0. 0. 0. 0. 1. 0. 0. 0. 0. 0. 0. 1. 0. 0. 0. 0. 0. 0. 0. 0. 0.
 0. 0. 0. 0. 0. 0. 0. 1. 1. 0. 0. 0. 0. 1. 0. 1. 1. 1. 1. 0. 1. 0. 1. 1.
 1. 1. 0. 1. 1. 1. 1. 1. 1. 0. 0. 0. 0. 0. 0. 1. 0. 0. 0. 0. 0. 0. 1. 0.
 0. 0. 0. 0. 1. 0. 0. 0. 1. 0. 0. 0. 0. 0. 0. 0. 0. 0. 0. 0. 0. 0. 0. 0.
 0. 0. 0. 0. 0. 0. 0. 0. 0. 0. 0. 0. 0. 0. 0. 0. 0. 0. 0. 0. 0. 0. 0. 0.
 0. 0. 0. 0. 0. 0. 0. 0. 0. 0. 0. 0. 0. 0. 0. 0. 0. 0. 0. 0. 0. 0. 0. 0.
 0. 0. 0. 0. 1. 1. 1. 1. 1. 0. 0. 0. 0. 0. 1. 0. 1.]",Z3,0.09438300132751465,unsat,"['Z3', 'MathSAT', 'CVC4', 'YICES', 'BOOLECTOR', 'Bitwuzla']",[0.08379888534545898]
./tmp/QF_AUFBV/com.galois.ecc.P384ECC64.ec_twin_mul_init2.short.smt2,"[0.         1.43267504 1.         0.         0.         0.
 0.         1.17894737 0.         0.         0.         0.
 0.         0.         1.         0.         0.         0.
 0.         0.         0.         0.         0.         0.
 0.         0.         0.         0.         0.         0.
 0.         1.         1.         0.         0.         0.
 0.         1.         0.         1.25       1.         1.23076923
 1.45454545 0.         1.42996743 0.         1.17241379 1.34693878
 1.6        0.96113074 0.         1.22839506 0.48275862 1.77777778
 1.28571429 1.06666667 1.39130435 2.         0.         0.
 0.         0.         0.         0.         0.         0.
 0.         0.         0.         0.         0.         0.
 0.         0.         0.         0.         0.         0.
 0.         0.         0.         0.         0.         0.
 0.         0.         0.         0.         0.         0.
 0.         0.         0.         0.         0.         0.
 0.         0.         0.         0.         0.         0.
 0.         0.         0.         0.         0.         0.
 0.         0.         0.         0.         0.         0.
 0.         0.         0.         0.         0.         0.
 0.         0.         0.         0.         0.         0.
 0.         0.         0.         0.         0.         0.
 0.         0.         0.         0.         0.         0.
 0.         0.         0.         0.         0.         0.
 0.         0.         0.         0.         1.13503276 1.
 1.43423423 1.34440344 1.14782609 0.         0.         0.
 0.         0.         1.34693878 0.         0.95      ]",CVC4,1.2727069854736328,unsat,"['CVC4', 'Bitwuzla', 'Z3', 'MathSAT', 'YICES', 'BOOLECTOR']",[1.2560920715332031]
./tmp/QF_AUFBV/com.galois.ecc.P384ECC64.ec_full_sub2.short.smt2,"[0.         0.53539823 1.         0.         0.         0.
 0.         0.5        0.         0.         0.         0.
 0.         0.         1.         0.         0.         0.
 0.         0.         0.         0.         0.         0.
 0.         0.         0.         0.         0.         0.
 0.         1.         1.         0.         0.         0.
 0.         1.5        0.         0.33333333 1.         0.21428571
 0.25       0.         0.52086137 0.         0.51428571 0.22641509
 0.5862069  0.54387657 0.         0.54545455 0.56643357 0.92307692
 0.2        0.1875     0.24       1.         0.         0.
 0.         0.         0.         0.         0.         0.
 0.         0.         0.         0.         1.2        0.
 0.         0.         0.         0.         0.         0.
 0.         0.         0.         0.         0.         0.
 0.         0.         0.         0.         0.         0.
 0.         0.         0.         0.         0.         0.
 0.         0.         0.         0.         0.         0.
 0.         0.         0.         0.         0.         0.
 0.         0.         0.         0.         0.         0.
 0.         0.         0.         0.         0.         0.
 0.         0.         0.         0.         0.         0.
 0.         0.         0.         0.         0.         0.
 0.         0.         0.         0.         0.         0.
 0.         0.         0.         0.         0.         0.
 0.         0.         0.         0.         0.53830645 1.
 0.53333333 0.62743191 0.55319149 0.         0.         0.
 0.         0.         0.22641509 0.         0.53846154]",MathSAT,0.2966189384460449,unsat,"['MathSAT', 'Bitwuzla', 'BOOLECTOR', 'Z3', 'CVC4', 'YICES']",[0.2909688949584961]
./tmp/QF_AUFBV/com.galois.ecc.P384ECC64.signHash5.short.smt2,"[0.         2.5830721  1.         0.         0.         0.
 0.         3.01156069 0.         0.         0.         0.
 0.         0.         1.         0.         0.         0.
 0.         0.         0.         0.         0.         0.
 0.         0.         0.         0.         0.         0.
 0.         1.         1.         0.         0.         0.
 0.         0.8        0.         3.4893617  1.         3.63870968
 3.35135135 0.         2.60926533 0.         3.1025641  3.51818182
 1.61643836 1.28711576 0.         2.59074733 1.0741688  0.53333333
 3.5620438  3.59235669 3.32885906 3.53846154 0.         0.
 0.         0.         0.         0.         4.         0.
 0.         0.         0.         0.         2.18181818 0.
 0.         0.         0.         0.         0.         0.
 0.         0.         3.87368421 0.         0.         0.
 0.         0.         0.         0.         0.         0.
 0.         0.         0.         0.         0.         0.
 0.         0.         0.         0.         0.         0.
 0.         0.         0.         0.         0.         0.
 0.         0.         0.         0.         0.         0.
 0.         0.         0.         0.         0.         0.
 0.         0.         0.         0.         0.         0.
 0.         0.         0.         0.         0.         0.
 0.         0.         0.         0.         0.         0.
 0.         0.         0.         0.         0.         0.
 0.         0.         0.         0.         2.32458964 1.
 2.58638743 2.4365019  2.77922078 0.         0.         0.
 0.         0.         3.51818182 0.         2.99742931]",MathSAT,0.6532578468322754,unsat,"['MathSAT', 'CVC4', 'Z3', 'Bitwuzla', 'BOOLECTOR', 'YICES']",[0.6054940223693848]
./tmp/QF_AUFBV/opStructure_NPT_2.smt2,"[0.00000000e+00 2.61096606e-03 9.99999999e-01 0.00000000e+00
 0.00000000e+00 0.00000000e+00 0.00000000e+00 7.21500721e-03
 0.00000000e+00 0.00000000e+00 0.00000000e+00 0.00000000e+00
 0.00000000e+00 0.00000000e+00 9.99999999e-01 0.00000000e+00
 0.00000000e+00 0.00000000e+00 0.00000000e+00 0.00000000e+00
 0.00000000e+00 0.00000000e+00 0.00000000e+00 0.00000000e+00
 0.00000000e+00 0.00000000e+00 0.00000000e+00 0.00000000e+00
 0.00000000e+00 0.00000000e+00 0.00000000e+00 1.19047619e+00
 9.99999999e-01 0.00000000e+00 0.00000000e+00 0.00000000e+00
 5.00000000e+00 0.00000000e+00 0.00000000e+00 0.00000000e+00
 0.00000000e+00 3.20512821e-02 0.00000000e+00 0.00000000e+00
 4.67508181e-03 0.00000000e+00 0.00000000e+00 0.00000000e+00
 6.75675676e-02 2.60247235e-02 0.00000000e+00 1.77304965e-02
 3.80710660e-02 0.00000000e+00 0.00000000e+00 0.00000000e+00
 0.00000000e+00 0.00000000e+00 5.00000000e+00 5.00000000e+00
 0.00000000e+00 0.00000000e+00 0.00000000e+00 3.46153846e+00
 0.00000000e+00 0.00000000e+00 0.00000000e+00 0.00000000e+00
 0.00000000e+00 0.00000000e+00 0.00000000e+00 0.00000000e+00
 0.00000000e+00 0.00000000e+00 0.00000000e+00 0.00000000e+00
 0.00000000e+00 0.00000000e+00 0.00000000e+00 0.00000000e+00
 0.00000000e+00 0.00000000e+00 0.00000000e+00 0.00000000e+00
 0.00000000e+00 0.00000000e+00 0.00000000e+00 0.00000000e+00
 0.00000000e+00 0.00000000e+00 0.00000000e+00 0.00000000e+00
 0.00000000e+00 0.00000000e+00 0.00000000e+00 0.00000000e+00
 0.00000000e+00 0.00000000e+00 0.00000000e+00 0.00000000e+00
 0.00000000e+00 0.00000000e+00 0.00000000e+00 0.00000000e+00
 0.00000000e+00 0.00000000e+00 0.00000000e+00 0.00000000e+00
 0.00000000e+00 0.00000000e+00 0.00000000e+00 0.00000000e+00
 0.00000000e+00 0.00000000e+00 0.00000000e+00 0.00000000e+00
 0.00000000e+00 0.00000000e+00 0.00000000e+00 0.00000000e+00
 0.00000000e+00 0.00000000e+00 0.00000000e+00 0.00000000e+00
 0.00000000e+00 0.00000000e+00 0.00000000e+00 0.00000000e+00
 0.00000000e+00 0.00000000e+00 0.00000000e+00 0.00000000e+00
 0.00000000e+00 0.00000000e+00 0.00000000e+00 0.00000000e+00
 0.00000000e+00 0.00000000e+00 0.00000000e+00 0.00000000e+00
 0.00000000e+00 0.00000000e+00 0.00000000e+00 0.00000000e+00
 0.00000000e+00 0.00000000e+00 0.00000000e+00 0.00000000e+00
 4.70539029e-02 1.00000000e+00 5.23012552e-03 5.82487787e-02
 1.07991361e-02 0.00000000e+00 0.00000000e+00 0.00000000e+00
 0.00000000e+00 0.00000000e+00 0.00000000e+00 0.00000000e+00
 0.00000000e+00]",YICES,0.15487384796142578,sat,"['YICES', 'BOOLECTOR', 'MathSAT', 'CVC4', 'Z3', 'Bitwuzla']",[0.15368890762329102]
./tmp/QF_AUFBV/com.galois.ecc.P384ECC64.ec_full_add4.short.smt2,"[0.         0.98472283 1.         0.         0.         0.
 0.         0.89502762 0.         0.         0.         0.
 0.         0.         1.         0.         0.         0.
 0.         0.         0.         0.         0.         0.
 0.         0.         0.         0.         0.         0.
 0.         0.96       1.         0.         0.         0.
 0.         1.         0.         0.67924528 1.2        0.62068966
 1.06666667 0.         1.05433526 0.         1.07368421 0.79289941
 0.8372093  1.14886902 0.         0.93413174 1.16069601 1.71428571
 0.66233766 0.61714286 1.06077348 0.         0.         0.
 0.         0.         0.         0.         0.         0.
 0.         0.         0.         0.         0.         0.
 0.         0.         0.         0.         0.         0.
 0.         0.         0.         0.         0.         0.
 0.         0.         0.         0.         0.         0.
 0.         0.         0.         0.         0.         0.
 0.         0.         0.         0.         0.         0.
 0.         0.         0.         0.         0.         0.
 0.         0.         0.         0.         0.         0.
 0.         0.         0.         0.         0.         0.
 0.         0.         0.         0.         0.         0.
 0.         0.         0.         0.         0.         0.
 0.         0.         0.         0.         0.         0.
 0.         0.         0.         0.         0.         0.
 0.         0.         0.         0.         1.01562115 1.
 0.9838216  1.00203475 0.93527803 0.         0.         0.
 0.         0.         0.79289941 0.         0.95351351]",YICES,0.1029200553894043,unsat,"['YICES', 'Bitwuzla', 'Z3', 'CVC4', 'BOOLECTOR', 'MathSAT']",[0.08794999122619629]
./tmp/QF_AUFBV/opStructure_O_32_16_2_2.smt2,"[0.00000000e+00 3.05410122e-03 9.99999999e-01 0.00000000e+00
 0.00000000e+00 0.00000000e+00 0.00000000e+00 8.58369099e-03
 0.00000000e+00 0.00000000e+00 0.00000000e+00 0.00000000e+00
 0.00000000e+00 0.00000000e+00 9.99999999e-01 0.00000000e+00
 0.00000000e+00 0.00000000e+00 0.00000000e+00 0.00000000e+00
 0.00000000e+00 0.00000000e+00 0.00000000e+00 0.00000000e+00
 0.00000000e+00 0.00000000e+00 0.00000000e+00 0.00000000e+00
 0.00000000e+00 0.00000000e+00 0.00000000e+00 1.16666667e+00
 9.99999999e-01 0.00000000e+00 0.00000000e+00 0.00000000e+00
 6.93439550e+00 0.00000000e+00 6.99999995e+00 0.00000000e+00
 0.00000000e+00 4.00000000e-02 0.00000000e+00 0.00000000e+00
 8.08314088e-03 0.00000000e+00 0.00000000e+00 0.00000000e+00
 8.04597701e-02 2.93347302e-02 0.00000000e+00 2.08955224e-02
 4.27263479e-02 0.00000000e+00 0.00000000e+00 6.28404442e+00
 5.94854772e+00 0.00000000e+00 6.76923077e+00 6.93439550e+00
 0.00000000e+00 0.00000000e+00 7.00000000e+00 6.95582524e+00
 0.00000000e+00 0.00000000e+00 0.00000000e+00 7.00000000e+00
 0.00000000e+00 0.00000000e+00 0.00000000e+00 0.00000000e+00
 0.00000000e+00 0.00000000e+00 0.00000000e+00 0.00000000e+00
 0.00000000e+00 0.00000000e+00 0.00000000e+00 0.00000000e+00
 0.00000000e+00 0.00000000e+00 0.00000000e+00 0.00000000e+00
 0.00000000e+00 0.00000000e+00 0.00000000e+00 0.00000000e+00
 0.00000000e+00 0.00000000e+00 0.00000000e+00 0.00000000e+00
 0.00000000e+00 0.00000000e+00 0.00000000e+00 0.00000000e+00
 0.00000000e+00 0.00000000e+00 0.00000000e+00 0.00000000e+00
 0.00000000e+00 0.00000000e+00 0.00000000e+00 0.00000000e+00
 0.00000000e+00 0.00000000e+00 0.00000000e+00 0.00000000e+00
 0.00000000e+00 0.00000000e+00 0.00000000e+00 0.00000000e+00
 0.00000000e+00 0.00000000e+00 0.00000000e+00 0.00000000e+00
 0.00000000e+00 0.00000000e+00 0.00000000e+00 0.00000000e+00
 0.00000000e+00 0.00000000e+00 0.00000000e+00 0.00000000e+00
 0.00000000e+00 0.00000000e+00 0.00000000e+00 0.00000000e+00
 0.00000000e+00 0.00000000e+00 0.00000000e+00 0.00000000e+00
 0.00000000e+00 0.00000000e+00 0.00000000e+00 0.00000000e+00
 0.00000000e+00 0.00000000e+00 0.00000000e+00 0.00000000e+00
 0.00000000e+00 0.00000000e+00 0.00000000e+00 0.00000000e+00
 0.00000000e+00 0.00000000e+00 0.00000000e+00 0.00000000e+00
 3.23116796e+00 1.00000000e+00 6.11620795e-03 3.83869372e+00
 1.27388535e-02 0.00000000e+00 0.00000000e+00 0.00000000e+00
 0.00000000e+00 0.00000000e+00 0.00000000e+00 0.00000000e+00
 0.00000000e+00]",BOOLECTOR,60.02170515060425,timeout (22.0 s),"['YICES', 'MathSAT', 'CVC4', 'Z3', 'Bitwuzla', 'BOOLECTOR']","[1, 2, 4, 1, 30, 22]"
./tmp/QF_AUFBV/com.galois.ecc.P384ECC64.sq_inner13.short.smt2,"[0.00000000e+00 1.03359173e-01 9.99999999e-01 0.00000000e+00
 0.00000000e+00 0.00000000e+00 0.00000000e+00 1.16012085e-01
 0.00000000e+00 0.00000000e+00 0.00000000e+00 0.00000000e+00
 0.00000000e+00 0.00000000e+00 9.99999999e-01 0.00000000e+00
 0.00000000e+00 0.00000000e+00 0.00000000e+00 0.00000000e+00
 0.00000000e+00 0.00000000e+00 0.00000000e+00 0.00000000e+00
 0.00000000e+00 0.00000000e+00 0.00000000e+00 0.00000000e+00
 0.00000000e+00 0.00000000e+00 0.00000000e+00 9.41176470e-01
 9.99999999e-01 0.00000000e+00 0.00000000e+00 0.00000000e+00
 0.00000000e+00 1.14285714e+00 0.00000000e+00 9.93788820e-02
 1.33333333e+00 9.03954802e-02 0.00000000e+00 0.00000000e+00
 9.13242009e-02 0.00000000e+00 1.64948454e-01 4.70588235e-02
 4.57142857e-02 1.35942327e-01 0.00000000e+00 1.46520147e-01
 1.82902584e-01 6.95652174e-01 5.16129032e-02 1.40023337e-02
 0.00000000e+00 2.96296296e-01 1.46252285e-02 0.00000000e+00
 0.00000000e+00 0.00000000e+00 7.80487805e-03 3.88161087e-03
 0.00000000e+00 0.00000000e+00 0.00000000e+00 0.00000000e+00
 0.00000000e+00 0.00000000e+00 0.00000000e+00 0.00000000e+00
 0.00000000e+00 0.00000000e+00 0.00000000e+00 0.00000000e+00
 5.33333332e+00 7.99999994e+00 0.00000000e+00 0.00000000e+00
 0.00000000e+00 0.00000000e+00 0.00000000e+00 0.00000000e+00
 7.99999999e+00 0.00000000e+00 0.00000000e+00 0.00000000e+00
 0.00000000e+00 0.00000000e+00 0.00000000e+00 0.00000000e+00
 0.00000000e+00 0.00000000e+00 0.00000000e+00 0.00000000e+00
 0.00000000e+00 0.00000000e+00 0.00000000e+00 0.00000000e+00
 0.00000000e+00 0.00000000e+00 0.00000000e+00 0.00000000e+00
 0.00000000e+00 0.00000000e+00 0.00000000e+00 0.00000000e+00
 0.00000000e+00 0.00000000e+00 0.00000000e+00 0.00000000e+00
 0.00000000e+00 0.00000000e+00 0.00000000e+00 0.00000000e+00
 0.00000000e+00 0.00000000e+00 0.00000000e+00 0.00000000e+00
 0.00000000e+00 0.00000000e+00 0.00000000e+00 0.00000000e+00
 0.00000000e+00 0.00000000e+00 0.00000000e+00 0.00000000e+00
 0.00000000e+00 0.00000000e+00 0.00000000e+00 0.00000000e+00
 0.00000000e+00 0.00000000e+00 0.00000000e+00 0.00000000e+00
 0.00000000e+00 0.00000000e+00 0.00000000e+00 0.00000000e+00
 0.00000000e+00 0.00000000e+00 0.00000000e+00 0.00000000e+00
 0.00000000e+00 0.00000000e+00 0.00000000e+00 0.00000000e+00
 7.20542570e-02 1.00000000e+00 1.00086281e-01 9.71999162e-02
 1.42984808e-01 0.00000000e+00 0.00000000e+00 0.00000000e+00
 0.00000000e+00 0.00000000e+00 4.70588235e-02 0.00000000e+00
 1.61016949e-01]",YICES,0.056292057037353516,sat,"['YICES', 'MathSAT', 'CVC4', 'Z3', 'Bitwuzla', 'BOOLECTOR']",[0.054327964782714844]
./tmp/QF_AUFBV/com.galois.ecc.P384ECC64.mul_inner4.short.smt2,"[0.         0.32863071 1.         0.         0.         0.
 0.         0.43965517 0.         0.         0.         0.
 0.         0.         1.         0.         0.         0.
 0.         0.         0.         0.         0.         0.
 0.         0.         0.         0.         0.         0.
 0.         0.94736842 1.         0.         0.         0.
 0.         1.125      0.         0.32335329 1.28571428 0.48128342
 0.3368984  0.         0.31718062 0.         0.60576923 0.37218045
 0.05113636 0.15037975 0.         0.43902439 0.20116618 1.03846154
 0.28125    0.06774754 0.0519802  0.62068965 0.06533575 0.00842697
 0.         0.         0.         0.00872516 0.         0.
 0.         0.         0.         0.         0.         0.
 0.         0.         0.         0.         3.59999999 6.74999998
 0.         0.         0.         0.         0.         0.
 7.         0.         0.         0.         0.         0.
 0.         0.         0.         0.         0.         0.
 0.         0.         0.         0.         0.         0.
 0.         0.         0.         0.         0.         0.
 0.         0.         0.         0.         0.         0.
 0.         0.         0.         0.         0.         0.
 0.         0.         0.         0.         0.         0.
 0.         0.         0.         0.         0.         0.
 0.         0.         0.         0.         0.         0.
 0.         0.         0.         0.         0.         0.
 0.         0.         0.         0.         0.18747164 1.
 0.32557173 0.2063178  0.47248095 0.         0.         0.
 0.         0.         0.37218045 0.         0.54626866]",YICES,0.06774520874023438,sat,"['YICES', 'MathSAT', 'CVC4', 'Z3', 'Bitwuzla', 'BOOLECTOR']",[0.06344103813171387]
./tmp/QF_AUFBV/com.galois.ecc.P384ECC64.ec_full_add1.short.smt2,"[0.         0.74145217 1.         0.         0.         0.
 0.         0.40264755 0.         0.         0.         0.
 0.         0.         1.         0.         0.         0.
 0.         0.         0.         0.         0.         0.
 0.         0.         0.         0.         0.         0.
 0.         0.95238095 1.         0.         0.         0.
 0.         2.         0.         0.34682081 1.25       0.26041667
 0.15789474 0.         0.7062436  0.         0.3255814  0.23853211
 1.15577889 1.03495234 0.         0.57780696 0.69620253 0.
 0.3030303  0.02886836 0.02469136 0.         0.         0.
 0.         0.         0.         0.         0.         0.
 0.         0.         0.         0.         0.         0.
 0.         0.         0.         0.         0.         0.
 0.         0.         0.         0.         0.         0.
 0.         0.         0.         0.         0.         0.
 0.         0.         0.         0.         0.         0.
 0.         0.         0.         0.         0.         0.
 0.         0.         0.         0.         0.         0.
 0.         0.         0.         0.         0.         0.
 0.         0.         0.         0.         0.         0.
 0.         0.         0.         0.         0.         0.
 0.         0.         0.         0.         0.         0.
 0.         0.         0.         0.         0.         0.
 0.         0.         0.         0.         0.         0.
 0.         0.         0.         0.         0.40739478 1.
 0.73931459 0.3838079  0.46042003 0.         0.         0.
 0.         0.         0.23853211 0.         0.32723773]",YICES,0.053681135177612305,unsat,"['YICES', 'MathSAT', 'CVC4', 'Z3', 'Bitwuzla', 'BOOLECTOR']",[0.0456540584564209]
./tmp/QF_AUFBV/com.galois.ecc.P384ECC64.ec_mul_aux3.short.smt2,"[ 0.          6.32751305  1.          0.          0.          0.
  0.          7.15815835  0.          0.          0.          0.
  0.          0.          1.          0.          0.          0.
  0.          0.          0.          0.          0.          0.
  0.          0.          0.          0.          0.          0.
  0.          0.95652174  1.          0.          0.          0.
  0.          1.          0.          3.87265918  1.22222222  4.4
  4.44827586  0.          7.24405871  0.          9.95952486  4.30167598
  1.80252101  1.12912424  0.          7.35408052  1.35974643  9.3372093
  4.01923077  1.4405419   1.06319703  8.07339449  0.          0.
  0.          0.          0.04275996  0.50370028  8.53061224  0.
  0.          0.          0.          0.          0.          0.
  0.          0.          0.          0.         10.48598131  0.
  0.          0.          3.98657718  0.          0.          0.
  0.          0.          0.          0.          0.          0.
  0.          0.          0.          0.          0.          0.
  0.          0.          0.          0.          0.          0.
  0.          0.          0.          0.          0.          0.
  0.          0.          0.          0.          0.          0.
  0.          0.          0.          0.          0.          0.
  0.          0.          0.          0.          0.          0.
  0.          0.          0.          0.          0.          0.
  0.          0.          0.          0.          0.          0.
  0.          0.          0.          0.          0.          0.
  0.          0.          0.          0.          4.80858901  1.
  6.33295213  4.15301997  7.80553601  0.          0.          0.
  0.          0.          4.30167598  0.          8.16049689]",YICES,0.3448801040649414,unsat,"['YICES', 'MathSAT', 'Z3', 'CVC4', 'BOOLECTOR', 'Bitwuzla']",[0.20838189125061035]
./tmp/QF_AUFBV/opStructure_O_16_24_2_2.smt2,"[0.00000000e+00 1.95790504e-03 9.99999999e-01 0.00000000e+00
 0.00000000e+00 0.00000000e+00 0.00000000e+00 4.62160601e-03
 0.00000000e+00 0.00000000e+00 0.00000000e+00 0.00000000e+00
 0.00000000e+00 0.00000000e+00 9.99999999e-01 0.00000000e+00
 0.00000000e+00 0.00000000e+00 0.00000000e+00 0.00000000e+00
 0.00000000e+00 0.00000000e+00 0.00000000e+00 0.00000000e+00
 0.00000000e+00 0.00000000e+00 0.00000000e+00 0.00000000e+00
 0.00000000e+00 0.00000000e+00 0.00000000e+00 1.17647059e+00
 9.99999999e-01 0.00000000e+00 0.00000000e+00 0.00000000e+00
 5.20382166e+00 0.00000000e+00 5.99999996e+00 0.00000000e+00
 0.00000000e+00 3.73831776e-02 0.00000000e+00 0.00000000e+00
 4.19238384e-03 0.00000000e+00 0.00000000e+00 0.00000000e+00
 1.00000000e-01 3.89768575e-02 0.00000000e+00 1.04370515e-02
 5.67823344e-02 0.00000000e+00 0.00000000e+00 4.39554849e+00
 4.36157123e+00 0.00000000e+00 5.10531804e+00 5.20106101e+00
 0.00000000e+00 0.00000000e+00 5.12854758e+00 4.98241818e+00
 0.00000000e+00 0.00000000e+00 0.00000000e+00 5.14285714e+00
 0.00000000e+00 0.00000000e+00 0.00000000e+00 0.00000000e+00
 0.00000000e+00 0.00000000e+00 0.00000000e+00 0.00000000e+00
 0.00000000e+00 0.00000000e+00 0.00000000e+00 0.00000000e+00
 0.00000000e+00 0.00000000e+00 0.00000000e+00 0.00000000e+00
 0.00000000e+00 0.00000000e+00 0.00000000e+00 0.00000000e+00
 0.00000000e+00 0.00000000e+00 0.00000000e+00 0.00000000e+00
 0.00000000e+00 0.00000000e+00 0.00000000e+00 0.00000000e+00
 0.00000000e+00 0.00000000e+00 0.00000000e+00 0.00000000e+00
 0.00000000e+00 0.00000000e+00 0.00000000e+00 0.00000000e+00
 0.00000000e+00 0.00000000e+00 0.00000000e+00 0.00000000e+00
 0.00000000e+00 0.00000000e+00 0.00000000e+00 0.00000000e+00
 0.00000000e+00 0.00000000e+00 0.00000000e+00 0.00000000e+00
 0.00000000e+00 0.00000000e+00 0.00000000e+00 0.00000000e+00
 0.00000000e+00 0.00000000e+00 0.00000000e+00 0.00000000e+00
 0.00000000e+00 0.00000000e+00 0.00000000e+00 0.00000000e+00
 0.00000000e+00 0.00000000e+00 0.00000000e+00 0.00000000e+00
 0.00000000e+00 0.00000000e+00 0.00000000e+00 0.00000000e+00
 0.00000000e+00 0.00000000e+00 0.00000000e+00 0.00000000e+00
 0.00000000e+00 0.00000000e+00 0.00000000e+00 0.00000000e+00
 0.00000000e+00 0.00000000e+00 0.00000000e+00 0.00000000e+00
 1.86048405e+00 1.00000000e+00 3.91964723e-03 2.31783584e+00
 5.62719812e-03 0.00000000e+00 0.00000000e+00 0.00000000e+00
 0.00000000e+00 0.00000000e+00 0.00000000e+00 0.00000000e+00
 0.00000000e+00]",Bitwuzla,60.01696062088013,timeout (45.0 s),"['YICES', 'MathSAT', 'Z3', 'CVC4', 'Bitwuzla', 'BOOLECTOR']","[1, 3, 1, 10, 45]"
./tmp/QF_AUFBV/com.galois.ecc.P384ECC64.mod_div10.short.smt2,"[0.         0.27001118 1.         0.         0.         0.
 0.         0.21904582 0.         0.         0.         0.
 0.         0.         1.         0.         0.         0.
 0.         0.         0.         0.         0.         0.
 0.         0.         0.         0.         0.         0.
 0.         0.94545455 1.         0.         0.         0.
 0.         1.08333333 0.         0.14444444 1.3        0.08049536
 0.20061728 0.         0.21147898 0.         0.05127082 0.12942478
 0.71653543 1.92459357 0.         0.28747608 2.75512741 0.
 0.09923664 0.01238882 0.03068933 0.         0.         0.
 0.         0.         0.         0.01054054 0.         0.
 0.         0.         0.         0.         2.         0.
 0.         0.         0.         0.         0.         0.
 0.         0.         0.17218543 0.         0.         0.
 0.         0.         0.         0.         0.         0.
 0.         0.         0.         0.         0.         0.
 0.         0.         0.         0.         0.         0.
 0.         0.         0.         0.         0.         0.
 0.         0.         0.         0.         0.         0.
 0.         0.         0.         0.         0.         0.
 0.         0.         0.         0.         0.         0.
 0.         0.         0.         0.         0.         0.
 0.         0.         0.         0.         0.         0.
 0.         0.         0.         0.         0.         0.
 0.         0.         0.         0.         0.3319121  1.
 0.26823417 0.19077303 0.23053892 0.         0.         0.
 0.         0.         0.12942478 0.         0.20034247]",YICES,0.06498193740844727,unsat,"['YICES', 'MathSAT', 'CVC4', 'Z3', 'BOOLECTOR', 'Bitwuzla']",[0.0580599308013916]
./tmp/QF_AUFBV/com.galois.ecc.P384ECC64.ec_twin_mul_init1.short.smt2,"[0.         0.83899069 1.         0.         0.         0.
 0.         0.43155963 0.         0.         0.         0.
 0.         0.         1.         0.         0.         0.
 0.         0.         0.         0.         0.         0.
 0.         0.         0.         0.         0.         0.
 0.         0.94915254 1.         0.         0.         0.
 0.         1.07692308 0.         0.5        1.27272727 0.33836858
 0.65882353 0.         0.67037522 0.         0.10352327 0.49306297
 2.52903226 1.73143377 0.         0.56833945 0.9110982  0.62222222
 0.46494465 0.03548796 0.1049672  0.25225225 0.         0.
 0.         0.         0.         0.         0.         0.
 0.         0.         0.         0.         0.         0.
 0.         0.         0.         0.         0.         0.
 0.         0.         0.         0.         0.         0.
 0.         0.         0.         0.         0.         0.
 0.         0.         0.         0.         0.         0.
 0.         0.         0.         0.         0.         0.
 0.         0.         0.         0.         0.         0.
 0.         0.         0.         0.         0.         0.
 0.         0.         0.         0.         0.         0.
 0.         0.         0.         0.         0.         0.
 0.         0.         0.         0.         0.         0.
 0.         0.         0.         0.         0.         0.
 0.         0.         0.         0.         0.         0.
 0.         0.         0.         0.         0.50316712 1.
 0.83789474 0.47977676 0.4130532  0.         0.         0.
 0.         0.         0.49306297 0.         0.25552354]",YICES,0.0682520866394043,unsat,"['YICES', 'MathSAT', 'CVC4', 'Z3', 'BOOLECTOR', 'Bitwuzla']",[0.051612138748168945]
./tmp/QF_AUFBV/com.galois.ecc.P384ECC64.ec_full_sub1.short.smt2,"[0.         0.2677386  1.         0.         0.         0.
 0.         0.15525695 0.         0.         0.         0.
 0.         0.         1.         0.         0.         0.
 0.         0.         0.         0.         0.         0.
 0.         0.         0.         0.         0.         0.
 0.         0.95238095 1.         0.         0.         0.
 0.         2.         0.         0.10638298 1.25       0.04518072
 0.0877193  0.         0.20813166 0.         0.03904555 0.06376196
 0.77981651 0.8087181  0.         0.21712907 0.88572991 0.32608696
 0.05514706 0.00475135 0.01404494 0.13392857 0.         0.
 0.         0.         0.         0.         0.         0.
 0.         0.         0.         0.         2.         0.
 0.         0.         0.         0.         0.         0.
 0.         0.         0.         0.         0.         0.
 0.         0.         0.         0.         0.         0.
 0.         0.         0.         0.         0.         0.
 0.         0.         0.         0.         0.         0.
 0.         0.         0.         0.         0.         0.
 0.         0.         0.         0.         0.         0.
 0.         0.         0.         0.         0.         0.
 0.         0.         0.         0.         0.         0.
 0.         0.         0.         0.         0.         0.
 0.         0.         0.         0.         0.         0.
 0.         0.         0.         0.         0.         0.
 0.         0.         0.         0.         0.20488947 1.
 0.26587888 0.19954214 0.1723376  0.         0.         0.
 0.         0.         0.06376196 0.         0.12502977]",YICES,0.18757963180541992,unsat,"['YICES', 'MathSAT', 'Z3', 'CVC4', 'BOOLECTOR', 'Bitwuzla']",[0.18142986297607422]
./tmp/QF_AUFBV/opStructure_MBA_6.smt2,"[1.59999997e+01 2.35988201e-03 9.99999999e-01 0.00000000e+00
 0.00000000e+00 0.00000000e+00 0.00000000e+00 2.03119333e-02
 0.00000000e+00 0.00000000e+00 0.00000000e+00 0.00000000e+00
 0.00000000e+00 0.00000000e+00 9.99999999e-01 0.00000000e+00
 0.00000000e+00 0.00000000e+00 0.00000000e+00 0.00000000e+00
 0.00000000e+00 0.00000000e+00 0.00000000e+00 0.00000000e+00
 0.00000000e+00 0.00000000e+00 0.00000000e+00 0.00000000e+00
 0.00000000e+00 0.00000000e+00 0.00000000e+00 1.17647059e+00
 9.99999999e-01 0.00000000e+00 0.00000000e+00 0.00000000e+00
 8.44772967e-02 0.00000000e+00 0.00000000e+00 0.00000000e+00
 0.00000000e+00 0.00000000e+00 0.00000000e+00 0.00000000e+00
 1.72080017e-03 0.00000000e+00 0.00000000e+00 0.00000000e+00
 3.35329341e-01 1.27453770e-01 0.00000000e+00 4.49077787e-02
 1.81621622e-01 0.00000000e+00 0.00000000e+00 2.02467574e-02
 2.24403927e-02 0.00000000e+00 1.54590135e+01 1.31428571e+01
 0.00000000e+00 0.00000000e+00 9.73451327e-02 0.00000000e+00
 0.00000000e+00 0.00000000e+00 0.00000000e+00 8.87902331e-02
 0.00000000e+00 0.00000000e+00 1.59344262e+01 0.00000000e+00
 0.00000000e+00 0.00000000e+00 0.00000000e+00 0.00000000e+00
 0.00000000e+00 0.00000000e+00 0.00000000e+00 0.00000000e+00
 0.00000000e+00 0.00000000e+00 0.00000000e+00 0.00000000e+00
 0.00000000e+00 0.00000000e+00 0.00000000e+00 0.00000000e+00
 0.00000000e+00 0.00000000e+00 0.00000000e+00 0.00000000e+00
 0.00000000e+00 0.00000000e+00 0.00000000e+00 0.00000000e+00
 0.00000000e+00 0.00000000e+00 0.00000000e+00 0.00000000e+00
 0.00000000e+00 0.00000000e+00 0.00000000e+00 0.00000000e+00
 0.00000000e+00 0.00000000e+00 0.00000000e+00 0.00000000e+00
 0.00000000e+00 0.00000000e+00 0.00000000e+00 0.00000000e+00
 0.00000000e+00 0.00000000e+00 0.00000000e+00 0.00000000e+00
 0.00000000e+00 0.00000000e+00 0.00000000e+00 0.00000000e+00
 0.00000000e+00 0.00000000e+00 0.00000000e+00 0.00000000e+00
 0.00000000e+00 0.00000000e+00 0.00000000e+00 0.00000000e+00
 0.00000000e+00 0.00000000e+00 0.00000000e+00 0.00000000e+00
 0.00000000e+00 0.00000000e+00 0.00000000e+00 1.59999997e+01
 0.00000000e+00 0.00000000e+00 0.00000000e+00 0.00000000e+00
 0.00000000e+00 0.00000000e+00 0.00000000e+00 0.00000000e+00
 0.00000000e+00 0.00000000e+00 0.00000000e+00 0.00000000e+00
 5.96258282e+00 1.00000000e+00 2.36301876e-03 8.84916695e+00
 2.47076991e-02 0.00000000e+00 0.00000000e+00 0.00000000e+00
 0.00000000e+00 0.00000000e+00 0.00000000e+00 0.00000000e+00
 0.00000000e+00]",Z3,6.158294200897217,sat,"['MathSAT', 'Z3', 'BOOLECTOR', 'CVC4', 'YICES', 'Bitwuzla']","[5, 1.0855309963226318]"
./tmp/QF_AUFBV/com.galois.ecc.P384ECC64.mod_div1.short.smt2,"[0.         0.37516227 1.         0.         0.         0.
 0.         0.33842872 0.         0.         0.         0.
 0.         0.         1.         0.         0.         0.
 0.         0.         0.         0.         0.         0.
 0.         0.         0.         0.         0.         0.
 0.         0.94444444 1.         0.         0.         0.
 0.         1.0625     0.         0.29616725 1.30769231 0.20238095
 0.29310345 0.         0.3052387  0.         0.08074266 0.24921466
 0.68390805 1.94077621 0.         0.40587084 2.78852237 0.09189189
 0.24637681 0.03220714 0.055452   0.         0.         0.
 0.         0.         0.         0.01835853 0.         0.
 0.         0.         0.         0.         0.00928454 0.
 0.         0.         0.         0.         0.15740741 0.
 0.         0.         0.22222222 0.         0.         0.
 0.         0.         0.         0.         0.         0.
 0.         0.         0.         0.         0.         0.
 0.         0.         0.         0.         0.         0.
 0.         0.         0.         0.         0.         0.
 0.         0.         0.         0.         0.         0.
 0.         0.         0.         0.         0.         0.
 0.         0.         0.         0.         0.         0.
 0.         0.         0.         0.         0.         0.
 0.         0.         0.         0.         0.         0.
 0.         0.         0.         0.         0.         0.
 0.         0.         0.         0.         0.28376699 1.
 0.37324859 0.12112185 0.34896283 0.         0.         0.
 0.         0.         0.24921466 0.         0.32172897]",YICES,0.10154294967651367,unsat,"['YICES', 'MathSAT', 'Z3', 'CVC4', 'Bitwuzla', 'BOOLECTOR']",[0.0926520824432373]
./tmp/QF_AUFBV/com.galois.ecc.P384ECC64.ec_twin_mul_aux12.short.smt2,"[0.         2.91186072 1.         0.         0.         0.
 0.         3.05710491 0.         0.         0.         0.
 0.         0.         1.         0.         0.         0.
 0.         0.         0.         0.         0.         0.
 0.         0.         0.         0.         0.         0.
 0.         0.94736842 1.         0.         0.         0.
 0.         1.05882353 0.         4.40526316 1.28571428 4.12844037
 6.06857143 0.         2.83367447 0.         1.230893   5.01661631
 2.26130653 1.54285714 0.         2.53337817 1.12118644 7.96987952
 4.5        0.55096419 1.37150237 0.31578947 0.         0.
 0.         0.         0.         0.         0.         0.
 0.         0.         0.         0.         0.         0.
 0.         0.         0.         0.         0.         0.
 0.         0.         0.         0.         0.         0.
 0.         0.         0.         0.         0.         0.
 0.         0.         0.         0.         0.         0.
 0.         0.         0.         0.         0.         0.
 0.         0.         0.         0.         0.         0.
 0.         0.         0.         0.         0.         0.
 0.         0.         0.         0.         0.         0.
 0.         0.         0.         0.         0.         0.
 0.         0.         0.         0.         0.         0.
 0.         0.         0.         0.         0.         0.
 0.         0.         0.         0.         0.         0.
 0.         0.         0.         0.         1.17374638 1.
 2.91355932 0.87724613 2.59330498 0.         0.         0.
 0.         0.         5.01661631 0.         2.61968457]",YICES,0.2411060333251953,unsat,"['YICES', 'BOOLECTOR', 'Z3', 'MathSAT', 'Bitwuzla', 'CVC4']",[0.1890101432800293]
./tmp/QF_AUFBV/opStructure_NPT_1.smt2,"[0.         0.00229691 1.         0.         0.         0.
 0.         0.00560555 0.         0.         0.         0.
 0.         0.         1.         0.         0.         0.
 0.         0.         0.         0.         0.         0.
 0.         0.         0.         0.         0.         0.
 0.         1.17283951 1.         0.         0.         0.
 0.16902145 0.         0.         0.         0.         0.04347826
 0.         0.         0.00338108 0.         0.         0.
 0.095      0.0349586  0.         0.01277096 0.04818259 0.
 0.         0.         0.         0.         0.02007537 0.03054951
 0.         0.         0.         0.0766335  0.         0.
 0.         0.         0.         0.         0.         0.
 0.         0.         0.         0.         0.         0.
 0.         0.         0.         0.         0.         0.
 0.         0.         0.         0.         0.         0.
 0.         0.         0.         0.         0.         0.
 0.         0.         0.         0.         0.         0.
 0.         0.         0.         0.         0.         0.
 0.         0.         0.         0.         0.         0.
 0.         0.         0.         0.         0.         0.
 0.         0.         0.         0.         0.         0.
 0.         0.         0.         0.         0.         0.
 0.         0.         0.         0.         0.         0.
 0.         0.         0.         0.         0.         0.
 0.         0.         0.         0.         0.02627218 1.
 0.00459937 0.0215619  0.00702533 0.         0.         0.
 0.         0.         0.         0.         0.        ]",BOOLECTOR,60.001352071762085,timeout (30.0 s),"['YICES', 'MathSAT', 'CVC4', 'Z3', 'BOOLECTOR', 'Bitwuzla']","[1, 8, 19, 2, 30]"
./tmp/QF_AUFBV/opStructure_C_16_32_2_2.smt2,"[0.00000000e+00 2.41750272e-03 9.99999999e-01 0.00000000e+00
 0.00000000e+00 0.00000000e+00 0.00000000e+00 5.89883498e-03
 0.00000000e+00 0.00000000e+00 0.00000000e+00 0.00000000e+00
 0.00000000e+00 0.00000000e+00 9.99999999e-01 0.00000000e+00
 0.00000000e+00 0.00000000e+00 0.00000000e+00 0.00000000e+00
 0.00000000e+00 0.00000000e+00 0.00000000e+00 0.00000000e+00
 0.00000000e+00 0.00000000e+00 0.00000000e+00 0.00000000e+00
 0.00000000e+00 0.00000000e+00 0.00000000e+00 1.16279070e+00
 9.99999999e-01 0.00000000e+00 0.00000000e+00 0.00000000e+00
 2.23977695e+00 0.00000000e+00 6.66666662e+00 0.00000000e+00
 0.00000000e+00 9.11161731e-02 0.00000000e+00 0.00000000e+00
 7.11553856e-03 0.00000000e+00 0.00000000e+00 0.00000000e+00
 9.95024876e-02 3.67309458e-02 0.00000000e+00 1.34340890e-02
 5.05902192e-02 0.00000000e+00 0.00000000e+00 1.87517337e+00
 1.75893208e+00 0.00000000e+00 8.41721320e-02 4.43910108e-01
 0.00000000e+00 0.00000000e+00 2.27450980e+00 2.18443114e+00
 0.00000000e+00 0.00000000e+00 0.00000000e+00 2.21125370e+00
 0.00000000e+00 0.00000000e+00 0.00000000e+00 0.00000000e+00
 0.00000000e+00 0.00000000e+00 0.00000000e+00 0.00000000e+00
 0.00000000e+00 0.00000000e+00 0.00000000e+00 0.00000000e+00
 0.00000000e+00 0.00000000e+00 0.00000000e+00 0.00000000e+00
 0.00000000e+00 0.00000000e+00 0.00000000e+00 0.00000000e+00
 0.00000000e+00 0.00000000e+00 0.00000000e+00 0.00000000e+00
 0.00000000e+00 0.00000000e+00 0.00000000e+00 0.00000000e+00
 0.00000000e+00 0.00000000e+00 0.00000000e+00 0.00000000e+00
 0.00000000e+00 0.00000000e+00 0.00000000e+00 0.00000000e+00
 0.00000000e+00 0.00000000e+00 0.00000000e+00 0.00000000e+00
 0.00000000e+00 0.00000000e+00 0.00000000e+00 0.00000000e+00
 0.00000000e+00 0.00000000e+00 0.00000000e+00 0.00000000e+00
 0.00000000e+00 0.00000000e+00 0.00000000e+00 0.00000000e+00
 0.00000000e+00 0.00000000e+00 0.00000000e+00 0.00000000e+00
 0.00000000e+00 0.00000000e+00 0.00000000e+00 0.00000000e+00
 0.00000000e+00 0.00000000e+00 0.00000000e+00 0.00000000e+00
 0.00000000e+00 0.00000000e+00 0.00000000e+00 0.00000000e+00
 0.00000000e+00 0.00000000e+00 0.00000000e+00 0.00000000e+00
 0.00000000e+00 0.00000000e+00 0.00000000e+00 0.00000000e+00
 0.00000000e+00 0.00000000e+00 0.00000000e+00 0.00000000e+00
 4.83911827e-01 1.00000000e+00 7.25952813e-03 4.47102632e-01
 7.39234892e-03 0.00000000e+00 0.00000000e+00 0.00000000e+00
 0.00000000e+00 0.00000000e+00 0.00000000e+00 0.00000000e+00
 0.00000000e+00]",BOOLECTOR,60.005439043045044,timeout (16.0 s),"['MathSAT', 'CVC4', 'BOOLECTOR', 'Bitwuzla', 'Z3', 'YICES']","[12, 32, 16]"
./tmp/QF_AUFBV/com.galois.ecc.P384ECC64.group_red1.short.smt2,"[0.00000000e+00 4.98111872e-01 9.99999999e-01 0.00000000e+00
 0.00000000e+00 0.00000000e+00 0.00000000e+00 5.95787362e-01
 0.00000000e+00 0.00000000e+00 0.00000000e+00 0.00000000e+00
 0.00000000e+00 0.00000000e+00 9.99999999e-01 0.00000000e+00
 0.00000000e+00 0.00000000e+00 0.00000000e+00 0.00000000e+00
 0.00000000e+00 0.00000000e+00 0.00000000e+00 0.00000000e+00
 0.00000000e+00 0.00000000e+00 0.00000000e+00 0.00000000e+00
 0.00000000e+00 0.00000000e+00 0.00000000e+00 9.33333333e-01
 9.99999999e-01 0.00000000e+00 0.00000000e+00 0.00000000e+00
 0.00000000e+00 1.16666667e+00 0.00000000e+00 5.38461538e-01
 1.40000000e+00 5.58758315e-01 7.70642202e-01 0.00000000e+00
 4.53224262e-01 0.00000000e+00 2.00796813e-01 6.30769231e-01
 5.21091811e-02 7.68526990e-02 0.00000000e+00 5.59496568e-01
 9.69366345e-02 1.74033149e+00 5.01326260e-01 6.96709981e-02
 1.63615115e-01 2.58461538e+00 3.68188513e-03 0.00000000e+00
 0.00000000e+00 0.00000000e+00 0.00000000e+00 0.00000000e+00
 0.00000000e+00 0.00000000e+00 0.00000000e+00 0.00000000e+00
 0.00000000e+00 0.00000000e+00 6.85900925e-02 0.00000000e+00
 0.00000000e+00 0.00000000e+00 0.00000000e+00 0.00000000e+00
 0.00000000e+00 4.19999998e+00 0.00000000e+00 0.00000000e+00
 2.70967742e-01 0.00000000e+00 0.00000000e+00 0.00000000e+00
 0.00000000e+00 0.00000000e+00 0.00000000e+00 0.00000000e+00
 0.00000000e+00 0.00000000e+00 0.00000000e+00 0.00000000e+00
 0.00000000e+00 0.00000000e+00 0.00000000e+00 0.00000000e+00
 0.00000000e+00 0.00000000e+00 0.00000000e+00 0.00000000e+00
 0.00000000e+00 0.00000000e+00 0.00000000e+00 0.00000000e+00
 0.00000000e+00 0.00000000e+00 0.00000000e+00 0.00000000e+00
 0.00000000e+00 0.00000000e+00 0.00000000e+00 0.00000000e+00
 0.00000000e+00 0.00000000e+00 0.00000000e+00 0.00000000e+00
 0.00000000e+00 0.00000000e+00 0.00000000e+00 0.00000000e+00
 0.00000000e+00 0.00000000e+00 0.00000000e+00 0.00000000e+00
 0.00000000e+00 0.00000000e+00 0.00000000e+00 0.00000000e+00
 0.00000000e+00 0.00000000e+00 0.00000000e+00 0.00000000e+00
 0.00000000e+00 0.00000000e+00 0.00000000e+00 0.00000000e+00
 0.00000000e+00 0.00000000e+00 0.00000000e+00 0.00000000e+00
 0.00000000e+00 0.00000000e+00 0.00000000e+00 0.00000000e+00
 0.00000000e+00 0.00000000e+00 0.00000000e+00 0.00000000e+00
 2.08442657e-01 1.00000000e+00 4.96160662e-01 1.59197621e-01
 5.88467756e-01 0.00000000e+00 0.00000000e+00 0.00000000e+00
 0.00000000e+00 0.00000000e+00 6.30769231e-01 0.00000000e+00
 6.30325329e-01]",Z3,1.0743839740753174,unsat,"['YICES', 'Z3', 'CVC4', 'MathSAT', 'BOOLECTOR', 'Bitwuzla']","[1, 0.06554198265075684]"
./tmp/QF_AUFBV/com.galois.ecc.P384ECC64.ec_full_add2.short.smt2,"[0.         0.85104935 1.         0.         0.         0.
 0.         0.67823913 0.         0.         0.         0.
 0.         0.         1.         0.         0.         0.
 0.         0.         0.         0.         0.         0.
 0.         0.         0.         0.         0.         0.
 0.         0.93617021 1.         0.         0.         0.
 0.         1.15789474 0.         0.97058824 1.375      0.84434968
 1.14782609 0.         0.77040645 0.         0.27694729 1.
 1.18779343 1.30636833 0.         0.64911168 1.07980846 0.35869565
 0.94923858 0.10894085 0.25413939 0.         0.         0.
 0.         0.         0.         0.         0.         0.
 0.         0.         0.         0.         0.         0.
 0.         0.         0.         0.         0.         0.
 0.         0.         0.         0.         0.         0.
 0.         0.         0.         0.         0.         0.
 0.         0.         0.         0.         0.         0.
 0.         0.         0.         0.         0.         0.
 0.         0.         0.         0.         0.         0.
 0.         0.         0.         0.         0.         0.
 0.         0.         0.         0.         0.         0.
 0.         0.         0.         0.         0.         0.
 0.         0.         0.         0.         0.         0.
 0.         0.         0.         0.         0.         0.
 0.         0.         0.         0.         0.         0.
 0.         0.         0.         0.         0.38748585 1.
 0.84951732 0.27006013 0.58846154 0.         0.         0.
 0.         0.         1.         0.         0.54023423]",YICES,0.10518169403076172,unsat,"['YICES', 'Z3', 'MathSAT', 'CVC4', 'Bitwuzla', 'BOOLECTOR']",[0.09096097946166992]
./tmp/QF_AUFBV/com.galois.ecc.P384ECC64.ec_mul_aux2.short.smt2,"[ 0.          6.57009724  1.          0.          0.          0.
  0.          7.34417242  0.          0.          0.          0.
  0.          0.          1.          0.          0.          0.
  0.          0.          0.          0.          0.          0.
  0.          0.          0.          0.          0.          0.
  0.          0.93877551  1.          0.          0.          0.
  0.          1.15        0.          4.30677291  1.35294117  4.93132328
  4.21448864  0.          7.40384944  0.         10.29        4.52247191
  1.92903226  1.18285714  0.          7.53583618  1.34785875  6.53307393
  4.46830266  1.54081109  1.09644298  8.76190476  0.          0.
  0.          0.          0.04500978  0.5327562  10.04597701  0.
  0.          0.          0.          0.          0.          0.
  0.          0.          0.          0.         11.17142857  0.
  0.          0.          5.94258373  0.          0.          0.
  0.          0.          0.          0.          0.          0.
  0.          0.          0.          0.          0.          0.
  0.          0.          0.          0.          0.          0.
  0.          0.          0.          0.          0.          0.
  0.          0.          0.          0.          0.          0.
  0.          0.          0.          0.          0.          0.
  0.          0.          0.          0.          0.          0.
  0.          0.          0.          0.          0.          0.
  0.          0.          0.          0.          0.          0.
  0.          0.          0.          0.          0.          0.
  0.          0.          0.          0.          3.6243795   1.
  6.5740936   2.38267856  7.95597484  0.          0.          0.
  0.          0.          4.52247191  0.          8.29444444]",YICES,0.27382874488830566,unsat,"['YICES', 'MathSAT', 'Z3', 'CVC4', 'BOOLECTOR', 'Bitwuzla']",[0.13610291481018066]
./tmp/QF_AUFBV/com.galois.ecc.P384ECC64.ec_full_sub3.short.smt2,"[0.         0.23304711 1.         0.         0.         0.
 0.         0.12861978 0.         0.         0.         0.
 0.         0.         1.         0.         0.         0.
 0.         0.         0.         0.         0.         0.
 0.         0.         0.         0.         0.         0.
 0.         0.94117647 1.         0.         0.         0.
 0.         2.18181818 0.         0.0952381  1.33333333 0.04013378
 0.06798867 0.         0.17501413 0.         0.03126357 0.05381166
 0.84647303 0.88679245 0.         0.18289585 0.93574007 0.18532819
 0.04897959 0.00615858 0.01758886 0.11374408 0.         0.
 0.         0.         0.         0.         0.         0.
 0.         0.         0.         0.         0.01305767 0.
 0.         0.         0.         0.         0.         0.
 0.         0.         0.         0.         0.         0.
 0.         0.         0.         0.         0.         0.
 0.         0.         0.         0.         0.         0.
 0.         0.         0.         0.         0.         0.
 0.         0.         0.         0.         0.         0.
 0.         0.         0.         0.         0.         0.
 0.         0.         0.         0.         0.         0.
 0.         0.         0.         0.         0.         0.
 0.         0.         0.         0.         0.         0.
 0.         0.         0.         0.         0.         0.
 0.         0.         0.         0.         0.         0.
 0.         0.         0.         0.         0.14999034 1.
 0.23134388 0.11508609 0.14186655 0.         0.         0.
 0.         0.         0.05381166 0.         0.10102225]",YICES,0.25409507751464844,unsat,"['YICES', 'Z3', 'MathSAT', 'BOOLECTOR', 'CVC4', 'Bitwuzla']",[0.24785494804382324]
./tmp/QF_AUFBV/com.galois.ecc.P384ECC64.sq_inner22.short.smt2,"[0.00000000e+00 1.51551408e-01 9.99999999e-01 0.00000000e+00
 0.00000000e+00 0.00000000e+00 0.00000000e+00 7.49906262e-02
 0.00000000e+00 0.00000000e+00 0.00000000e+00 0.00000000e+00
 0.00000000e+00 0.00000000e+00 9.99999999e-01 0.00000000e+00
 0.00000000e+00 0.00000000e+00 0.00000000e+00 0.00000000e+00
 0.00000000e+00 0.00000000e+00 0.00000000e+00 0.00000000e+00
 0.00000000e+00 0.00000000e+00 0.00000000e+00 0.00000000e+00
 0.00000000e+00 0.00000000e+00 0.00000000e+00 9.43396226e-01
 9.99999999e-01 0.00000000e+00 0.00000000e+00 0.00000000e+00
 0.00000000e+00 1.08695652e+00 0.00000000e+00 9.88142292e-02
 1.31578947e+00 8.33333333e-02 0.00000000e+00 0.00000000e+00
 1.06945852e-01 0.00000000e+00 2.16919740e-02 4.19697818e-02
 1.54639175e-01 3.53613641e-01 2.49999994e+01 9.48966681e-02
 2.05871822e-01 1.28205128e+00 5.09164969e-02 3.84319754e-02
 0.00000000e+00 0.00000000e+00 1.75315568e-03 2.31181801e-03
 0.00000000e+00 0.00000000e+00 1.22249389e-02 0.00000000e+00
 0.00000000e+00 0.00000000e+00 0.00000000e+00 0.00000000e+00
 0.00000000e+00 0.00000000e+00 0.00000000e+00 0.00000000e+00
 0.00000000e+00 0.00000000e+00 0.00000000e+00 0.00000000e+00
 1.18483412e-01 7.14285712e+00 0.00000000e+00 0.00000000e+00
 0.00000000e+00 0.00000000e+00 0.00000000e+00 0.00000000e+00
 4.54545454e+00 0.00000000e+00 0.00000000e+00 0.00000000e+00
 0.00000000e+00 0.00000000e+00 0.00000000e+00 0.00000000e+00
 0.00000000e+00 0.00000000e+00 0.00000000e+00 0.00000000e+00
 0.00000000e+00 0.00000000e+00 0.00000000e+00 0.00000000e+00
 0.00000000e+00 0.00000000e+00 0.00000000e+00 0.00000000e+00
 0.00000000e+00 0.00000000e+00 0.00000000e+00 0.00000000e+00
 0.00000000e+00 0.00000000e+00 0.00000000e+00 0.00000000e+00
 0.00000000e+00 0.00000000e+00 0.00000000e+00 0.00000000e+00
 0.00000000e+00 0.00000000e+00 0.00000000e+00 0.00000000e+00
 0.00000000e+00 0.00000000e+00 0.00000000e+00 0.00000000e+00
 0.00000000e+00 0.00000000e+00 0.00000000e+00 0.00000000e+00
 0.00000000e+00 0.00000000e+00 0.00000000e+00 0.00000000e+00
 0.00000000e+00 0.00000000e+00 0.00000000e+00 0.00000000e+00
 0.00000000e+00 0.00000000e+00 0.00000000e+00 0.00000000e+00
 0.00000000e+00 0.00000000e+00 0.00000000e+00 0.00000000e+00
 0.00000000e+00 0.00000000e+00 0.00000000e+00 0.00000000e+00
 8.24553167e-02 1.00000000e+00 1.49712552e-01 8.19745018e-02
 7.93201133e-02 0.00000000e+00 0.00000000e+00 0.00000000e+00
 0.00000000e+00 0.00000000e+00 4.19697818e-02 0.00000000e+00
 7.49400480e-02]",YICES,0.14784789085388184,sat,"['YICES', 'Z3', 'MathSAT', 'BOOLECTOR', 'Bitwuzla', 'CVC4']",[0.1437978744506836]
./tmp/QF_AUFBV/opStructure_O_32_32_2_2.smt2,"[0.00000000e+00 2.07369596e-03 9.99999999e-01 0.00000000e+00
 0.00000000e+00 0.00000000e+00 0.00000000e+00 4.87347704e-03
 0.00000000e+00 0.00000000e+00 0.00000000e+00 0.00000000e+00
 0.00000000e+00 0.00000000e+00 9.99999999e-01 0.00000000e+00
 0.00000000e+00 0.00000000e+00 0.00000000e+00 0.00000000e+00
 0.00000000e+00 0.00000000e+00 0.00000000e+00 0.00000000e+00
 0.00000000e+00 0.00000000e+00 0.00000000e+00 0.00000000e+00
 0.00000000e+00 0.00000000e+00 0.00000000e+00 1.17117117e+00
 9.99999999e-01 0.00000000e+00 0.00000000e+00 0.00000000e+00
 1.28811254e+01 0.00000000e+00 6.49999996e+00 0.00000000e+00
 0.00000000e+00 4.32612313e-02 0.00000000e+00 0.00000000e+00
 4.38966740e-03 0.00000000e+00 0.00000000e+00 0.00000000e+00
 1.06776181e-01 4.02398917e-02 0.00000000e+00 1.09612142e-02
 5.57341908e-02 0.00000000e+00 0.00000000e+00 1.14511828e+01
 1.11467448e+01 0.00000000e+00 9.28320260e-01 4.24986462e+00
 0.00000000e+00 0.00000000e+00 1.30095285e+01 1.27219501e+01
 0.00000000e+00 0.00000000e+00 0.00000000e+00 1.30702013e+01
 0.00000000e+00 0.00000000e+00 0.00000000e+00 0.00000000e+00
 0.00000000e+00 0.00000000e+00 0.00000000e+00 0.00000000e+00
 0.00000000e+00 0.00000000e+00 0.00000000e+00 0.00000000e+00
 0.00000000e+00 0.00000000e+00 0.00000000e+00 0.00000000e+00
 0.00000000e+00 0.00000000e+00 0.00000000e+00 0.00000000e+00
 0.00000000e+00 0.00000000e+00 0.00000000e+00 0.00000000e+00
 0.00000000e+00 0.00000000e+00 0.00000000e+00 0.00000000e+00
 0.00000000e+00 0.00000000e+00 0.00000000e+00 0.00000000e+00
 0.00000000e+00 0.00000000e+00 0.00000000e+00 0.00000000e+00
 0.00000000e+00 0.00000000e+00 0.00000000e+00 0.00000000e+00
 0.00000000e+00 0.00000000e+00 0.00000000e+00 0.00000000e+00
 0.00000000e+00 0.00000000e+00 0.00000000e+00 0.00000000e+00
 0.00000000e+00 0.00000000e+00 0.00000000e+00 0.00000000e+00
 0.00000000e+00 0.00000000e+00 0.00000000e+00 0.00000000e+00
 0.00000000e+00 0.00000000e+00 0.00000000e+00 0.00000000e+00
 0.00000000e+00 0.00000000e+00 0.00000000e+00 0.00000000e+00
 0.00000000e+00 0.00000000e+00 0.00000000e+00 0.00000000e+00
 0.00000000e+00 0.00000000e+00 0.00000000e+00 0.00000000e+00
 0.00000000e+00 0.00000000e+00 0.00000000e+00 0.00000000e+00
 0.00000000e+00 0.00000000e+00 0.00000000e+00 0.00000000e+00
 3.82212654e+00 1.00000000e+00 4.15136516e-03 3.81815596e+00
 5.89101620e-03 0.00000000e+00 0.00000000e+00 0.00000000e+00
 0.00000000e+00 0.00000000e+00 0.00000000e+00 0.00000000e+00
 0.00000000e+00]",CVC4,60.05461311340332,timeout (39.0 s),"['YICES', 'Z3', 'MathSAT', 'CVC4', 'Bitwuzla', 'BOOLECTOR']","[1, 3, 17, 39]"
./tmp/QF_AUFBV/com.galois.ecc.P384ECC64.signHash3.short.smt2,"[0.         2.66661875 1.         0.         0.         0.
 0.         2.68860759 0.         0.         0.         0.
 0.         0.         1.         0.         0.         0.
 0.         0.         0.         0.         0.         0.
 0.         0.         0.         0.         0.         0.
 0.         0.93913043 1.         0.         0.         0.
 0.         1.125      0.         5.41706161 1.35       5.47877984
 4.96300578 0.         2.19194374 0.         0.83984868 5.31505618
 2.91758242 2.34658188 0.         2.13578569 1.88434696 0.09854015
 5.51377634 0.57954545 0.86973258 2.65384615 0.         0.
 0.         0.         0.         0.         3.03061224 0.
 0.         0.         0.         0.         0.04399783 0.
 0.         0.         0.         0.         0.         0.
 0.         0.         8.91346154 0.         0.         0.
 0.         0.         0.         0.         0.         0.
 0.         0.         0.         0.         0.         0.
 0.         0.         0.         0.         0.         0.
 0.         0.         0.         0.         0.         0.
 0.         0.         0.         0.         0.         0.
 0.         0.         0.         0.         0.         0.
 0.         0.         0.         0.         0.         0.
 0.         0.         0.         0.         0.         0.
 0.         0.         0.         0.         0.         0.
 0.         0.         0.         0.         0.         0.
 0.         0.         0.         0.         1.17577454 1.
 2.6671703  0.88364627 2.05975303 0.         0.         0.
 0.         0.         5.31505618 0.         2.00776915]",YICES,0.2083902359008789,unsat,"['YICES', 'Z3', 'CVC4', 'MathSAT', 'Bitwuzla', 'BOOLECTOR']",[0.15448713302612305]
./tmp/QF_AUFBV/com.galois.ecc.P384ECC64.sq_inner12.short.smt2,"[0.00000000e+00 1.40180232e-01 9.99999999e-01 0.00000000e+00
 0.00000000e+00 0.00000000e+00 0.00000000e+00 5.89473684e-02
 0.00000000e+00 0.00000000e+00 0.00000000e+00 0.00000000e+00
 0.00000000e+00 0.00000000e+00 9.99999999e-01 0.00000000e+00
 0.00000000e+00 0.00000000e+00 0.00000000e+00 0.00000000e+00
 0.00000000e+00 0.00000000e+00 0.00000000e+00 0.00000000e+00
 0.00000000e+00 0.00000000e+00 0.00000000e+00 0.00000000e+00
 0.00000000e+00 0.00000000e+00 0.00000000e+00 9.41176470e-01
 9.99999999e-01 0.00000000e+00 0.00000000e+00 0.00000000e+00
 0.00000000e+00 1.12000000e+00 0.00000000e+00 8.81889764e-02
 1.33333333e+00 7.40740741e-02 0.00000000e+00 0.00000000e+00
 1.00984080e-01 0.00000000e+00 2.35195296e-02 3.77019749e-02
 1.53005464e-01 3.56470178e-01 1.39999998e+01 7.58881038e-02
 2.12401055e-01 1.36111111e+00 4.53074434e-02 1.17795541e-02
 0.00000000e+00 0.00000000e+00 9.46681543e-04 0.00000000e+00
 0.00000000e+00 0.00000000e+00 6.83927699e-03 0.00000000e+00
 0.00000000e+00 0.00000000e+00 0.00000000e+00 0.00000000e+00
 0.00000000e+00 0.00000000e+00 0.00000000e+00 0.00000000e+00
 0.00000000e+00 0.00000000e+00 0.00000000e+00 0.00000000e+00
 1.32075472e-01 3.49999999e+00 0.00000000e+00 0.00000000e+00
 0.00000000e+00 0.00000000e+00 0.00000000e+00 0.00000000e+00
 4.30769230e+00 0.00000000e+00 0.00000000e+00 0.00000000e+00
 0.00000000e+00 0.00000000e+00 0.00000000e+00 0.00000000e+00
 0.00000000e+00 0.00000000e+00 0.00000000e+00 0.00000000e+00
 0.00000000e+00 0.00000000e+00 0.00000000e+00 0.00000000e+00
 0.00000000e+00 0.00000000e+00 0.00000000e+00 0.00000000e+00
 0.00000000e+00 0.00000000e+00 0.00000000e+00 0.00000000e+00
 0.00000000e+00 0.00000000e+00 0.00000000e+00 0.00000000e+00
 0.00000000e+00 0.00000000e+00 0.00000000e+00 0.00000000e+00
 0.00000000e+00 0.00000000e+00 0.00000000e+00 0.00000000e+00
 0.00000000e+00 0.00000000e+00 0.00000000e+00 0.00000000e+00
 0.00000000e+00 0.00000000e+00 0.00000000e+00 0.00000000e+00
 0.00000000e+00 0.00000000e+00 0.00000000e+00 0.00000000e+00
 0.00000000e+00 0.00000000e+00 0.00000000e+00 0.00000000e+00
 0.00000000e+00 0.00000000e+00 0.00000000e+00 0.00000000e+00
 0.00000000e+00 0.00000000e+00 0.00000000e+00 0.00000000e+00
 0.00000000e+00 0.00000000e+00 0.00000000e+00 0.00000000e+00
 6.95082590e-02 1.00000000e+00 1.38316151e-01 7.09619572e-02
 6.13970972e-02 0.00000000e+00 0.00000000e+00 0.00000000e+00
 0.00000000e+00 0.00000000e+00 3.77019749e-02 0.00000000e+00
 5.58263181e-02]",CVC4,0.36141300201416016,sat,"['CVC4', 'MathSAT', 'BOOLECTOR', 'Z3', 'YICES', 'Bitwuzla']",[0.35766100883483887]
./tmp/QF_AUFBV/com.galois.ecc.P384ECC64.ec_twin_mul_init.short.smt2,"[0.         0.8046033  1.         0.         0.         0.
 0.         0.40455036 0.         0.         0.         0.
 0.         0.         1.         0.         0.         0.
 0.         0.         0.         0.         0.         0.
 0.         0.         0.         0.         0.         0.
 0.         0.94308943 1.         0.         0.         0.
 0.         1.11538461 0.         0.4496124  1.31818182 0.30366492
 0.52667423 0.         0.64142483 0.         0.10315966 0.42326404
 2.68429752 1.92640834 0.         0.54805318 1.03307888 0.39726027
 0.41626794 0.03249755 0.09369952 0.24576271 0.         0.
 0.         0.         0.         0.         0.         0.
 0.         0.         0.         0.         0.         0.
 0.         0.         0.         0.         0.         0.
 0.         0.         0.         0.         0.         0.
 0.         0.         0.         0.         0.         0.
 0.         0.         0.         0.         0.         0.
 0.         0.         0.         0.         0.         0.
 0.         0.         0.         0.         0.         0.
 0.         0.         0.         0.         0.         0.
 0.         0.         0.         0.         0.         0.
 0.         0.         0.         0.         0.         0.
 0.         0.         0.         0.         0.         0.
 0.         0.         0.         0.         0.         0.
 0.         0.         0.         0.         0.         0.
 0.         0.         0.         0.         0.37657574 1.
 0.80342475 0.28713391 0.39427335 0.         0.         0.
 0.         0.         0.42326404 0.         0.24209139]",YICES,0.07674098014831543,unsat,"['YICES', 'MathSAT', 'Z3', 'BOOLECTOR', 'CVC4', 'Bitwuzla']",[0.06027579307556152]
./tmp/QF_AUFBV/com.galois.ecc.P384ECC64.ec_full_add3.short.smt2,"[0.         0.8        1.         0.         0.         0.
 0.         0.63876473 0.         0.         0.         0.
 0.         0.         1.         0.         0.         0.
 0.         0.         0.         0.         0.         0.
 0.         0.         0.         0.         0.         0.
 0.         0.94488189 1.         0.         0.         0.
 0.         1.11111111 0.         0.81447964 1.30434782 0.69053708
 1.05147864 0.         0.69973428 0.         0.21192603 0.86340206
 1.14467409 1.78254211 0.         0.63853518 1.88673621 0.30508475
 0.79192547 0.07545061 0.19261637 0.12658228 0.         0.
 0.         0.         0.         0.         0.         0.
 0.         0.         0.         0.         0.         0.
 0.         0.         0.         0.         0.         0.
 0.         0.         0.         0.         0.         0.
 0.         0.         0.         0.         0.         0.
 0.         0.         0.         0.         0.         0.
 0.         0.         0.         0.         0.         0.
 0.         0.         0.         0.         0.         0.
 0.         0.         0.         0.         0.         0.
 0.         0.         0.         0.         0.         0.
 0.         0.         0.         0.         0.         0.
 0.         0.         0.         0.         0.         0.
 0.         0.         0.         0.         0.         0.
 0.         0.         0.         0.         0.         0.
 0.         0.         0.         0.         0.42949269 1.
 0.79883461 0.2997175  0.572843   0.         0.         0.
 0.         0.         0.86340206 0.         0.53403819]",YICES,0.10024809837341309,unsat,"['YICES', 'Z3', 'MathSAT', 'Bitwuzla', 'BOOLECTOR', 'CVC4']",[0.08387994766235352]
./tmp/QF_AUFBV/com.galois.ecc.P384ECC64.ec_twin_mul_aux11.short.smt2,"[0.         2.57419475 1.         0.         0.         0.
 0.         2.65167955 0.         0.         0.         0.
 0.         0.         1.         0.         0.         0.
 0.         0.         0.         0.         0.         0.
 0.         0.         0.         0.         0.         0.
 0.         0.94656489 1.         0.         0.         0.
 0.         1.10714286 0.         3.81349206 1.29166666 3.51473923
 5.03394495 0.         2.48241365 0.         1.05759583 4.24137931
 2.28276878 1.67082005 0.         2.23758192 1.30125642 6.18317503
 3.875      0.42717376 1.06316605 0.25941423 0.         0.
 0.         0.         0.         0.         0.         0.
 0.         0.         0.         0.         0.         0.
 0.         0.         0.         0.         0.         0.
 0.         0.         0.         0.         0.         0.
 0.         0.         0.         0.         0.         0.
 0.         0.         0.         0.         0.         0.
 0.         0.         0.         0.         0.         0.
 0.         0.         0.         0.         0.         0.
 0.         0.         0.         0.         0.         0.
 0.         0.         0.         0.         0.         0.
 0.         0.         0.         0.         0.         0.
 0.         0.         0.         0.         0.         0.
 0.         0.         0.         0.         0.         0.
 0.         0.         0.         0.         0.         0.
 0.         0.         0.         0.         1.21606855 1.
 2.57498757 1.00394838 2.26177765 0.         0.         0.
 0.         0.         4.24137931 0.         2.26035207]",YICES,0.24289608001708984,unsat,"['YICES', 'MathSAT', 'CVC4', 'Z3', 'Bitwuzla', 'BOOLECTOR']",[0.1915738582611084]
./tmp/QF_AUFBV/opStructure_O_16_32_2_2.smt2,"[0.00000000e+00 1.98585081e-03 9.99999999e-01 0.00000000e+00
 0.00000000e+00 0.00000000e+00 0.00000000e+00 4.75553574e-03
 0.00000000e+00 0.00000000e+00 0.00000000e+00 0.00000000e+00
 0.00000000e+00 0.00000000e+00 9.99999999e-01 0.00000000e+00
 0.00000000e+00 0.00000000e+00 0.00000000e+00 0.00000000e+00
 0.00000000e+00 0.00000000e+00 0.00000000e+00 0.00000000e+00
 0.00000000e+00 0.00000000e+00 0.00000000e+00 0.00000000e+00
 0.00000000e+00 0.00000000e+00 0.00000000e+00 1.17647059e+00
 9.99999999e-01 0.00000000e+00 0.00000000e+00 0.00000000e+00
 6.50877848e+00 0.00000000e+00 6.39999996e+00 0.00000000e+00
 0.00000000e+00 3.62400906e-02 0.00000000e+00 0.00000000e+00
 4.34507106e-03 0.00000000e+00 0.00000000e+00 0.00000000e+00
 9.39794420e-02 3.70477569e-02 0.00000000e+00 1.10344828e-02
 5.47320410e-02 0.00000000e+00 0.00000000e+00 5.58990106e+00
 5.29797898e+00 0.00000000e+00 5.77935660e-01 2.48630137e+00
 0.00000000e+00 0.00000000e+00 6.40250098e+00 6.28878648e+00
 0.00000000e+00 0.00000000e+00 0.00000000e+00 6.42761867e+00
 0.00000000e+00 0.00000000e+00 0.00000000e+00 0.00000000e+00
 0.00000000e+00 0.00000000e+00 0.00000000e+00 0.00000000e+00
 0.00000000e+00 0.00000000e+00 0.00000000e+00 0.00000000e+00
 0.00000000e+00 0.00000000e+00 0.00000000e+00 0.00000000e+00
 0.00000000e+00 0.00000000e+00 0.00000000e+00 0.00000000e+00
 0.00000000e+00 0.00000000e+00 0.00000000e+00 0.00000000e+00
 0.00000000e+00 0.00000000e+00 0.00000000e+00 0.00000000e+00
 0.00000000e+00 0.00000000e+00 0.00000000e+00 0.00000000e+00
 0.00000000e+00 0.00000000e+00 0.00000000e+00 0.00000000e+00
 0.00000000e+00 0.00000000e+00 0.00000000e+00 0.00000000e+00
 0.00000000e+00 0.00000000e+00 0.00000000e+00 0.00000000e+00
 0.00000000e+00 0.00000000e+00 0.00000000e+00 0.00000000e+00
 0.00000000e+00 0.00000000e+00 0.00000000e+00 0.00000000e+00
 0.00000000e+00 0.00000000e+00 0.00000000e+00 0.00000000e+00
 0.00000000e+00 0.00000000e+00 0.00000000e+00 0.00000000e+00
 0.00000000e+00 0.00000000e+00 0.00000000e+00 0.00000000e+00
 0.00000000e+00 0.00000000e+00 0.00000000e+00 0.00000000e+00
 0.00000000e+00 0.00000000e+00 0.00000000e+00 0.00000000e+00
 0.00000000e+00 0.00000000e+00 0.00000000e+00 0.00000000e+00
 0.00000000e+00 0.00000000e+00 0.00000000e+00 0.00000000e+00
 1.99132517e+00 1.00000000e+00 3.97564915e-03 2.03011955e+00
 5.99307051e-03 0.00000000e+00 0.00000000e+00 0.00000000e+00
 0.00000000e+00 0.00000000e+00 0.00000000e+00 0.00000000e+00
 0.00000000e+00]",CVC4,60.02246689796448,timeout (32.0 s),"['YICES', 'MathSAT', 'Z3', 'CVC4', 'Bitwuzla', 'BOOLECTOR']","[1, 23, 4, 32]"
./tmp/QF_AUFBV/com.galois.ecc.P384ECC64.ec_twin_mul_aux1.short.smt2,"[0.         2.53002521 1.         0.         0.         0.
 0.         2.59997262 0.         0.         0.         0.
 0.         0.         1.         0.         0.         0.
 0.         0.         0.         0.         0.         0.
 0.         0.         0.         0.         0.         0.
 0.         0.94285714 1.         0.         0.         0.
 0.         1.13793103 0.         3.61484099 1.32       3.35707019
 4.6101026  0.         2.44633952 0.         1.0886862  3.97162427
 2.25718194 1.6858006  0.         2.2208732  1.32722298 5.48755656
 3.66666667 0.37107838 0.91810751 0.27385892 0.         0.
 0.         0.         0.         0.         0.         0.
 0.         0.         0.         0.         0.         0.
 0.         0.         0.         0.         0.         0.
 0.         0.         0.         0.         0.         0.
 0.         0.         0.         0.         0.         0.
 0.         0.         0.         0.         0.         0.
 0.         0.         0.         0.         0.         0.
 0.         0.         0.         0.         0.         0.
 0.         0.         0.         0.         0.         0.
 0.         0.         0.         0.         0.         0.
 0.         0.         0.         0.         0.         0.
 0.         0.         0.         0.         0.         0.
 0.         0.         0.         0.         0.         0.
 0.         0.         0.         0.         0.         0.
 0.         0.         0.         0.         1.17089416 1.
 2.53059937 0.97145336 2.24358527 0.         0.         0.
 0.         0.         3.97162427 0.         2.24265871]",YICES,0.24097490310668945,unsat,"['YICES', 'CVC4', 'MathSAT', 'Z3', 'Bitwuzla', 'BOOLECTOR']",[0.19033098220825195]
./tmp/QF_AUFBV/com.galois.ecc.P384ECC64.signHash4.short.smt2,"[0.         2.32667877 1.         0.         0.         0.
 0.         2.35662866 0.         0.         0.         0.
 0.         0.         1.         0.         0.         0.
 0.         0.         0.         0.         0.         0.
 0.         0.         0.         0.         0.         0.
 0.         0.94444444 1.         0.         0.         0.
 0.         1.13333333 0.         4.36344969 1.30769231 4.44916004
 3.18597997 0.         1.94634956 0.         0.83036729 3.94984145
 2.53924051 2.15178801 0.         1.95316408 1.84734799 0.07674944
 4.42857143 0.5565756  0.68596951 2.96212121 0.         0.
 0.         0.         0.         0.         5.02608696 0.
 0.         0.         0.         0.         0.08290436 0.
 0.         0.         0.         0.         0.         0.
 0.         0.         7.74257426 0.         0.         0.
 0.         0.         0.         0.         0.         0.
 0.         0.         0.         0.         0.         0.
 0.         0.         0.         0.         0.         0.
 0.         0.         0.         0.         0.         0.
 0.         0.         0.         0.         0.         0.
 0.         0.         0.         0.         0.         0.
 0.         0.         0.         0.         0.         0.
 0.         0.         0.         0.         0.         0.
 0.         0.         0.         0.         0.         0.
 0.         0.         0.         0.         0.         0.
 0.         0.         0.         0.         1.12707383 1.
 2.32709981 0.86971092 1.88359439 0.         0.         0.
 0.         0.         3.94984145 0.         1.83791887]",YICES,0.19129085540771484,unsat,"['YICES', 'Z3', 'MathSAT', 'CVC4', 'BOOLECTOR', 'Bitwuzla']",[0.14079785346984863]
./tmp/QF_AUFBV/com.galois.ecc.P384ECC64.mod_div12.short.smt2,"[0.         0.29455354 1.         0.         0.         0.
 0.         0.26114448 0.         0.         0.         0.
 0.         0.         1.         0.         0.         0.
 0.         0.         0.         0.         0.         0.
 0.         0.         0.         0.         0.         0.
 0.         0.94594595 1.         0.         0.         0.
 0.         1.12903226 0.         0.24974516 1.29629629 0.1540493
 0.14957265 0.         0.24168236 0.         0.07273758 0.17068273
 0.60945274 1.8788801  0.         0.32845345 2.92150818 0.03945885
 0.21920668 0.02707781 0.03769231 0.         0.         0.
 0.         0.         0.         0.0134357  0.         0.
 0.         0.         0.         0.         0.02842447 0.
 0.         0.         0.         0.         0.16431925 0.
 0.         0.         0.21525215 0.         0.         0.
 0.         0.         0.         0.         0.         0.
 0.         0.         0.         0.         0.         0.
 0.         0.         0.         0.         0.         0.
 0.         0.         0.         0.         0.         0.
 0.         0.         0.         0.         0.         0.
 0.         0.         0.         0.         0.         0.
 0.         0.         0.         0.         0.         0.
 0.         0.         0.         0.         0.         0.
 0.         0.         0.         0.         0.         0.
 0.         0.         0.         0.         0.         0.
 0.         0.         0.         0.         0.284641   1.
 0.29299566 0.14333502 0.28050376 0.         0.         0.
 0.         0.         0.17068273 0.         0.25735294]",YICES,0.06543183326721191,unsat,"['YICES', 'MathSAT', 'BOOLECTOR', 'Z3', 'CVC4', 'Bitwuzla']",[0.05736088752746582]
./tmp/QF_AUFBV/com.galois.ecc.P384ECC64.ec_mul_aux4.short.smt2,"[ 0.          5.66062985  1.          0.          0.          0.
  0.          6.33606002  0.          0.          0.          0.
  0.          0.          1.          0.          0.          0.
  0.          0.          0.          0.          0.          0.
  0.          0.          0.          0.          0.          0.
  0.          0.94736842  1.          0.          0.          0.
  0.          1.125       0.          3.14790698  1.28571428  3.64556962
  3.02935421  0.          6.53505026  0.         10.07862876  3.28467153
  1.66548043  1.07145388  0.          6.74670571  1.28424423  5.08809293
  3.24786325  1.00934579  0.70588235  8.37209302  0.          0.
  0.          0.          0.02811402  0.33881548  8.94117647  0.
  0.          0.          0.          0.          0.          0.
  0.          0.          0.          0.         11.65714286  0.
  0.          0.          4.22149837  0.          0.          0.
  0.          0.          0.          0.          0.          0.
  0.          0.          0.          0.          0.          0.
  0.          0.          0.          0.          0.          0.
  0.          0.          0.          0.          0.          0.
  0.          0.          0.          0.          0.          0.
  0.          0.          0.          0.          0.          0.
  0.          0.          0.          0.          0.          0.
  0.          0.          0.          0.          0.          0.
  0.          0.          0.          0.          0.          0.
  0.          0.          0.          0.          0.          0.
  0.          0.          0.          0.          3.36134524  1.
  5.66407715  2.37927411  7.1395791   0.          0.          0.
  0.          0.          3.28467153  0.          7.45981957]",YICES,0.3497581481933594,unsat,"['YICES', 'Z3', 'MathSAT', 'CVC4', 'BOOLECTOR', 'Bitwuzla']",[0.20634889602661133]
./tmp/QF_AUFBV/com.galois.ecc.P384ECC64.sq_inner23.short.smt2,"[0.00000000e+00 6.59007926e-02 9.99999999e-01 0.00000000e+00
 0.00000000e+00 0.00000000e+00 0.00000000e+00 6.73496984e-02
 0.00000000e+00 0.00000000e+00 0.00000000e+00 0.00000000e+00
 0.00000000e+00 0.00000000e+00 9.99999999e-01 0.00000000e+00
 0.00000000e+00 0.00000000e+00 0.00000000e+00 0.00000000e+00
 0.00000000e+00 0.00000000e+00 0.00000000e+00 0.00000000e+00
 0.00000000e+00 0.00000000e+00 0.00000000e+00 0.00000000e+00
 0.00000000e+00 0.00000000e+00 0.00000000e+00 9.48717948e-01
 9.99999999e-01 0.00000000e+00 0.00000000e+00 0.00000000e+00
 0.00000000e+00 1.12121212e+00 0.00000000e+00 6.87093779e-02
 1.27586207e+00 5.84518167e-02 0.00000000e+00 0.00000000e+00
 4.74648023e-02 0.00000000e+00 2.01223657e-02 2.89137796e-02
 4.38388626e-02 1.43647059e-01 0.00000000e+00 8.33282610e-02
 1.93585077e-01 7.14975845e-02 3.51043643e-02 2.38325282e-02
 0.00000000e+00 2.13872832e-01 3.68476962e-03 5.27892709e-03
 0.00000000e+00 0.00000000e+00 7.22233067e-03 7.03355194e-03
 0.00000000e+00 0.00000000e+00 0.00000000e+00 0.00000000e+00
 0.00000000e+00 0.00000000e+00 0.00000000e+00 0.00000000e+00
 0.00000000e+00 0.00000000e+00 0.00000000e+00 0.00000000e+00
 3.49056604e-01 7.39999997e+00 0.00000000e+00 0.00000000e+00
 0.00000000e+00 0.00000000e+00 0.00000000e+00 0.00000000e+00
 4.93333333e+00 0.00000000e+00 0.00000000e+00 0.00000000e+00
 0.00000000e+00 0.00000000e+00 0.00000000e+00 0.00000000e+00
 0.00000000e+00 0.00000000e+00 0.00000000e+00 0.00000000e+00
 0.00000000e+00 0.00000000e+00 0.00000000e+00 0.00000000e+00
 0.00000000e+00 0.00000000e+00 0.00000000e+00 0.00000000e+00
 0.00000000e+00 0.00000000e+00 0.00000000e+00 0.00000000e+00
 0.00000000e+00 0.00000000e+00 0.00000000e+00 0.00000000e+00
 0.00000000e+00 0.00000000e+00 0.00000000e+00 0.00000000e+00
 0.00000000e+00 0.00000000e+00 0.00000000e+00 0.00000000e+00
 0.00000000e+00 0.00000000e+00 0.00000000e+00 0.00000000e+00
 0.00000000e+00 0.00000000e+00 0.00000000e+00 0.00000000e+00
 0.00000000e+00 0.00000000e+00 0.00000000e+00 0.00000000e+00
 0.00000000e+00 0.00000000e+00 0.00000000e+00 0.00000000e+00
 0.00000000e+00 0.00000000e+00 0.00000000e+00 0.00000000e+00
 0.00000000e+00 0.00000000e+00 0.00000000e+00 0.00000000e+00
 0.00000000e+00 0.00000000e+00 0.00000000e+00 0.00000000e+00
 4.63515754e-02 1.00000000e+00 6.43134109e-02 5.36170638e-02
 7.50457995e-02 0.00000000e+00 0.00000000e+00 0.00000000e+00
 0.00000000e+00 0.00000000e+00 2.89137796e-02 0.00000000e+00
 7.68698061e-02]",YICES,0.10078740119934082,sat,"['YICES', 'Z3', 'MathSAT', 'Bitwuzla', 'CVC4', 'BOOLECTOR']",[0.0980081558227539]
./tmp/QF_AUFBV/opStructure_MBA_7.smt2,"[0.00000000e+00 1.69197204e-03 9.99999999e-01 0.00000000e+00
 0.00000000e+00 0.00000000e+00 0.00000000e+00 1.38289576e-02
 0.00000000e+00 0.00000000e+00 0.00000000e+00 0.00000000e+00
 0.00000000e+00 0.00000000e+00 9.99999999e-01 0.00000000e+00
 0.00000000e+00 0.00000000e+00 0.00000000e+00 0.00000000e+00
 0.00000000e+00 0.00000000e+00 0.00000000e+00 0.00000000e+00
 0.00000000e+00 0.00000000e+00 0.00000000e+00 0.00000000e+00
 0.00000000e+00 0.00000000e+00 0.00000000e+00 1.18012422e+00
 9.99999999e-01 0.00000000e+00 0.00000000e+00 0.00000000e+00
 7.79123952e-02 0.00000000e+00 6.33333329e+00 0.00000000e+00
 0.00000000e+00 0.00000000e+00 0.00000000e+00 0.00000000e+00
 2.43722541e-03 0.00000000e+00 0.00000000e+00 0.00000000e+00
 3.12573443e-01 1.24765478e-01 0.00000000e+00 3.23541933e-02
 1.80665610e-01 0.00000000e+00 0.00000000e+00 1.63107630e-02
 2.29122701e-02 0.00000000e+00 2.84023476e+01 2.27900177e+01
 0.00000000e+00 0.00000000e+00 3.09002904e-01 0.00000000e+00
 0.00000000e+00 0.00000000e+00 0.00000000e+00 7.43931088e-02
 0.00000000e+00 0.00000000e+00 2.22984340e+01 0.00000000e+00
 0.00000000e+00 0.00000000e+00 0.00000000e+00 0.00000000e+00
 0.00000000e+00 0.00000000e+00 0.00000000e+00 0.00000000e+00
 0.00000000e+00 0.00000000e+00 0.00000000e+00 0.00000000e+00
 0.00000000e+00 0.00000000e+00 0.00000000e+00 0.00000000e+00
 0.00000000e+00 0.00000000e+00 0.00000000e+00 0.00000000e+00
 0.00000000e+00 0.00000000e+00 0.00000000e+00 0.00000000e+00
 0.00000000e+00 0.00000000e+00 0.00000000e+00 0.00000000e+00
 0.00000000e+00 0.00000000e+00 0.00000000e+00 0.00000000e+00
 0.00000000e+00 0.00000000e+00 0.00000000e+00 0.00000000e+00
 0.00000000e+00 0.00000000e+00 0.00000000e+00 0.00000000e+00
 0.00000000e+00 0.00000000e+00 0.00000000e+00 0.00000000e+00
 0.00000000e+00 0.00000000e+00 0.00000000e+00 0.00000000e+00
 0.00000000e+00 0.00000000e+00 0.00000000e+00 0.00000000e+00
 0.00000000e+00 0.00000000e+00 0.00000000e+00 0.00000000e+00
 0.00000000e+00 0.00000000e+00 0.00000000e+00 0.00000000e+00
 0.00000000e+00 0.00000000e+00 0.00000000e+00 1.89999996e+01
 0.00000000e+00 0.00000000e+00 0.00000000e+00 0.00000000e+00
 0.00000000e+00 0.00000000e+00 0.00000000e+00 0.00000000e+00
 0.00000000e+00 0.00000000e+00 0.00000000e+00 0.00000000e+00
 1.19620325e+01 1.00000000e+00 1.69355558e-03 1.71987527e+01
 1.73958538e-02 0.00000000e+00 0.00000000e+00 0.00000000e+00
 0.00000000e+00 0.00000000e+00 0.00000000e+00 0.00000000e+00
 0.00000000e+00]",Z3,3.2028777599334717,sat,"['YICES', 'Z3', 'CVC4', 'MathSAT', 'BOOLECTOR', 'Bitwuzla']","[1, 1.9897210597991943]"
./tmp/QF_AUFBV/com.galois.ecc.P384ECC64.mul_inner3.short.smt2,"[0.00000000e+00 2.33026467e-01 9.99999999e-01 0.00000000e+00
 0.00000000e+00 0.00000000e+00 0.00000000e+00 1.71583851e-01
 0.00000000e+00 0.00000000e+00 0.00000000e+00 0.00000000e+00
 0.00000000e+00 0.00000000e+00 9.99999999e-01 0.00000000e+00
 0.00000000e+00 0.00000000e+00 0.00000000e+00 0.00000000e+00
 0.00000000e+00 0.00000000e+00 0.00000000e+00 0.00000000e+00
 0.00000000e+00 0.00000000e+00 0.00000000e+00 0.00000000e+00
 0.00000000e+00 0.00000000e+00 0.00000000e+00 9.45454545e-01
 9.99999999e-01 0.00000000e+00 0.00000000e+00 0.00000000e+00
 0.00000000e+00 1.14705882e+00 0.00000000e+00 2.16066482e-01
 1.30000000e+00 3.05642633e-01 1.77272727e-01 0.00000000e+00
 1.78031029e-01 0.00000000e+00 7.40941783e-02 2.22222222e-01
 1.82456140e-01 3.66941573e-01 1.94999998e+01 1.72378300e-01
 2.02027027e-01 1.09859155e+00 1.84135977e-01 5.43291899e-02
 4.11082668e-02 0.00000000e+00 1.30791287e-03 1.11355395e-03
 0.00000000e+00 0.00000000e+00 0.00000000e+00 0.00000000e+00
 0.00000000e+00 0.00000000e+00 0.00000000e+00 0.00000000e+00
 0.00000000e+00 0.00000000e+00 0.00000000e+00 0.00000000e+00
 0.00000000e+00 0.00000000e+00 0.00000000e+00 0.00000000e+00
 0.00000000e+00 8.99999997e+00 0.00000000e+00 0.00000000e+00
 0.00000000e+00 0.00000000e+00 0.00000000e+00 0.00000000e+00
 1.24090909e+01 0.00000000e+00 0.00000000e+00 0.00000000e+00
 0.00000000e+00 0.00000000e+00 0.00000000e+00 0.00000000e+00
 0.00000000e+00 0.00000000e+00 0.00000000e+00 0.00000000e+00
 0.00000000e+00 0.00000000e+00 0.00000000e+00 0.00000000e+00
 0.00000000e+00 0.00000000e+00 0.00000000e+00 0.00000000e+00
 0.00000000e+00 0.00000000e+00 0.00000000e+00 0.00000000e+00
 0.00000000e+00 0.00000000e+00 0.00000000e+00 0.00000000e+00
 0.00000000e+00 0.00000000e+00 0.00000000e+00 0.00000000e+00
 0.00000000e+00 0.00000000e+00 0.00000000e+00 0.00000000e+00
 0.00000000e+00 0.00000000e+00 0.00000000e+00 0.00000000e+00
 0.00000000e+00 0.00000000e+00 0.00000000e+00 0.00000000e+00
 0.00000000e+00 0.00000000e+00 0.00000000e+00 0.00000000e+00
 0.00000000e+00 0.00000000e+00 0.00000000e+00 0.00000000e+00
 0.00000000e+00 0.00000000e+00 0.00000000e+00 0.00000000e+00
 0.00000000e+00 0.00000000e+00 0.00000000e+00 0.00000000e+00
 0.00000000e+00 0.00000000e+00 0.00000000e+00 0.00000000e+00
 8.88218138e-02 1.00000000e+00 2.31525784e-01 6.89137320e-02
 1.57493649e-01 0.00000000e+00 0.00000000e+00 0.00000000e+00
 0.00000000e+00 0.00000000e+00 2.22222222e-01 0.00000000e+00
 1.56021520e-01]",YICES,0.08961677551269531,sat,"['YICES', 'MathSAT', 'Z3', 'CVC4', 'BOOLECTOR', 'Bitwuzla']",[0.08339691162109375]
./tmp/QF_AUFBV/com.galois.ecc.P384ECC64.verifySignature.short.smt2,"[0.00000000e+00 1.97416586e+00 9.99999999e-01 0.00000000e+00
 0.00000000e+00 0.00000000e+00 0.00000000e+00 1.88221367e+00
 0.00000000e+00 0.00000000e+00 0.00000000e+00 0.00000000e+00
 0.00000000e+00 0.00000000e+00 9.99999999e-01 0.00000000e+00
 0.00000000e+00 0.00000000e+00 0.00000000e+00 0.00000000e+00
 0.00000000e+00 0.00000000e+00 0.00000000e+00 0.00000000e+00
 0.00000000e+00 0.00000000e+00 0.00000000e+00 0.00000000e+00
 0.00000000e+00 0.00000000e+00 0.00000000e+00 9.46745562e-01
 9.99999999e-01 0.00000000e+00 0.00000000e+00 0.00000000e+00
 0.00000000e+00 1.14285714e+00 0.00000000e+00 3.10051107e+00
 1.29032258e+00 3.30697340e+00 3.04739052e+00 0.00000000e+00
 1.63850110e+00 0.00000000e+00 5.77771834e-01 3.16718340e+00
 2.98701299e+00 2.41021723e+00 0.00000000e+00 1.63530778e+00
 1.93741963e+00 4.45682451e-01 3.13315927e+00 4.86927067e-01
 7.50591017e-01 1.87327824e+00 1.67674109e-03 0.00000000e+00
 0.00000000e+00 0.00000000e+00 0.00000000e+00 0.00000000e+00
 6.18784530e+00 0.00000000e+00 0.00000000e+00 0.00000000e+00
 0.00000000e+00 0.00000000e+00 8.94654440e-03 0.00000000e+00
 0.00000000e+00 0.00000000e+00 0.00000000e+00 0.00000000e+00
 0.00000000e+00 0.00000000e+00 0.00000000e+00 0.00000000e+00
 3.95303327e+00 0.00000000e+00 0.00000000e+00 0.00000000e+00
 0.00000000e+00 0.00000000e+00 0.00000000e+00 0.00000000e+00
 0.00000000e+00 0.00000000e+00 0.00000000e+00 0.00000000e+00
 0.00000000e+00 0.00000000e+00 0.00000000e+00 0.00000000e+00
 0.00000000e+00 0.00000000e+00 0.00000000e+00 0.00000000e+00
 0.00000000e+00 0.00000000e+00 0.00000000e+00 0.00000000e+00
 0.00000000e+00 0.00000000e+00 0.00000000e+00 0.00000000e+00
 0.00000000e+00 0.00000000e+00 0.00000000e+00 0.00000000e+00
 0.00000000e+00 0.00000000e+00 0.00000000e+00 0.00000000e+00
 0.00000000e+00 0.00000000e+00 0.00000000e+00 0.00000000e+00
 0.00000000e+00 0.00000000e+00 0.00000000e+00 0.00000000e+00
 0.00000000e+00 0.00000000e+00 0.00000000e+00 0.00000000e+00
 0.00000000e+00 0.00000000e+00 0.00000000e+00 0.00000000e+00
 0.00000000e+00 0.00000000e+00 0.00000000e+00 0.00000000e+00
 0.00000000e+00 0.00000000e+00 0.00000000e+00 0.00000000e+00
 0.00000000e+00 0.00000000e+00 0.00000000e+00 0.00000000e+00
 0.00000000e+00 0.00000000e+00 0.00000000e+00 0.00000000e+00
 7.42160489e-01 1.00000000e+00 1.97439353e+00 4.75471000e-01
 1.49476456e+00 0.00000000e+00 0.00000000e+00 0.00000000e+00
 0.00000000e+00 0.00000000e+00 3.16718340e+00 0.00000000e+00
 1.40299501e+00]",MathSAT,1.745826005935669,unsat,"['YICES', 'MathSAT', 'CVC4', 'Z3', 'BOOLECTOR', 'Bitwuzla']","[1, 0.69822096824646]"
