./tmp/QF_AUFBV/com.galois.ecc.P384ECC64.ec_full_sub2.short.smt2,"[0. 1. 1. 0. 0. 0. 0. 1. 0. 0. 0. 0. 0. 0. 1. 0. 0. 0. 0. 0. 0. 0. 0. 0.
 0. 0. 0. 0. 0. 0. 0. 1. 1. 0. 0. 0. 0. 1. 0. 1. 1. 1. 1. 0. 1. 0. 1. 1.
 1. 1. 0. 1. 1. 1. 1. 1. 1. 1. 0. 0. 0. 0. 0. 0. 0. 0. 0. 0. 0. 0. 1. 0.
 0. 0. 0. 0. 0. 0. 0. 0. 0. 0. 0. 0. 0. 0. 0. 0. 0. 0. 0. 0. 0. 0. 0. 0.
 0. 0. 0. 0. 0. 0. 0. 0. 0. 0. 0. 0. 0. 0. 0. 0. 0. 0. 0. 0. 0. 0. 0. 0.
 0. 0. 0. 0. 0. 0. 0. 0. 0. 0. 0. 0. 0. 0. 0. 0. 0. 0. 0. 0. 0. 0. 0. 0.
 0. 0. 0. 0. 1. 1. 1. 1. 1. 0. 0. 0. 0. 0. 1. 0. 1.]",Z3,1.2699267864227295,unsat,"['Z3', 'YICES', 'MathSAT', 'CVC4', 'BOOLECTOR', 'Bitwuzla']",[1.237360954284668]
./tmp/QF_AUFBV/com.galois.ecc.P384ECC64.ec_twin_mul_init1.short.smt2,"[0.         1.53461538 1.         0.         0.         0.
 0.         1.49333333 0.         0.         0.         0.
 0.         0.         1.         0.         0.         0.
 0.         0.         0.         0.         0.         0.
 0.         0.         0.         0.         0.         0.
 0.         1.         1.         0.         0.         0.
 0.         0.66666667 0.         1.66666667 1.         1.77777778
 1.77777778 0.         1.54577465 0.         1.47826087 1.78378378
 1.53424658 1.36912752 0.         1.46863469 1.01818182 1.33333333
 1.8        1.77777778 1.77777778 1.33333333 0.         0.
 0.         0.         0.         0.         0.         0.
 0.         0.         0.         0.         0.         0.
 0.         0.         0.         0.         0.         0.
 0.         0.         0.         0.         0.         0.
 0.         0.         0.         0.         0.         0.
 0.         0.         0.         0.         0.         0.
 0.         0.         0.         0.         0.         0.
 0.         0.         0.         0.         0.         0.
 0.         0.         0.         0.         0.         0.
 0.         0.         0.         0.         0.         0.
 0.         0.         0.         0.         0.         0.
 0.         0.         0.         0.         0.         0.
 0.         0.         0.         0.         0.         0.
 0.         0.         0.         0.         0.         0.
 0.         0.         0.         0.         1.44371378 1.
 1.53667954 1.43532502 1.43478261 0.         0.         0.
 0.         0.         1.78378378 0.         1.36936937]",CVC4,1.0409908294677734,unsat,"['CVC4', 'Z3', 'Bitwuzla', 'MathSAT', 'YICES', 'BOOLECTOR']",[1.0069129467010498]
./tmp/QF_AUFBV/opStructure_C_16_32_2_2.smt2,"[0.         0.00575816 1.         0.         0.         0.
 0.         0.02643172 0.         0.         0.         0.
 0.         0.         1.         0.         0.         0.
 0.         0.         0.         0.         0.         0.
 0.         0.         0.         0.         0.         0.
 0.         1.15384615 1.         0.         0.         0.
 3.         0.         2.99999999 0.         0.         0.54545455
 0.         0.         0.02097902 0.         0.         0.
 0.08       0.0397351  0.         0.04363636 0.07964602 0.
 0.         2.9221902  2.7768595  0.         3.         3.
 0.         0.         3.         3.         0.         0.
 0.         3.         0.         0.         0.         0.
 0.         0.         0.         0.         0.         0.
 0.         0.         0.         0.         0.         0.
 0.         0.         0.         0.         0.         0.
 0.         0.         0.         0.         0.         0.
 0.         0.         0.         0.         0.         0.
 0.         0.         0.         0.         0.         0.
 0.         0.         0.         0.         0.         0.
 0.         0.         0.         0.         0.         0.
 0.         0.         0.         0.         0.         0.
 0.         0.         0.         0.         0.         0.
 0.         0.         0.         0.         0.         0.
 0.         0.         0.         0.         0.         0.
 0.         0.         0.         0.         1.40154721 1.
 0.01727447 1.60531136 0.03225806 0.         0.         0.
 0.         0.         0.         0.         0.        ]",CVC4,59.403831005096436,unsat,"['CVC4', 'YICES', 'Z3', 'MathSAT', 'Bitwuzla', 'BOOLECTOR']",[59.38325500488281]
./tmp/QF_AUFBV/opStructure_MBA_6.smt2,"[3.99999998 0.00766284 1.         0.         0.         0.
 0.         0.11965812 0.         0.         0.         0.
 0.         0.         1.         0.         0.         0.
 0.         0.         0.         0.         0.         0.
 0.         0.         0.         0.         0.         0.
 0.         1.11111111 1.         0.         0.         0.
 0.15936255 0.         0.         0.         0.         0.
 0.         0.         0.0069808  0.         0.         0.
 0.34146341 0.17721519 0.         0.19377163 0.34008097 0.
 0.         0.04558405 0.04897959 0.         3.98256067 3.89226798
 0.         0.         0.18106996 0.         0.         0.
 0.         0.17094017 0.         0.         3.99780642 0.
 0.         0.         0.         0.         0.         0.
 0.         0.         0.         0.         0.         0.
 0.         0.         0.         0.         0.         0.
 0.         0.         0.         0.         0.         0.
 0.         0.         0.         0.         0.         0.
 0.         0.         0.         0.         0.         0.
 0.         0.         0.         0.         0.         0.
 0.         0.         0.         0.         0.         0.
 0.         0.         0.         0.         0.         0.
 0.         0.         0.         0.         0.         0.
 0.         0.         0.         3.99999998 0.         0.
 0.         0.         0.         0.         0.         0.
 0.         0.         0.         0.         3.46273525 1.
 0.00766284 3.69720637 0.14507772 0.         0.         0.
 0.         0.         0.         0.         0.        ]",CVC4,60.081186056137085,timeout (60.0 s),"['CVC4', 'BOOLECTOR', 'MathSAT', 'Z3', 'YICES', 'Bitwuzla']",[60]
./tmp/QF_AUFBV/com.galois.ecc.P384ECC64.ec_full_add4.short.smt2,"[0.         2.0935412  1.         0.         0.         0.
 0.         2.54716981 0.         0.         0.         0.
 0.         0.         1.         0.         0.         0.
 0.         0.         0.         0.         0.         0.
 0.         0.         0.         0.         0.         0.
 0.         0.90909091 1.         0.         0.         0.
 0.         1.25       0.         3.         1.66666666 3.10344828
 3.2        0.         2.21574344 0.         2.98245614 3.22115385
 1.13207547 1.82730924 0.         2.09255533 2.16743119 1.66666667
 3.14814815 0.24390244 0.57761733 0.         0.         0.
 0.         0.         0.         0.         0.         0.
 0.         0.         0.         0.         0.         0.
 0.         0.         0.         0.         0.         0.
 0.         0.         0.         0.         0.         0.
 0.         0.         0.         0.         0.         0.
 0.         0.         0.         0.         0.         0.
 0.         0.         0.         0.         0.         0.
 0.         0.         0.         0.         0.         0.
 0.         0.         0.         0.         0.         0.
 0.         0.         0.         0.         0.         0.
 0.         0.         0.         0.         0.         0.
 0.         0.         0.         0.         0.         0.
 0.         0.         0.         0.         0.         0.
 0.         0.         0.         0.         0.         0.
 0.         0.         0.         0.         0.25832394 1.
 2.090301   0.1203094  2.3489011  0.         0.         0.
 0.         0.         3.22115385 0.         2.84883721]",CVC4,0.674767017364502,unsat,"['CVC4', 'Z3', 'BOOLECTOR', 'YICES', 'MathSAT', 'Bitwuzla']",[0.6429710388183594]
./tmp/QF_AUFBV/com.galois.ecc.P384ECC64.ec_mul_aux2.short.smt2,"[0.         4.78182229 1.         0.         0.         0.
 0.         5.25758755 0.         0.         0.         0.
 0.         0.         1.         0.         0.         0.
 0.         0.         0.         0.         0.         0.
 0.         0.         0.         0.         0.         0.
 0.         0.92307692 1.         0.         0.         0.
 0.         1.2        0.         4.5483871  1.5        4.89171975
 4.32402235 0.         5.07602514 0.         5.83829787 4.62555066
 1.6137931  1.21153846 0.         5.16447184 1.58108108 5.34146341
 4.67213115 2.48571429 1.91646192 5.78313253 0.         0.
 0.         0.         0.09716599 1.07027027 6.         0.
 0.         0.         0.         0.         0.         0.
 0.         0.         0.         0.         6.         0.
 0.         0.         6.         0.         0.         0.
 0.         0.         0.         0.         0.         0.
 0.         0.         0.         0.         0.         0.
 0.         0.         0.         0.         0.         0.
 0.         0.         0.         0.         0.         0.
 0.         0.         0.         0.         0.         0.
 0.         0.         0.         0.         0.         0.
 0.         0.         0.         0.         0.         0.
 0.         0.         0.         0.         0.         0.
 0.         0.         0.         0.         0.         0.
 0.         0.         0.         0.         0.         0.
 0.         0.         0.         0.         1.92670145 1.
 4.78262836 1.03510049 5.35556211 0.         0.         0.
 0.         0.         4.62555066 0.         5.52281134]",MathSAT,0.5593311786651611,unsat,"['MathSAT', 'Bitwuzla', 'BOOLECTOR', 'CVC4', 'YICES', 'Z3']",[0.3908569812774658]
./tmp/QF_AUFBV/com.galois.ecc.P384ECC64.ec_twin_mul_init2.short.smt2,"[0.         0.57922024 1.         0.         0.         0.
 0.         0.29231916 0.         0.         0.         0.
 0.         0.         1.         0.         0.         0.
 0.         0.         0.         0.         0.         0.
 0.         0.         0.         0.         0.         0.
 0.         0.93333333 1.         0.         0.         0.
 0.         1.16666667 0.         0.52238806 1.4        0.33939394
 0.57435897 0.         0.43154051 0.         0.05581614 0.47433265
 1.95024876 1.72463768 0.         0.36969214 1.11363636 0.3255814
 0.48091603 0.08777429 0.26477541 0.16470588 0.         0.
 0.         0.         0.         0.         0.         0.
 0.         0.         0.         0.         0.         0.
 0.         0.         0.         0.         0.         0.
 0.         0.         0.         0.         0.         0.
 0.         0.         0.         0.         0.         0.
 0.         0.         0.         0.         0.         0.
 0.         0.         0.         0.         0.         0.
 0.         0.         0.         0.         0.         0.
 0.         0.         0.         0.         0.         0.
 0.         0.         0.         0.         0.         0.
 0.         0.         0.         0.         0.         0.
 0.         0.         0.         0.         0.         0.
 0.         0.         0.         0.         0.         0.
 0.         0.         0.         0.         0.         0.
 0.         0.         0.         0.         0.22532198 1.
 0.57812824 0.13991807 0.26242545 0.         0.         0.
 0.         0.         0.47433265 0.         0.16024096]",Z3,0.09569597244262695,unsat,"['Z3', 'MathSAT', 'YICES', 'CVC4', 'BOOLECTOR', 'Bitwuzla']",[0.061430931091308594]
./tmp/QF_AUFBV/opStructure_O_16_24_2_2.smt2,"[0.00000000e+00 1.65871864e-03 9.99999999e-01 0.00000000e+00
 0.00000000e+00 0.00000000e+00 0.00000000e+00 3.97515528e-03
 0.00000000e+00 0.00000000e+00 0.00000000e+00 0.00000000e+00
 0.00000000e+00 0.00000000e+00 9.99999999e-01 0.00000000e+00
 0.00000000e+00 0.00000000e+00 0.00000000e+00 0.00000000e+00
 0.00000000e+00 0.00000000e+00 0.00000000e+00 0.00000000e+00
 0.00000000e+00 0.00000000e+00 0.00000000e+00 0.00000000e+00
 0.00000000e+00 0.00000000e+00 0.00000000e+00 1.14285714e+00
 9.99999999e-01 0.00000000e+00 0.00000000e+00 0.00000000e+00
 6.11985019e+00 0.00000000e+00 3.99999998e+00 0.00000000e+00
 0.00000000e+00 4.81927711e-02 0.00000000e+00 0.00000000e+00
 3.36889388e-03 0.00000000e+00 0.00000000e+00 0.00000000e+00
 7.88177340e-02 3.84615385e-02 0.00000000e+00 8.48356310e-03
 6.76056338e-02 0.00000000e+00 0.00000000e+00 5.14860335e+00
 5.15869018e+00 0.00000000e+00 1.16855220e-01 6.71875000e-01
 0.00000000e+00 0.00000000e+00 6.05320197e+00 5.87559809e+00
 0.00000000e+00 0.00000000e+00 0.00000000e+00 6.13173653e+00
 0.00000000e+00 0.00000000e+00 0.00000000e+00 0.00000000e+00
 0.00000000e+00 0.00000000e+00 0.00000000e+00 0.00000000e+00
 0.00000000e+00 0.00000000e+00 0.00000000e+00 0.00000000e+00
 0.00000000e+00 0.00000000e+00 0.00000000e+00 0.00000000e+00
 0.00000000e+00 0.00000000e+00 0.00000000e+00 0.00000000e+00
 0.00000000e+00 0.00000000e+00 0.00000000e+00 0.00000000e+00
 0.00000000e+00 0.00000000e+00 0.00000000e+00 0.00000000e+00
 0.00000000e+00 0.00000000e+00 0.00000000e+00 0.00000000e+00
 0.00000000e+00 0.00000000e+00 0.00000000e+00 0.00000000e+00
 0.00000000e+00 0.00000000e+00 0.00000000e+00 0.00000000e+00
 0.00000000e+00 0.00000000e+00 0.00000000e+00 0.00000000e+00
 0.00000000e+00 0.00000000e+00 0.00000000e+00 0.00000000e+00
 0.00000000e+00 0.00000000e+00 0.00000000e+00 0.00000000e+00
 0.00000000e+00 0.00000000e+00 0.00000000e+00 0.00000000e+00
 0.00000000e+00 0.00000000e+00 0.00000000e+00 0.00000000e+00
 0.00000000e+00 0.00000000e+00 0.00000000e+00 0.00000000e+00
 0.00000000e+00 0.00000000e+00 0.00000000e+00 0.00000000e+00
 0.00000000e+00 0.00000000e+00 0.00000000e+00 0.00000000e+00
 0.00000000e+00 0.00000000e+00 0.00000000e+00 0.00000000e+00
 0.00000000e+00 0.00000000e+00 0.00000000e+00 0.00000000e+00
 9.23159898e-01 1.00000000e+00 3.31881352e-03 7.74577167e-01
 4.54158388e-03 0.00000000e+00 0.00000000e+00 0.00000000e+00
 0.00000000e+00 0.00000000e+00 0.00000000e+00 0.00000000e+00
 0.00000000e+00]",CVC4,60.03134489059448,timeout (60.0 s),"['CVC4', 'Bitwuzla', 'YICES', 'BOOLECTOR', 'MathSAT', 'Z3']",[60]
./tmp/QF_AUFBV/com.galois.ecc.P384ECC64.ec_full_sub3.short.smt2,"[0.         0.22026699 1.         0.         0.         0.
 0.         0.12567369 0.         0.         0.         0.
 0.         0.         1.         0.         0.         0.
 0.         0.         0.         0.         0.         0.
 0.         0.         0.         0.         0.         0.
 0.         0.92307692 1.         0.         0.         0.
 0.         2.25       0.         0.13235294 1.5        0.05389222
 0.09137056 0.         0.16007169 0.         0.02525725 0.07331976
 0.69545455 0.91360691 0.         0.1685744  1.18826406 0.20454545
 0.06818182 0.00502513 0.01508801 0.10465116 0.         0.
 0.         0.         0.         0.         0.         0.
 0.         0.         0.         0.         0.00493286 0.
 0.         0.         0.         0.         0.         0.
 0.         0.         0.         0.         0.         0.
 0.         0.         0.         0.         0.         0.
 0.         0.         0.         0.         0.         0.
 0.         0.         0.         0.         0.         0.
 0.         0.         0.         0.         0.         0.
 0.         0.         0.         0.         0.         0.
 0.         0.         0.         0.         0.         0.
 0.         0.         0.         0.         0.         0.
 0.         0.         0.         0.         0.         0.
 0.         0.         0.         0.         0.         0.
 0.         0.         0.         0.         0.         0.
 0.         0.         0.         0.         0.09767325 1.
 0.21857923 0.06346968 0.13090909 0.         0.         0.
 0.         0.         0.07331976 0.         0.09388972]",Z3,1.0085008144378662,unsat,"['Z3', 'YICES', 'BOOLECTOR', 'Bitwuzla', 'MathSAT', 'CVC4']",[0.9869508743286133]
./tmp/QF_AUFBV/com.galois.ecc.P384ECC64.mod_div12.short.smt2,"[0.         0.31158142 1.         0.         0.         0.
 0.         0.28095238 0.         0.         0.         0.
 0.         0.         1.         0.         0.         0.
 0.         0.         0.         0.         0.         0.
 0.         0.         0.         0.         0.         0.
 0.         0.93023256 1.         0.         0.         0.
 0.         1.11111111 0.         0.48951049 1.42857143 0.29069767
 0.2955665  0.         0.23690941 0.         0.0511866  0.33464567
 0.5982906  1.92324466 0.         0.31494079 3.00854701 0.05649718
 0.43478261 0.03893215 0.05833333 0.         0.         0.
 0.         0.         0.         0.0191022  0.         0.
 0.         0.         0.         0.         0.00821468 0.
 0.         0.         0.         0.         0.09708738 0.
 0.         0.         0.44247788 0.         0.         0.
 0.         0.         0.         0.         0.         0.
 0.         0.         0.         0.         0.         0.
 0.         0.         0.         0.         0.         0.
 0.         0.         0.         0.         0.         0.
 0.         0.         0.         0.         0.         0.
 0.         0.         0.         0.         0.         0.
 0.         0.         0.         0.         0.         0.
 0.         0.         0.         0.         0.         0.
 0.         0.         0.         0.         0.         0.
 0.         0.         0.         0.         0.         0.
 0.         0.         0.         0.         0.21022552 1.
 0.30986468 0.08697914 0.26681187 0.         0.         0.
 0.         0.         0.33464567 0.         0.24425705]",Z3,0.07507586479187012,unsat,"['Z3', 'YICES', 'BOOLECTOR', 'MathSAT', 'Bitwuzla', 'CVC4']",[0.0518949031829834]
./tmp/QF_AUFBV/com.galois.ecc.P384ECC64.ec_full_sub1.short.smt2,"[0.         0.2547856  1.         0.         0.         0.
 0.         0.14728682 0.         0.         0.         0.
 0.         0.         1.         0.         0.         0.
 0.         0.         0.         0.         0.         0.
 0.         0.         0.         0.         0.         0.
 0.         0.93617021 1.         0.         0.         0.
 0.         2.         0.         0.15172414 1.375      0.06358382
 0.10731707 0.         0.18774808 0.         0.03062645 0.0859375
 0.74501992 0.83353486 0.         0.19599109 0.92957746 0.24309392
 0.07913669 0.00611451 0.01830283 0.12643678 0.         0.
 0.         0.         0.         0.         0.         0.
 0.         0.         0.         0.         0.0060208  0.
 0.         0.         0.         0.         0.         0.
 0.         0.         0.         0.         0.         0.
 0.         0.         0.         0.         0.         0.
 0.         0.         0.         0.         0.         0.
 0.         0.         0.         0.         0.         0.
 0.         0.         0.         0.         0.         0.
 0.         0.         0.         0.         0.         0.
 0.         0.         0.         0.         0.         0.
 0.         0.         0.         0.         0.         0.
 0.         0.         0.         0.         0.         0.
 0.         0.         0.         0.         0.         0.
 0.         0.         0.         0.         0.         0.
 0.         0.         0.         0.         0.11564016 1.
 0.25292202 0.07636546 0.15355705 0.         0.         0.
 0.         0.         0.0859375  0.         0.11082326]",BOOLECTOR,0.41280126571655273,unsat,"['BOOLECTOR', 'MathSAT', 'Z3', 'YICES', 'Bitwuzla', 'CVC4']",[0.39084911346435547]
./tmp/QF_AUFBV/com.galois.ecc.P384ECC64.verifySignature.short.smt2,"[0.00000000e+00 2.20040644e+00 9.99999999e-01 0.00000000e+00
 0.00000000e+00 0.00000000e+00 0.00000000e+00 2.19689119e+00
 0.00000000e+00 0.00000000e+00 0.00000000e+00 0.00000000e+00
 0.00000000e+00 0.00000000e+00 9.99999999e-01 0.00000000e+00
 0.00000000e+00 0.00000000e+00 0.00000000e+00 0.00000000e+00
 0.00000000e+00 0.00000000e+00 0.00000000e+00 0.00000000e+00
 0.00000000e+00 0.00000000e+00 0.00000000e+00 0.00000000e+00
 0.00000000e+00 0.00000000e+00 0.00000000e+00 9.41176470e-01
 9.99999999e-01 0.00000000e+00 0.00000000e+00 0.00000000e+00
 0.00000000e+00 9.99999999e-01 0.00000000e+00 4.62711864e+00
 1.33333333e+00 4.79166667e+00 4.59036145e+00 0.00000000e+00
 1.80485612e+00 0.00000000e+00 5.72691118e-01 4.72037915e+00
 2.58750000e+00 2.18397626e+00 0.00000000e+00 1.78040042e+00
 1.80319149e+00 7.46113990e-01 4.71615720e+00 7.21003135e-01
 1.14672686e+00 1.96153846e+00 2.14768944e-03 0.00000000e+00
 0.00000000e+00 0.00000000e+00 0.00000000e+00 0.00000000e+00
 5.09090909e+00 0.00000000e+00 0.00000000e+00 0.00000000e+00
 0.00000000e+00 0.00000000e+00 6.56455142e-03 0.00000000e+00
 0.00000000e+00 0.00000000e+00 0.00000000e+00 0.00000000e+00
 0.00000000e+00 0.00000000e+00 0.00000000e+00 0.00000000e+00
 5.66355140e+00 0.00000000e+00 0.00000000e+00 0.00000000e+00
 0.00000000e+00 0.00000000e+00 0.00000000e+00 0.00000000e+00
 0.00000000e+00 0.00000000e+00 0.00000000e+00 0.00000000e+00
 0.00000000e+00 0.00000000e+00 0.00000000e+00 0.00000000e+00
 0.00000000e+00 0.00000000e+00 0.00000000e+00 0.00000000e+00
 0.00000000e+00 0.00000000e+00 0.00000000e+00 0.00000000e+00
 0.00000000e+00 0.00000000e+00 0.00000000e+00 0.00000000e+00
 0.00000000e+00 0.00000000e+00 0.00000000e+00 0.00000000e+00
 0.00000000e+00 0.00000000e+00 0.00000000e+00 0.00000000e+00
 0.00000000e+00 0.00000000e+00 0.00000000e+00 0.00000000e+00
 0.00000000e+00 0.00000000e+00 0.00000000e+00 0.00000000e+00
 0.00000000e+00 0.00000000e+00 0.00000000e+00 0.00000000e+00
 0.00000000e+00 0.00000000e+00 0.00000000e+00 0.00000000e+00
 0.00000000e+00 0.00000000e+00 0.00000000e+00 0.00000000e+00
 0.00000000e+00 0.00000000e+00 0.00000000e+00 0.00000000e+00
 0.00000000e+00 0.00000000e+00 0.00000000e+00 0.00000000e+00
 0.00000000e+00 0.00000000e+00 0.00000000e+00 0.00000000e+00
 8.69433425e-01 1.00000000e+00 2.20059459e+00 5.69152454e-01
 1.65517241e+00 0.00000000e+00 0.00000000e+00 0.00000000e+00
 0.00000000e+00 0.00000000e+00 4.72037915e+00 0.00000000e+00
 1.58060485e+00]",Z3,10.22095775604248,unsat,"['Z3', 'MathSAT', 'Bitwuzla', 'YICES', 'CVC4', 'BOOLECTOR']",[10.158458948135376]
./tmp/QF_AUFBV/com.galois.ecc.P384ECC64.signHash4.short.smt2,"[0.         2.17033468 1.         0.         0.         0.
 0.         2.24543578 0.         0.         0.         0.
 0.         0.         1.         0.         0.         0.
 0.         0.         0.         0.         0.         0.
 0.         0.         0.         0.         0.         0.
 0.         0.94545455 1.         0.         0.         0.
 0.         1.         0.         4.50138504 1.3        4.41284404
 3.67818575 0.         1.82087965 0.         0.70108696 4.20128308
 2.0237467  1.81446809 0.         1.79065964 1.59276546 0.13333333
 4.56657224 0.93307468 1.16643836 2.35433071 0.         0.
 0.         0.         0.         0.         2.6626506  0.
 0.         0.         0.         0.         0.0319236  0.
 0.         0.         0.         0.         0.         0.
 0.         0.         6.01005025 0.         0.         0.
 0.         0.         0.         0.         0.         0.
 0.         0.         0.         0.         0.         0.
 0.         0.         0.         0.         0.         0.
 0.         0.         0.         0.         0.         0.
 0.         0.         0.         0.         0.         0.
 0.         0.         0.         0.         0.         0.
 0.         0.         0.         0.         0.         0.
 0.         0.         0.         0.         0.         0.
 0.         0.         0.         0.         0.         0.
 0.         0.         0.         0.         0.         0.
 0.         0.         0.         0.         0.94070056 1.
 2.17062044 0.63296806 1.74964951 0.         0.         0.
 0.         0.         4.20128308 0.         1.72713481]",Z3,0.5481281280517578,unsat,"['Z3', 'MathSAT', 'Bitwuzla', 'BOOLECTOR', 'CVC4', 'YICES']",[0.48346400260925293]
./tmp/QF_AUFBV/com.galois.ecc.P384ECC64.sq_inner23.short.smt2,"[0.00000000e+00 7.25482575e-02 9.99999999e-01 0.00000000e+00
 0.00000000e+00 0.00000000e+00 0.00000000e+00 7.73602779e-02
 0.00000000e+00 0.00000000e+00 0.00000000e+00 0.00000000e+00
 0.00000000e+00 0.00000000e+00 9.99999999e-01 0.00000000e+00
 0.00000000e+00 0.00000000e+00 0.00000000e+00 0.00000000e+00
 0.00000000e+00 0.00000000e+00 0.00000000e+00 0.00000000e+00
 0.00000000e+00 0.00000000e+00 0.00000000e+00 0.00000000e+00
 0.00000000e+00 0.00000000e+00 0.00000000e+00 9.49152542e-01
 9.99999999e-01 0.00000000e+00 0.00000000e+00 0.00000000e+00
 0.00000000e+00 9.99999999e-01 0.00000000e+00 7.71349862e-02
 1.27272727e+00 6.39269406e-02 0.00000000e+00 0.00000000e+00
 5.39239287e-02 0.00000000e+00 2.33722871e-02 3.36000000e-02
 3.68421053e-02 1.29848229e-01 0.00000000e+00 9.35018051e-02
 1.85377087e-01 1.42131980e-01 3.95480226e-02 4.06189555e-02
 0.00000000e+00 2.17054264e-01 1.50322119e-03 2.87769784e-03
 0.00000000e+00 0.00000000e+00 1.37795276e-02 1.33587786e-02
 0.00000000e+00 0.00000000e+00 0.00000000e+00 0.00000000e+00
 0.00000000e+00 0.00000000e+00 0.00000000e+00 0.00000000e+00
 0.00000000e+00 0.00000000e+00 0.00000000e+00 0.00000000e+00
 3.96226415e-01 1.39999999e+01 0.00000000e+00 0.00000000e+00
 0.00000000e+00 0.00000000e+00 0.00000000e+00 0.00000000e+00
 1.40000000e+01 0.00000000e+00 0.00000000e+00 0.00000000e+00
 0.00000000e+00 0.00000000e+00 0.00000000e+00 0.00000000e+00
 0.00000000e+00 0.00000000e+00 0.00000000e+00 0.00000000e+00
 0.00000000e+00 0.00000000e+00 0.00000000e+00 0.00000000e+00
 0.00000000e+00 0.00000000e+00 0.00000000e+00 0.00000000e+00
 0.00000000e+00 0.00000000e+00 0.00000000e+00 0.00000000e+00
 0.00000000e+00 0.00000000e+00 0.00000000e+00 0.00000000e+00
 0.00000000e+00 0.00000000e+00 0.00000000e+00 0.00000000e+00
 0.00000000e+00 0.00000000e+00 0.00000000e+00 0.00000000e+00
 0.00000000e+00 0.00000000e+00 0.00000000e+00 0.00000000e+00
 0.00000000e+00 0.00000000e+00 0.00000000e+00 0.00000000e+00
 0.00000000e+00 0.00000000e+00 0.00000000e+00 0.00000000e+00
 0.00000000e+00 0.00000000e+00 0.00000000e+00 0.00000000e+00
 0.00000000e+00 0.00000000e+00 0.00000000e+00 0.00000000e+00
 0.00000000e+00 0.00000000e+00 0.00000000e+00 0.00000000e+00
 0.00000000e+00 0.00000000e+00 0.00000000e+00 0.00000000e+00
 4.24977677e-02 1.00000000e+00 7.08079367e-02 4.14563702e-02
 8.63853503e-02 0.00000000e+00 0.00000000e+00 0.00000000e+00
 0.00000000e+00 0.00000000e+00 3.36000000e-02 0.00000000e+00
 9.04392765e-02]",MathSAT,0.2103867530822754,sat,"['MathSAT', 'YICES', 'Z3', 'BOOLECTOR', 'CVC4', 'Bitwuzla']",[0.19102883338928223]
./tmp/QF_AUFBV/opStructure_O_32_16_2_2.smt2,"[0.00000000e+00 1.94300518e-03 9.99999999e-01 0.00000000e+00
 0.00000000e+00 0.00000000e+00 0.00000000e+00 4.73484848e-03
 0.00000000e+00 0.00000000e+00 0.00000000e+00 0.00000000e+00
 0.00000000e+00 0.00000000e+00 9.99999999e-01 0.00000000e+00
 0.00000000e+00 0.00000000e+00 0.00000000e+00 0.00000000e+00
 0.00000000e+00 0.00000000e+00 0.00000000e+00 0.00000000e+00
 0.00000000e+00 0.00000000e+00 0.00000000e+00 0.00000000e+00
 0.00000000e+00 0.00000000e+00 0.00000000e+00 1.17187500e+00
 9.99999999e-01 0.00000000e+00 0.00000000e+00 0.00000000e+00
 7.46117647e+00 0.00000000e+00 4.99999997e+00 0.00000000e+00
 0.00000000e+00 3.41685649e-02 0.00000000e+00 0.00000000e+00
 4.33192145e-03 0.00000000e+00 0.00000000e+00 0.00000000e+00
 7.85340314e-02 3.36511497e-02 0.00000000e+00 1.08225108e-02
 5.16351119e-02 0.00000000e+00 0.00000000e+00 6.39289678e+00
 6.18357488e+00 0.00000000e+00 2.78207110e-01 1.46982479e+00
 0.00000000e+00 0.00000000e+00 7.52941176e+00 7.41129616e+00
 0.00000000e+00 0.00000000e+00 0.00000000e+00 7.58144126e+00
 0.00000000e+00 0.00000000e+00 0.00000000e+00 0.00000000e+00
 0.00000000e+00 0.00000000e+00 0.00000000e+00 0.00000000e+00
 0.00000000e+00 0.00000000e+00 0.00000000e+00 0.00000000e+00
 0.00000000e+00 0.00000000e+00 0.00000000e+00 0.00000000e+00
 0.00000000e+00 0.00000000e+00 0.00000000e+00 0.00000000e+00
 0.00000000e+00 0.00000000e+00 0.00000000e+00 0.00000000e+00
 0.00000000e+00 0.00000000e+00 0.00000000e+00 0.00000000e+00
 0.00000000e+00 0.00000000e+00 0.00000000e+00 0.00000000e+00
 0.00000000e+00 0.00000000e+00 0.00000000e+00 0.00000000e+00
 0.00000000e+00 0.00000000e+00 0.00000000e+00 0.00000000e+00
 0.00000000e+00 0.00000000e+00 0.00000000e+00 0.00000000e+00
 0.00000000e+00 0.00000000e+00 0.00000000e+00 0.00000000e+00
 0.00000000e+00 0.00000000e+00 0.00000000e+00 0.00000000e+00
 0.00000000e+00 0.00000000e+00 0.00000000e+00 0.00000000e+00
 0.00000000e+00 0.00000000e+00 0.00000000e+00 0.00000000e+00
 0.00000000e+00 0.00000000e+00 0.00000000e+00 0.00000000e+00
 0.00000000e+00 0.00000000e+00 0.00000000e+00 0.00000000e+00
 0.00000000e+00 0.00000000e+00 0.00000000e+00 0.00000000e+00
 0.00000000e+00 0.00000000e+00 0.00000000e+00 0.00000000e+00
 0.00000000e+00 0.00000000e+00 0.00000000e+00 0.00000000e+00
 1.66676987e+00 1.00000000e+00 3.88953715e-03 1.52492400e+00
 5.96896140e-03 0.00000000e+00 0.00000000e+00 0.00000000e+00
 0.00000000e+00 0.00000000e+00 0.00000000e+00 0.00000000e+00
 0.00000000e+00]",Z3,60.03508496284485,timeout (60.0 s),"['Z3', 'BOOLECTOR', 'YICES', 'Bitwuzla', 'MathSAT', 'CVC4']",[60]
./tmp/QF_AUFBV/com.galois.ecc.P384ECC64.mod_div1.short.smt2,"[0.         0.31093611 1.         0.         0.         0.
 0.         0.27791563 0.         0.         0.         0.
 0.         0.         1.         0.         0.         0.
 0.         0.         0.         0.         0.         0.
 0.         0.         0.         0.         0.         0.
 0.         0.94117647 1.         0.         0.         0.
 0.         1.06666667 0.         0.2173913  1.33333333 0.14446953
 0.20469083 0.         0.25762455 0.         0.07312007 0.17721519
 0.56565657 1.80343369 0.         0.34451112 2.75783476 0.08080808
 0.17877095 0.0265928  0.04496186 0.         0.         0.
 0.         0.         0.         0.01543284 0.         0.
 0.         0.         0.         0.         0.00872648 0.
 0.         0.         0.         0.         0.14953271 0.
 0.         0.         0.15920398 0.         0.         0.
 0.         0.         0.         0.         0.         0.
 0.         0.         0.         0.         0.         0.
 0.         0.         0.         0.         0.         0.
 0.         0.         0.         0.         0.         0.
 0.         0.         0.         0.         0.         0.
 0.         0.         0.         0.         0.         0.
 0.         0.         0.         0.         0.         0.
 0.         0.         0.         0.         0.         0.
 0.         0.         0.         0.         0.         0.
 0.         0.         0.         0.         0.         0.
 0.         0.         0.         0.         0.25010667 1.
 0.30921805 0.10808137 0.29681703 0.         0.         0.
 0.         0.         0.17721519 0.         0.27428571]",CVC4,0.323530912399292,unsat,"['CVC4', 'BOOLECTOR', 'YICES', 'Z3', 'Bitwuzla', 'MathSAT']",[0.29802799224853516]
./tmp/QF_AUFBV/com.galois.ecc.P384ECC64.ec_mul_aux3.short.smt2,"[0.         5.25750132 1.         0.         0.         0.
 0.         5.84429066 0.         0.         0.         0.
 0.         0.         1.         0.         0.         0.
 0.         0.         0.         0.         0.         0.
 0.         0.         0.         0.         0.         0.
 0.         0.94444444 1.         0.         0.         0.
 0.         1.0625     0.         3.45887446 1.30769231 3.81085814
 3.66722408 0.         5.92813522 0.         7.8356103  3.68649318
 1.52413793 1.00304378 0.         5.9766537  1.17241379 7.21511628
 3.56512141 1.14621545 0.84318962 6.50717703 0.         0.
 0.         0.         0.0332681  0.39637306 5.33884297 0.
 0.         0.         0.         0.         0.         0.
 0.         0.         0.         0.         8.29665072 0.
 0.         0.         3.6        0.         0.         0.
 0.         0.         0.         0.         0.         0.
 0.         0.         0.         0.         0.         0.
 0.         0.         0.         0.         0.         0.
 0.         0.         0.         0.         0.         0.
 0.         0.         0.         0.         0.         0.
 0.         0.         0.         0.         0.         0.
 0.         0.         0.         0.         0.         0.
 0.         0.         0.         0.         0.         0.
 0.         0.         0.         0.         0.         0.
 0.         0.         0.         0.         0.         0.
 0.         0.         0.         0.         2.8063259  1.
 5.26016332 1.82588643 6.31291431 0.         0.         0.
 0.         0.         3.68649318 0.         6.58306316]",BOOLECTOR,0.7552511692047119,unsat,"['BOOLECTOR', 'Z3', 'MathSAT', 'CVC4', 'Bitwuzla', 'YICES']",[0.6037061214447021]
./tmp/QF_AUFBV/com.galois.ecc.P384ECC64.ec_mul_aux4.short.smt2,"[0.         4.25182604 1.         0.         0.         0.
 0.         4.60496819 0.         0.         0.         0.
 0.         0.         1.         0.         0.         0.
 0.         0.         0.         0.         0.         0.
 0.         0.         0.         0.         0.         0.
 0.         0.94736842 1.         0.         0.         0.
 0.         1.05882353 0.         3.04316547 1.28571428 3.29613734
 3.19394773 0.         4.6539517  0.         5.67898206 3.20773931
 1.48101266 1.0028742  0.         4.68213378 1.16129032 5.36326531
 3.12043796 1.13697967 0.85059978 4.98269896 0.         0.
 0.         0.         0.03515625 0.41012658 4.30188679 0.
 0.         0.         0.         0.         0.         0.
 0.         0.         0.         0.         5.90353698 0.
 0.         0.         3.14563107 0.         0.         0.
 0.         0.         0.         0.         0.         0.
 0.         0.         0.         0.         0.         0.
 0.         0.         0.         0.         0.         0.
 0.         0.         0.         0.         0.         0.
 0.         0.         0.         0.         0.         0.
 0.         0.         0.         0.         0.         0.
 0.         0.         0.         0.         0.         0.
 0.         0.         0.         0.         0.         0.
 0.         0.         0.         0.         0.         0.
 0.         0.         0.         0.         0.         0.
 0.         0.         0.         0.         2.55039054 1.
 4.25347013 1.74578529 4.87422791 0.         0.         0.
 0.         0.         3.20773931 0.         5.02458633]",Z3,0.44350194931030273,unsat,"['Z3', 'YICES', 'CVC4', 'BOOLECTOR', 'MathSAT', 'Bitwuzla']",[0.2886369228363037]
./tmp/QF_AUFBV/com.galois.ecc.P384ECC64.signHash3.short.smt2,"[0.         1.60188992 1.         0.         0.         0.
 0.         1.55867631 0.         0.         0.         0.
 0.         0.         1.         0.         0.         0.
 0.         0.         0.         0.         0.         0.
 0.         0.         0.         0.         0.         0.
 0.         0.95       1.         0.         0.         0.
 0.         1.05555555 0.         3.5329429  1.26666667 3.41197183
 3.40970655 0.         1.27293676 0.         0.42152601 3.46461282
 2.10318949 1.86400798 0.         1.22653465 1.51826484 0.07723577
 3.55192878 0.67841307 1.03814433 1.40064103 0.         0.
 0.         0.         0.         0.         1.22941176 0.
 0.         0.         0.         0.         0.0310373  0.
 0.         0.         0.         0.         0.         0.
 0.         0.         4.75       0.         0.         0.
 0.         0.         0.         0.         0.         0.
 0.         0.         0.         0.         0.         0.
 0.         0.         0.         0.         0.         0.
 0.         0.         0.         0.         0.         0.
 0.         0.         0.         0.         0.         0.
 0.         0.         0.         0.         0.         0.
 0.         0.         0.         0.         0.         0.
 0.         0.         0.         0.         0.         0.
 0.         0.         0.         0.         0.         0.
 0.         0.         0.         0.         0.         0.
 0.         0.         0.         0.         0.8780918  1.
 1.60180523 0.68553631 1.16394958 0.         0.         0.
 0.         0.         3.46461282 0.         1.11990851]",MathSAT,0.4659409523010254,unsat,"['MathSAT', 'Z3', 'CVC4', 'Bitwuzla', 'YICES', 'BOOLECTOR']",[0.3995349407196045]
./tmp/QF_AUFBV/opStructure_MBA_7.smt2,"[0.00000000e+00 1.22714443e-03 9.99999999e-01 0.00000000e+00
 0.00000000e+00 0.00000000e+00 0.00000000e+00 9.72830241e-03
 0.00000000e+00 0.00000000e+00 0.00000000e+00 0.00000000e+00
 0.00000000e+00 0.00000000e+00 9.99999999e-01 0.00000000e+00
 0.00000000e+00 0.00000000e+00 0.00000000e+00 0.00000000e+00
 0.00000000e+00 0.00000000e+00 0.00000000e+00 0.00000000e+00
 0.00000000e+00 0.00000000e+00 0.00000000e+00 0.00000000e+00
 0.00000000e+00 0.00000000e+00 0.00000000e+00 1.17647059e+00
 9.99999999e-01 0.00000000e+00 0.00000000e+00 0.00000000e+00
 1.02996255e-01 0.00000000e+00 4.99999997e+00 0.00000000e+00
 0.00000000e+00 0.00000000e+00 0.00000000e+00 0.00000000e+00
 1.70677590e-03 0.00000000e+00 0.00000000e+00 0.00000000e+00
 2.59259259e-01 1.11045013e-01 0.00000000e+00 2.21536514e-02
 1.58550396e-01 0.00000000e+00 0.00000000e+00 1.86523665e-02
 2.74536719e-02 0.00000000e+00 1.51590797e+01 1.32138026e+01
 0.00000000e+00 0.00000000e+00 4.01913876e-01 0.00000000e+00
 0.00000000e+00 0.00000000e+00 0.00000000e+00 9.82318271e-02
 0.00000000e+00 0.00000000e+00 1.17636506e+01 0.00000000e+00
 0.00000000e+00 0.00000000e+00 0.00000000e+00 0.00000000e+00
 0.00000000e+00 0.00000000e+00 0.00000000e+00 0.00000000e+00
 0.00000000e+00 0.00000000e+00 0.00000000e+00 0.00000000e+00
 0.00000000e+00 0.00000000e+00 0.00000000e+00 0.00000000e+00
 0.00000000e+00 0.00000000e+00 0.00000000e+00 0.00000000e+00
 0.00000000e+00 0.00000000e+00 0.00000000e+00 0.00000000e+00
 0.00000000e+00 0.00000000e+00 0.00000000e+00 0.00000000e+00
 0.00000000e+00 0.00000000e+00 0.00000000e+00 0.00000000e+00
 0.00000000e+00 0.00000000e+00 0.00000000e+00 0.00000000e+00
 0.00000000e+00 0.00000000e+00 0.00000000e+00 0.00000000e+00
 0.00000000e+00 0.00000000e+00 0.00000000e+00 0.00000000e+00
 0.00000000e+00 0.00000000e+00 0.00000000e+00 0.00000000e+00
 0.00000000e+00 0.00000000e+00 0.00000000e+00 0.00000000e+00
 0.00000000e+00 0.00000000e+00 0.00000000e+00 0.00000000e+00
 0.00000000e+00 0.00000000e+00 0.00000000e+00 0.00000000e+00
 0.00000000e+00 0.00000000e+00 0.00000000e+00 9.99999990e+00
 0.00000000e+00 0.00000000e+00 0.00000000e+00 0.00000000e+00
 0.00000000e+00 0.00000000e+00 0.00000000e+00 0.00000000e+00
 0.00000000e+00 0.00000000e+00 0.00000000e+00 0.00000000e+00
 7.99345177e+00 1.00000000e+00 1.22797323e-03 1.07887702e+01
 1.17577895e-02 0.00000000e+00 0.00000000e+00 0.00000000e+00
 0.00000000e+00 0.00000000e+00 0.00000000e+00 0.00000000e+00
 0.00000000e+00]",BOOLECTOR,57.565704107284546,error,"['BOOLECTOR', 'MathSAT', 'Bitwuzla', 'CVC4', 'YICES', 'Z3']",[57.35759401321411]
./tmp/QF_AUFBV/opStructure_O_16_32_2_2.smt2,"[0.00000000e+00 1.28842260e-03 9.99999999e-01 0.00000000e+00
 0.00000000e+00 0.00000000e+00 0.00000000e+00 2.91808518e-03
 0.00000000e+00 0.00000000e+00 0.00000000e+00 0.00000000e+00
 0.00000000e+00 0.00000000e+00 9.99999999e-01 0.00000000e+00
 0.00000000e+00 0.00000000e+00 0.00000000e+00 0.00000000e+00
 0.00000000e+00 0.00000000e+00 0.00000000e+00 0.00000000e+00
 0.00000000e+00 0.00000000e+00 0.00000000e+00 0.00000000e+00
 0.00000000e+00 0.00000000e+00 0.00000000e+00 1.16666667e+00
 9.99999999e-01 0.00000000e+00 0.00000000e+00 0.00000000e+00
 7.09116279e+00 0.00000000e+00 4.19999998e+00 0.00000000e+00
 0.00000000e+00 2.46189918e-02 0.00000000e+00 0.00000000e+00
 2.68782798e-03 0.00000000e+00 0.00000000e+00 0.00000000e+00
 7.74907749e-02 3.32607404e-02 0.00000000e+00 6.64399272e-03
 4.74576271e-02 0.00000000e+00 0.00000000e+00 5.53751073e+00
 5.46063992e+00 0.00000000e+00 9.66841009e-02 6.95529197e-01
 0.00000000e+00 0.00000000e+00 6.90558767e+00 6.72512516e+00
 0.00000000e+00 0.00000000e+00 0.00000000e+00 7.02745098e+00
 0.00000000e+00 0.00000000e+00 0.00000000e+00 0.00000000e+00
 0.00000000e+00 0.00000000e+00 0.00000000e+00 0.00000000e+00
 0.00000000e+00 0.00000000e+00 0.00000000e+00 0.00000000e+00
 0.00000000e+00 0.00000000e+00 0.00000000e+00 0.00000000e+00
 0.00000000e+00 0.00000000e+00 0.00000000e+00 0.00000000e+00
 0.00000000e+00 0.00000000e+00 0.00000000e+00 0.00000000e+00
 0.00000000e+00 0.00000000e+00 0.00000000e+00 0.00000000e+00
 0.00000000e+00 0.00000000e+00 0.00000000e+00 0.00000000e+00
 0.00000000e+00 0.00000000e+00 0.00000000e+00 0.00000000e+00
 0.00000000e+00 0.00000000e+00 0.00000000e+00 0.00000000e+00
 0.00000000e+00 0.00000000e+00 0.00000000e+00 0.00000000e+00
 0.00000000e+00 0.00000000e+00 0.00000000e+00 0.00000000e+00
 0.00000000e+00 0.00000000e+00 0.00000000e+00 0.00000000e+00
 0.00000000e+00 0.00000000e+00 0.00000000e+00 0.00000000e+00
 0.00000000e+00 0.00000000e+00 0.00000000e+00 0.00000000e+00
 0.00000000e+00 0.00000000e+00 0.00000000e+00 0.00000000e+00
 0.00000000e+00 0.00000000e+00 0.00000000e+00 0.00000000e+00
 0.00000000e+00 0.00000000e+00 0.00000000e+00 0.00000000e+00
 0.00000000e+00 0.00000000e+00 0.00000000e+00 0.00000000e+00
 0.00000000e+00 0.00000000e+00 0.00000000e+00 0.00000000e+00
 9.10894700e-01 1.00000000e+00 2.57842716e-03 7.36679849e-01
 3.52674448e-03 0.00000000e+00 0.00000000e+00 0.00000000e+00
 0.00000000e+00 0.00000000e+00 0.00000000e+00 0.00000000e+00
 0.00000000e+00]",CVC4,60.038105726242065,timeout (60.0 s),"['CVC4', 'Bitwuzla', 'Z3', 'BOOLECTOR', 'YICES', 'MathSAT']",[60]
./tmp/QF_AUFBV/com.galois.ecc.P384ECC64.ec_full_add1.short.smt2,"[0.         0.25745816 1.         0.         0.         0.
 0.         0.11101894 0.         0.         0.         0.
 0.         0.         1.         0.         0.         0.
 0.         0.         0.         0.         0.         0.
 0.         0.         0.         0.         0.         0.
 0.         0.93617021 1.         0.         0.         0.
 0.         2.2        0.         0.191582   1.375      0.12820513
 0.07424072 0.         0.19259071 0.         0.0230608  0.1184265
 0.89557522 0.95017996 0.         0.15206975 0.62005857 0.
 0.16200295 0.01886792 0.01674702 0.         0.         0.
 0.         0.         0.         0.         0.         0.
 0.         0.         0.         0.         0.         0.
 0.         0.         0.         0.         0.         0.
 0.         0.         0.         0.         0.         0.
 0.         0.         0.         0.         0.         0.
 0.         0.         0.         0.         0.         0.
 0.         0.         0.         0.         0.         0.
 0.         0.         0.         0.         0.         0.
 0.         0.         0.         0.         0.         0.
 0.         0.         0.         0.         0.         0.
 0.         0.         0.         0.         0.         0.
 0.         0.         0.         0.         0.         0.
 0.         0.         0.         0.         0.         0.
 0.         0.         0.         0.         0.         0.
 0.         0.         0.         0.         0.08919894 1.
 0.25629513 0.05768584 0.10479692 0.         0.         0.
 0.         0.         0.1184265  0.         0.06560828]",Bitwuzla,0.08599185943603516,unsat,"['Bitwuzla', 'BOOLECTOR', 'MathSAT', 'Z3', 'CVC4', 'YICES']",[0.061296939849853516]
./tmp/QF_AUFBV/com.galois.ecc.P384ECC64.ec_full_add2.short.smt2,"[0.         0.46593002 1.         0.         0.         0.
 0.         0.34763072 0.         0.         0.         0.
 0.         0.         1.         0.         0.         0.
 0.         0.         0.         0.         0.         0.
 0.         0.         0.         0.         0.         0.
 0.         0.93877551 1.         0.         0.         0.
 0.         1.09523809 0.         0.58557284 1.35294117 0.47260274
 0.7508161  0.         0.39857873 0.         0.10968703 0.60282258
 0.89965986 1.14275428 0.         0.33119145 0.99089317 0.27710843
 0.56178161 0.07079343 0.17375976 0.         0.         0.
 0.         0.         0.         0.         0.         0.
 0.         0.         0.         0.         0.         0.
 0.         0.         0.         0.         0.         0.
 0.         0.         0.         0.         0.         0.
 0.         0.         0.         0.         0.         0.
 0.         0.         0.         0.         0.         0.
 0.         0.         0.         0.         0.         0.
 0.         0.         0.         0.         0.         0.
 0.         0.         0.         0.         0.         0.
 0.         0.         0.         0.         0.         0.
 0.         0.         0.         0.         0.         0.
 0.         0.         0.         0.         0.         0.
 0.         0.         0.         0.         0.         0.
 0.         0.         0.         0.         0.         0.
 0.         0.         0.         0.         0.16618171 1.
 0.46489507 0.10079121 0.29037049 0.         0.         0.
 0.         0.         0.60282258 0.         0.25930101]",CVC4,0.7761130332946777,unsat,"['CVC4', 'Z3', 'Bitwuzla', 'BOOLECTOR', 'YICES', 'MathSAT']",[0.7478580474853516]
./tmp/QF_AUFBV/com.galois.ecc.P384ECC64.group_red1.short.smt2,"[0.00000000e+00 2.83198309e-01 9.99999999e-01 0.00000000e+00
 0.00000000e+00 0.00000000e+00 0.00000000e+00 3.19226119e-01
 0.00000000e+00 0.00000000e+00 0.00000000e+00 0.00000000e+00
 0.00000000e+00 0.00000000e+00 9.99999999e-01 0.00000000e+00
 0.00000000e+00 0.00000000e+00 0.00000000e+00 0.00000000e+00
 0.00000000e+00 0.00000000e+00 0.00000000e+00 0.00000000e+00
 0.00000000e+00 0.00000000e+00 0.00000000e+00 0.00000000e+00
 0.00000000e+00 0.00000000e+00 0.00000000e+00 9.41176470e-01
 9.99999999e-01 0.00000000e+00 0.00000000e+00 0.00000000e+00
 0.00000000e+00 1.09090909e+00 0.00000000e+00 3.34728033e-01
 1.33333333e+00 3.24324324e-01 5.11182109e-01 0.00000000e+00
 2.44827444e-01 0.00000000e+00 8.55360855e-02 3.90321301e-01
 4.07470289e-02 6.89283791e-02 0.00000000e+00 2.99082569e-01
 9.21144452e-02 1.36363636e+00 3.06382979e-01 4.91467577e-02
 1.20270609e-01 1.17073171e+00 1.01554632e-03 0.00000000e+00
 0.00000000e+00 0.00000000e+00 0.00000000e+00 0.00000000e+00
 0.00000000e+00 0.00000000e+00 0.00000000e+00 0.00000000e+00
 0.00000000e+00 0.00000000e+00 3.22472288e-02 0.00000000e+00
 0.00000000e+00 0.00000000e+00 0.00000000e+00 0.00000000e+00
 0.00000000e+00 7.99999994e+00 0.00000000e+00 0.00000000e+00
 1.15942029e-01 0.00000000e+00 0.00000000e+00 0.00000000e+00
 0.00000000e+00 0.00000000e+00 0.00000000e+00 0.00000000e+00
 0.00000000e+00 0.00000000e+00 0.00000000e+00 0.00000000e+00
 0.00000000e+00 0.00000000e+00 0.00000000e+00 0.00000000e+00
 0.00000000e+00 0.00000000e+00 0.00000000e+00 0.00000000e+00
 0.00000000e+00 0.00000000e+00 0.00000000e+00 0.00000000e+00
 0.00000000e+00 0.00000000e+00 0.00000000e+00 0.00000000e+00
 0.00000000e+00 0.00000000e+00 0.00000000e+00 0.00000000e+00
 0.00000000e+00 0.00000000e+00 0.00000000e+00 0.00000000e+00
 0.00000000e+00 0.00000000e+00 0.00000000e+00 0.00000000e+00
 0.00000000e+00 0.00000000e+00 0.00000000e+00 0.00000000e+00
 0.00000000e+00 0.00000000e+00 0.00000000e+00 0.00000000e+00
 0.00000000e+00 0.00000000e+00 0.00000000e+00 0.00000000e+00
 0.00000000e+00 0.00000000e+00 0.00000000e+00 0.00000000e+00
 0.00000000e+00 0.00000000e+00 0.00000000e+00 0.00000000e+00
 0.00000000e+00 0.00000000e+00 0.00000000e+00 0.00000000e+00
 0.00000000e+00 0.00000000e+00 0.00000000e+00 0.00000000e+00
 9.56201925e-02 1.00000000e+00 2.82004583e-01 6.39826246e-02
 3.05010183e-01 0.00000000e+00 0.00000000e+00 0.00000000e+00
 0.00000000e+00 0.00000000e+00 3.90321301e-01 0.00000000e+00
 3.18329625e-01]",YICES,1.4112341403961182,unsat,"['YICES', 'CVC4', 'MathSAT', 'Z3', 'Bitwuzla', 'BOOLECTOR']",[1.388655185699463]
./tmp/QF_AUFBV/opStructure_NPT_2.smt2,"[0.         0.00146757 1.         0.         0.         0.
 0.         0.00335841 0.         0.         0.         0.
 0.         0.         1.         0.         0.         0.
 0.         0.         0.         0.         0.         0.
 0.         0.         0.         0.         0.         0.
 0.         1.1682243  1.         0.         0.         0.
 0.07727975 0.         0.         0.         0.         0.02812148
 0.         0.         0.00205651 0.         0.         0.
 0.08460237 0.03584872 0.         0.00764292 0.05222841 0.
 0.         0.         0.         0.         0.00380772 0.00760109
 0.         0.         0.         0.03515076 0.         0.
 0.         0.         0.         0.         0.         0.
 0.         0.         0.         0.         0.         0.
 0.         0.         0.         0.         0.         0.
 0.         0.         0.         0.         0.         0.
 0.         0.         0.         0.         0.         0.
 0.         0.         0.         0.         0.         0.
 0.         0.         0.         0.         0.         0.
 0.         0.         0.         0.         0.         0.
 0.         0.         0.         0.         0.         0.
 0.         0.         0.         0.         0.         0.
 0.         0.         0.         0.         0.         0.
 0.         0.         0.         0.         0.         0.
 0.         0.         0.         0.         0.         0.
 0.         0.         0.         0.         0.00963542 1.
 0.0029372  0.00689661 0.00407266 0.         0.         0.
 0.         0.         0.         0.         0.        ]",YICES,0.16932296752929688,sat,"['YICES', 'CVC4', 'BOOLECTOR', 'MathSAT', 'Bitwuzla', 'Z3']",[0.15368890762329102]
./tmp/QF_AUFBV/com.galois.ecc.P384ECC64.mod_div14.short.smt2,"[0.         0.23893445 1.         0.         0.         0.
 0.         0.20273242 0.         0.         0.         0.
 0.         0.         1.         0.         0.         0.
 0.         0.         0.         0.         0.         0.
 0.         0.         0.         0.         0.         0.
 0.         0.93693694 1.         0.         0.         0.
 0.         1.13043478 0.         0.21576763 1.36842105 0.14541387
 0.16507937 0.         0.18580529 0.         0.04624963 0.1639732
 0.60165289 1.90465116 0.         0.24604436 2.83870968 0.04914934
 0.18309859 0.03102096 0.04552276 0.         0.         0.
 0.         0.         0.         0.01623731 0.         0.
 0.         0.         0.         0.         0.00873069 0.
 0.         0.         0.         0.         0.08333333 0.
 0.         0.         0.18705036 0.         0.         0.
 0.         0.         0.         0.         0.         0.
 0.         0.         0.         0.         0.         0.
 0.         0.         0.         0.         0.         0.
 0.         0.         0.         0.         0.         0.
 0.         0.         0.         0.         0.         0.
 0.         0.         0.         0.         0.         0.
 0.         0.         0.         0.         0.         0.
 0.         0.         0.         0.         0.         0.
 0.         0.         0.         0.         0.         0.
 0.         0.         0.         0.         0.         0.
 0.         0.         0.         0.         0.15584911 1.
 0.23760186 0.06151429 0.20589899 0.         0.         0.
 0.         0.         0.1639732  0.         0.1855565 ]",YICES,0.12405133247375488,unsat,"['YICES', 'MathSAT', 'CVC4', 'Bitwuzla', 'Z3', 'BOOLECTOR']",[0.1003720760345459]
./tmp/QF_AUFBV/com.galois.ecc.P384ECC64.ec_twin_mul_aux11.short.smt2,"[0.         1.94949004 1.         0.         0.         0.
 0.         1.92355781 0.         0.         0.         0.
 0.         0.         1.         0.         0.         0.
 0.         0.         0.         0.         0.         0.
 0.         0.         0.         0.         0.         0.
 0.         0.93913043 1.         0.         0.         0.
 0.         1.125      0.         3.07720588 1.35       2.71629779
 4.25935829 0.         1.81905778 0.         0.66367843 3.42842395
 2.0610687  1.57133917 0.         1.60892781 1.17739543 5.87130177
 3.09725686 0.45248869 1.14467066 0.16363636 0.         0.
 0.         0.         0.         0.         0.         0.
 0.         0.         0.         0.         0.         0.
 0.         0.         0.         0.         0.         0.
 0.         0.         0.         0.         0.         0.
 0.         0.         0.         0.         0.         0.
 0.         0.         0.         0.         0.         0.
 0.         0.         0.         0.         0.         0.
 0.         0.         0.         0.         0.         0.
 0.         0.         0.         0.         0.         0.
 0.         0.         0.         0.         0.         0.
 0.         0.         0.         0.         0.         0.
 0.         0.         0.         0.         0.         0.
 0.         0.         0.         0.         0.         0.
 0.         0.         0.         0.         0.         0.
 0.         0.         0.         0.         0.66088379 1.
 1.94950586 0.43999249 1.5989813  0.         0.         0.
 0.         0.         3.42842395 0.         1.57476598]",YICES,0.2579166889190674,unsat,"['YICES', 'Bitwuzla', 'CVC4', 'BOOLECTOR', 'MathSAT', 'Z3']",[0.1915738582611084]
./tmp/QF_AUFBV/com.galois.ecc.P384ECC64.signHash5.short.smt2,"[0.         1.75079678 1.         0.         0.         0.
 0.         1.69647633 0.         0.         0.         0.
 0.         0.         1.         0.         0.         0.
 0.         0.         0.         0.         0.         0.
 0.         0.         0.         0.         0.         0.
 0.         0.94117647 1.         0.         0.         0.
 0.         1.12       0.         3.66773163 1.33333333 3.4784141
 2.78651685 0.         1.41159452 0.         0.48145517 3.29061646
 2.31372549 2.00116212 0.         1.37972113 1.64199944 0.08259587
 3.6969697  0.64636542 0.80762968 1.82436261 0.         0.
 0.         0.         0.         0.         1.70165746 0.
 0.         0.         0.         0.         0.01879195 0.
 0.         0.         0.         0.         0.         0.
 0.         0.         5.06090373 0.         0.         0.
 0.         0.         0.         0.         0.         0.
 0.         0.         0.         0.         0.         0.
 0.         0.         0.         0.         0.         0.
 0.         0.         0.         0.         0.         0.
 0.         0.         0.         0.         0.         0.
 0.         0.         0.         0.         0.         0.
 0.         0.         0.         0.         0.         0.
 0.         0.         0.         0.         0.         0.
 0.         0.         0.         0.         0.         0.
 0.         0.         0.         0.         0.         0.
 0.         0.         0.         0.         0.62582396 1.
 1.75070879 0.3863283  1.30298637 0.         0.         0.
 0.         0.         3.29061646 0.         1.24782143]",CVC4,1.8223233222961426,unsat,"['CVC4', 'Bitwuzla', 'MathSAT', 'Z3', 'YICES', 'BOOLECTOR']",[1.7591361999511719]
./tmp/QF_AUFBV/opStructure_NPT_1.smt2,"[0.         0.00146702 1.         0.         0.         0.
 0.         0.00337209 0.         0.         0.         0.
 0.         0.         1.         0.         0.         0.
 0.         0.         0.         0.         0.         0.
 0.         0.         0.         0.         0.         0.
 0.         1.16935484 1.         0.         0.         0.
 0.15159902 0.         0.         0.         0.         0.02552817
 0.         0.         0.00209742 0.         0.         0.
 0.08100559 0.03366222 0.         0.00784951 0.0485085  0.
 0.         0.         0.         0.         0.00735972 0.01498161
 0.         0.         0.         0.06775701 0.         0.
 0.         0.         0.         0.         0.         0.
 0.         0.         0.         0.         0.         0.
 0.         0.         0.         0.         0.         0.
 0.         0.         0.         0.         0.         0.
 0.         0.         0.         0.         0.         0.
 0.         0.         0.         0.         0.         0.
 0.         0.         0.         0.         0.         0.
 0.         0.         0.         0.         0.         0.
 0.         0.         0.         0.         0.         0.
 0.         0.         0.         0.         0.         0.
 0.         0.         0.         0.         0.         0.
 0.         0.         0.         0.         0.         0.
 0.         0.         0.         0.         0.         0.
 0.         0.         0.         0.         0.01472867 1.
 0.00293611 0.01086077 0.00420351 0.         0.         0.
 0.         0.         0.         0.         0.        ]",YICES,60.017847776412964,timeout (60.0 s),"['YICES', 'MathSAT', 'Bitwuzla', 'Z3', 'BOOLECTOR', 'CVC4']",[60]
./tmp/QF_AUFBV/com.galois.ecc.P384ECC64.ec_twin_mul_aux1.short.smt2,"[0.         1.90182886 1.         0.         0.         0.
 0.         1.88164133 0.         0.         0.         0.
 0.         0.         1.         0.         0.         0.
 0.         0.         0.         0.         0.         0.
 0.         0.         0.         0.         0.         0.
 0.         0.9375     1.         0.         0.         0.
 0.         1.15384615 0.         2.70348837 1.36363636 2.42718447
 3.73155306 0.         1.80375229 0.         0.70764534 3.02293829
 1.95822454 1.53634361 0.         1.60806916 1.1810391  5.34545455
 2.71653543 0.48324742 1.18632708 0.16901408 0.         0.
 0.         0.         0.         0.         0.         0.
 0.         0.         0.         0.         0.         0.
 0.         0.         0.         0.         0.         0.
 0.         0.         0.         0.         0.         0.
 0.         0.         0.         0.         0.         0.
 0.         0.         0.         0.         0.         0.
 0.         0.         0.         0.         0.         0.
 0.         0.         0.         0.         0.         0.
 0.         0.         0.         0.         0.         0.
 0.         0.         0.         0.         0.         0.
 0.         0.         0.         0.         0.         0.
 0.         0.         0.         0.         0.         0.
 0.         0.         0.         0.         0.         0.
 0.         0.         0.         0.         0.         0.
 0.         0.         0.         0.         0.70077699 1.
 1.90175904 0.47433442 1.60321054 0.         0.         0.
 0.         0.         3.02293829 0.         1.58352038]",CVC4,0.678037166595459,unsat,"['CVC4', 'Z3', 'Bitwuzla', 'YICES', 'BOOLECTOR', 'MathSAT']",[0.593419075012207]
./tmp/QF_AUFBV/com.galois.ecc.P384ECC64.mul_inner3.short.smt2,"[0.00000000e+00 1.97024622e-01 9.99999999e-01 0.00000000e+00
 0.00000000e+00 0.00000000e+00 0.00000000e+00 1.42926882e-01
 0.00000000e+00 0.00000000e+00 0.00000000e+00 0.00000000e+00
 0.00000000e+00 0.00000000e+00 9.99999999e-01 0.00000000e+00
 0.00000000e+00 0.00000000e+00 0.00000000e+00 0.00000000e+00
 0.00000000e+00 0.00000000e+00 0.00000000e+00 0.00000000e+00
 0.00000000e+00 0.00000000e+00 0.00000000e+00 0.00000000e+00
 0.00000000e+00 0.00000000e+00 0.00000000e+00 9.39393939e-01
 9.99999999e-01 0.00000000e+00 0.00000000e+00 0.00000000e+00
 0.00000000e+00 1.14814815e+00 0.00000000e+00 1.79190751e-01
 1.34782609e+00 2.48796148e-01 1.51748252e-01 0.00000000e+00
 1.49940808e-01 0.00000000e+00 6.01024789e-02 1.85124864e-01
 1.61038961e-01 3.41865214e-01 3.09999995e+01 1.44250382e-01
 1.89779079e-01 1.08771930e+00 1.51811949e-01 6.47805819e-02
 4.84050859e-02 0.00000000e+00 1.04893626e-03 9.42020177e-04
 0.00000000e+00 0.00000000e+00 0.00000000e+00 0.00000000e+00
 0.00000000e+00 0.00000000e+00 0.00000000e+00 0.00000000e+00
 0.00000000e+00 0.00000000e+00 0.00000000e+00 0.00000000e+00
 0.00000000e+00 0.00000000e+00 0.00000000e+00 0.00000000e+00
 0.00000000e+00 1.54999999e+01 0.00000000e+00 0.00000000e+00
 0.00000000e+00 0.00000000e+00 0.00000000e+00 0.00000000e+00
 2.41111111e+01 0.00000000e+00 0.00000000e+00 0.00000000e+00
 0.00000000e+00 0.00000000e+00 0.00000000e+00 0.00000000e+00
 0.00000000e+00 0.00000000e+00 0.00000000e+00 0.00000000e+00
 0.00000000e+00 0.00000000e+00 0.00000000e+00 0.00000000e+00
 0.00000000e+00 0.00000000e+00 0.00000000e+00 0.00000000e+00
 0.00000000e+00 0.00000000e+00 0.00000000e+00 0.00000000e+00
 0.00000000e+00 0.00000000e+00 0.00000000e+00 0.00000000e+00
 0.00000000e+00 0.00000000e+00 0.00000000e+00 0.00000000e+00
 0.00000000e+00 0.00000000e+00 0.00000000e+00 0.00000000e+00
 0.00000000e+00 0.00000000e+00 0.00000000e+00 0.00000000e+00
 0.00000000e+00 0.00000000e+00 0.00000000e+00 0.00000000e+00
 0.00000000e+00 0.00000000e+00 0.00000000e+00 0.00000000e+00
 0.00000000e+00 0.00000000e+00 0.00000000e+00 0.00000000e+00
 0.00000000e+00 0.00000000e+00 0.00000000e+00 0.00000000e+00
 0.00000000e+00 0.00000000e+00 0.00000000e+00 0.00000000e+00
 0.00000000e+00 0.00000000e+00 0.00000000e+00 0.00000000e+00
 7.80988120e-02 1.00000000e+00 1.95712603e-01 5.93811974e-02
 1.31293121e-01 0.00000000e+00 0.00000000e+00 0.00000000e+00
 0.00000000e+00 0.00000000e+00 1.85124864e-01 0.00000000e+00
 1.29641647e-01]",Z3,0.10818076133728027,sat,"['Z3', 'Bitwuzla', 'MathSAT', 'BOOLECTOR', 'CVC4', 'YICES']",[0.08489203453063965]
./tmp/QF_AUFBV/com.galois.ecc.P384ECC64.sq_inner13.short.smt2,"[0.00000000e+00 4.51318697e-02 9.99999999e-01 0.00000000e+00
 0.00000000e+00 0.00000000e+00 0.00000000e+00 4.16034670e-02
 0.00000000e+00 0.00000000e+00 0.00000000e+00 0.00000000e+00
 0.00000000e+00 0.00000000e+00 9.99999999e-01 0.00000000e+00
 0.00000000e+00 0.00000000e+00 0.00000000e+00 0.00000000e+00
 0.00000000e+00 0.00000000e+00 0.00000000e+00 0.00000000e+00
 0.00000000e+00 0.00000000e+00 0.00000000e+00 0.00000000e+00
 0.00000000e+00 0.00000000e+00 0.00000000e+00 9.41176470e-01
 9.99999999e-01 0.00000000e+00 0.00000000e+00 0.00000000e+00
 0.00000000e+00 1.14285714e+00 0.00000000e+00 6.15384615e-02
 1.33333333e+00 5.12820513e-02 0.00000000e+00 0.00000000e+00
 3.24379118e-02 0.00000000e+00 1.77162630e-02 2.60374288e-02
 4.15045396e-02 1.43128219e-01 0.00000000e+00 5.09132565e-02
 1.94708995e-01 7.46791132e-02 3.13111546e-02 1.54241645e-02
 0.00000000e+00 8.98876404e-02 2.70690939e-04 0.00000000e+00
 0.00000000e+00 0.00000000e+00 1.02728732e-02 4.98364741e-03
 0.00000000e+00 0.00000000e+00 0.00000000e+00 0.00000000e+00
 0.00000000e+00 0.00000000e+00 0.00000000e+00 0.00000000e+00
 0.00000000e+00 0.00000000e+00 0.00000000e+00 0.00000000e+00
 2.03821656e-01 4.57142855e+00 0.00000000e+00 0.00000000e+00
 0.00000000e+00 0.00000000e+00 0.00000000e+00 0.00000000e+00
 5.81818181e+00 0.00000000e+00 0.00000000e+00 0.00000000e+00
 0.00000000e+00 0.00000000e+00 0.00000000e+00 0.00000000e+00
 0.00000000e+00 0.00000000e+00 0.00000000e+00 0.00000000e+00
 0.00000000e+00 0.00000000e+00 0.00000000e+00 0.00000000e+00
 0.00000000e+00 0.00000000e+00 0.00000000e+00 0.00000000e+00
 0.00000000e+00 0.00000000e+00 0.00000000e+00 0.00000000e+00
 0.00000000e+00 0.00000000e+00 0.00000000e+00 0.00000000e+00
 0.00000000e+00 0.00000000e+00 0.00000000e+00 0.00000000e+00
 0.00000000e+00 0.00000000e+00 0.00000000e+00 0.00000000e+00
 0.00000000e+00 0.00000000e+00 0.00000000e+00 0.00000000e+00
 0.00000000e+00 0.00000000e+00 0.00000000e+00 0.00000000e+00
 0.00000000e+00 0.00000000e+00 0.00000000e+00 0.00000000e+00
 0.00000000e+00 0.00000000e+00 0.00000000e+00 0.00000000e+00
 0.00000000e+00 0.00000000e+00 0.00000000e+00 0.00000000e+00
 0.00000000e+00 0.00000000e+00 0.00000000e+00 0.00000000e+00
 0.00000000e+00 0.00000000e+00 0.00000000e+00 0.00000000e+00
 2.45629142e-02 1.00000000e+00 4.36623694e-02 2.35271251e-02
 4.36591855e-02 0.00000000e+00 0.00000000e+00 0.00000000e+00
 0.00000000e+00 0.00000000e+00 2.60374288e-02 0.00000000e+00
 4.37788018e-02]",CVC4,0.14519000053405762,sat,"['CVC4', 'YICES', 'MathSAT', 'Z3', 'BOOLECTOR', 'Bitwuzla']",[0.1287679672241211]
./tmp/QF_AUFBV/com.galois.ecc.P384ECC64.sq_inner12.short.smt2,"[0.00000000e+00 1.08242350e-01 9.99999999e-01 0.00000000e+00
 0.00000000e+00 0.00000000e+00 0.00000000e+00 4.46307817e-02
 0.00000000e+00 0.00000000e+00 0.00000000e+00 0.00000000e+00
 0.00000000e+00 0.00000000e+00 9.99999999e-01 0.00000000e+00
 0.00000000e+00 0.00000000e+00 0.00000000e+00 0.00000000e+00
 0.00000000e+00 0.00000000e+00 0.00000000e+00 0.00000000e+00
 0.00000000e+00 0.00000000e+00 0.00000000e+00 0.00000000e+00
 0.00000000e+00 0.00000000e+00 0.00000000e+00 9.42857143e-01
 9.99999999e-01 0.00000000e+00 0.00000000e+00 0.00000000e+00
 0.00000000e+00 1.13793103e+00 0.00000000e+00 6.33397313e-02
 1.32000000e+00 5.28000000e-02 0.00000000e+00 0.00000000e+00
 7.78695432e-02 0.00000000e+00 1.82597870e-02 2.68292683e-02
 1.27906977e-01 3.23312307e-01 1.09999999e+01 5.87002096e-02
 1.99579280e-01 1.04406780e+00 3.22580645e-02 1.58985065e-02
 0.00000000e+00 0.00000000e+00 2.79147669e-04 0.00000000e+00
 0.00000000e+00 0.00000000e+00 1.05905006e-02 0.00000000e+00
 0.00000000e+00 0.00000000e+00 0.00000000e+00 0.00000000e+00
 0.00000000e+00 0.00000000e+00 0.00000000e+00 0.00000000e+00
 0.00000000e+00 0.00000000e+00 0.00000000e+00 0.00000000e+00
 1.04761905e-01 4.12499998e+00 0.00000000e+00 0.00000000e+00
 0.00000000e+00 0.00000000e+00 0.00000000e+00 0.00000000e+00
 5.07692307e+00 0.00000000e+00 0.00000000e+00 0.00000000e+00
 0.00000000e+00 0.00000000e+00 0.00000000e+00 0.00000000e+00
 0.00000000e+00 0.00000000e+00 0.00000000e+00 0.00000000e+00
 0.00000000e+00 0.00000000e+00 0.00000000e+00 0.00000000e+00
 0.00000000e+00 0.00000000e+00 0.00000000e+00 0.00000000e+00
 0.00000000e+00 0.00000000e+00 0.00000000e+00 0.00000000e+00
 0.00000000e+00 0.00000000e+00 0.00000000e+00 0.00000000e+00
 0.00000000e+00 0.00000000e+00 0.00000000e+00 0.00000000e+00
 0.00000000e+00 0.00000000e+00 0.00000000e+00 0.00000000e+00
 0.00000000e+00 0.00000000e+00 0.00000000e+00 0.00000000e+00
 0.00000000e+00 0.00000000e+00 0.00000000e+00 0.00000000e+00
 0.00000000e+00 0.00000000e+00 0.00000000e+00 0.00000000e+00
 0.00000000e+00 0.00000000e+00 0.00000000e+00 0.00000000e+00
 0.00000000e+00 0.00000000e+00 0.00000000e+00 0.00000000e+00
 0.00000000e+00 0.00000000e+00 0.00000000e+00 0.00000000e+00
 0.00000000e+00 0.00000000e+00 0.00000000e+00 0.00000000e+00
 4.53846811e-02 1.00000000e+00 1.06786100e-01 3.85793872e-02
 4.72070845e-02 0.00000000e+00 0.00000000e+00 0.00000000e+00
 0.00000000e+00 0.00000000e+00 2.68292683e-02 0.00000000e+00
 4.27153747e-02]",YICES,0.16329193115234375,sat,"['YICES', 'BOOLECTOR', 'Bitwuzla', 'MathSAT', 'CVC4', 'Z3']",[0.1454761028289795]
./tmp/QF_AUFBV/com.galois.ecc.P384ECC64.sq_inner22.short.smt2,"[0.00000000e+00 1.20651819e-01 9.99999999e-01 0.00000000e+00
 0.00000000e+00 0.00000000e+00 0.00000000e+00 5.87568181e-02
 0.00000000e+00 0.00000000e+00 0.00000000e+00 0.00000000e+00
 0.00000000e+00 0.00000000e+00 9.99999999e-01 0.00000000e+00
 0.00000000e+00 0.00000000e+00 0.00000000e+00 0.00000000e+00
 0.00000000e+00 0.00000000e+00 0.00000000e+00 0.00000000e+00
 0.00000000e+00 0.00000000e+00 0.00000000e+00 0.00000000e+00
 0.00000000e+00 0.00000000e+00 0.00000000e+00 9.44444444e-01
 9.99999999e-01 0.00000000e+00 0.00000000e+00 0.00000000e+00
 0.00000000e+00 1.13333333e+00 0.00000000e+00 6.51340996e-02
 1.30769231e+00 5.43130990e-02 0.00000000e+00 0.00000000e+00
 8.68834269e-02 0.00000000e+00 1.88027098e-02 2.76198213e-02
 1.31274131e-01 3.29877725e-01 8.49999993e+00 7.75812892e-02
 2.04391009e-01 1.04271632e+00 3.32031250e-02 3.27290229e-02
 0.00000000e+00 0.00000000e+00 5.75203647e-04 1.03315203e-03
 0.00000000e+00 0.00000000e+00 1.09079243e-02 0.00000000e+00
 0.00000000e+00 0.00000000e+00 0.00000000e+00 0.00000000e+00
 0.00000000e+00 0.00000000e+00 0.00000000e+00 0.00000000e+00
 0.00000000e+00 0.00000000e+00 0.00000000e+00 0.00000000e+00
 1.07594937e-01 6.79999998e+00 0.00000000e+00 0.00000000e+00
 0.00000000e+00 0.00000000e+00 0.00000000e+00 0.00000000e+00
 4.53333333e+00 0.00000000e+00 0.00000000e+00 0.00000000e+00
 0.00000000e+00 0.00000000e+00 0.00000000e+00 0.00000000e+00
 0.00000000e+00 0.00000000e+00 0.00000000e+00 0.00000000e+00
 0.00000000e+00 0.00000000e+00 0.00000000e+00 0.00000000e+00
 0.00000000e+00 0.00000000e+00 0.00000000e+00 0.00000000e+00
 0.00000000e+00 0.00000000e+00 0.00000000e+00 0.00000000e+00
 0.00000000e+00 0.00000000e+00 0.00000000e+00 0.00000000e+00
 0.00000000e+00 0.00000000e+00 0.00000000e+00 0.00000000e+00
 0.00000000e+00 0.00000000e+00 0.00000000e+00 0.00000000e+00
 0.00000000e+00 0.00000000e+00 0.00000000e+00 0.00000000e+00
 0.00000000e+00 0.00000000e+00 0.00000000e+00 0.00000000e+00
 0.00000000e+00 0.00000000e+00 0.00000000e+00 0.00000000e+00
 0.00000000e+00 0.00000000e+00 0.00000000e+00 0.00000000e+00
 0.00000000e+00 0.00000000e+00 0.00000000e+00 0.00000000e+00
 0.00000000e+00 0.00000000e+00 0.00000000e+00 0.00000000e+00
 0.00000000e+00 0.00000000e+00 0.00000000e+00 0.00000000e+00
 5.04847078e-02 1.00000000e+00 1.19170016e-01 4.22787531e-02
 6.47266794e-02 0.00000000e+00 0.00000000e+00 0.00000000e+00
 0.00000000e+00 0.00000000e+00 2.76198213e-02 0.00000000e+00
 6.10150025e-02]",Z3,0.10607481002807617,sat,"['Z3', 'MathSAT', 'CVC4', 'Bitwuzla', 'YICES', 'BOOLECTOR']",[0.08736896514892578]
./tmp/QF_AUFBV/opStructure_O_32_32_2_2.smt2,"[0.00000000e+00 1.63413951e-03 9.99999999e-01 0.00000000e+00
 0.00000000e+00 0.00000000e+00 0.00000000e+00 3.77990172e-03
 0.00000000e+00 0.00000000e+00 0.00000000e+00 0.00000000e+00
 0.00000000e+00 0.00000000e+00 9.99999999e-01 0.00000000e+00
 0.00000000e+00 0.00000000e+00 0.00000000e+00 0.00000000e+00
 0.00000000e+00 0.00000000e+00 0.00000000e+00 0.00000000e+00
 0.00000000e+00 0.00000000e+00 0.00000000e+00 0.00000000e+00
 0.00000000e+00 0.00000000e+00 0.00000000e+00 1.17449664e+00
 9.99999999e-01 0.00000000e+00 0.00000000e+00 0.00000000e+00
 1.37847158e+01 0.00000000e+00 5.83333330e+00 0.00000000e+00
 0.00000000e+00 2.79329609e-02 0.00000000e+00 0.00000000e+00
 3.53012372e-03 0.00000000e+00 0.00000000e+00 0.00000000e+00
 8.98587933e-02 3.71747212e-02 0.00000000e+00 8.87142767e-03
 5.48016701e-02 0.00000000e+00 0.00000000e+00 1.15550779e+01
 1.09753483e+01 0.00000000e+00 3.09872144e-01 2.11167266e+00
 0.00000000e+00 0.00000000e+00 1.38780252e+01 1.36292316e+01
 0.00000000e+00 0.00000000e+00 0.00000000e+00 1.40328896e+01
 0.00000000e+00 0.00000000e+00 0.00000000e+00 0.00000000e+00
 0.00000000e+00 0.00000000e+00 0.00000000e+00 0.00000000e+00
 0.00000000e+00 0.00000000e+00 0.00000000e+00 0.00000000e+00
 0.00000000e+00 0.00000000e+00 0.00000000e+00 0.00000000e+00
 0.00000000e+00 0.00000000e+00 0.00000000e+00 0.00000000e+00
 0.00000000e+00 0.00000000e+00 0.00000000e+00 0.00000000e+00
 0.00000000e+00 0.00000000e+00 0.00000000e+00 0.00000000e+00
 0.00000000e+00 0.00000000e+00 0.00000000e+00 0.00000000e+00
 0.00000000e+00 0.00000000e+00 0.00000000e+00 0.00000000e+00
 0.00000000e+00 0.00000000e+00 0.00000000e+00 0.00000000e+00
 0.00000000e+00 0.00000000e+00 0.00000000e+00 0.00000000e+00
 0.00000000e+00 0.00000000e+00 0.00000000e+00 0.00000000e+00
 0.00000000e+00 0.00000000e+00 0.00000000e+00 0.00000000e+00
 0.00000000e+00 0.00000000e+00 0.00000000e+00 0.00000000e+00
 0.00000000e+00 0.00000000e+00 0.00000000e+00 0.00000000e+00
 0.00000000e+00 0.00000000e+00 0.00000000e+00 0.00000000e+00
 0.00000000e+00 0.00000000e+00 0.00000000e+00 0.00000000e+00
 0.00000000e+00 0.00000000e+00 0.00000000e+00 0.00000000e+00
 0.00000000e+00 0.00000000e+00 0.00000000e+00 0.00000000e+00
 0.00000000e+00 0.00000000e+00 0.00000000e+00 0.00000000e+00
 2.52001569e+00 1.00000000e+00 3.27102804e-03 2.14469712e+00
 4.75866757e-03 0.00000000e+00 0.00000000e+00 0.00000000e+00
 0.00000000e+00 0.00000000e+00 0.00000000e+00 0.00000000e+00
 0.00000000e+00]",YICES,20.105692148208618,error,"['YICES', 'BOOLECTOR', 'MathSAT', 'CVC4', 'Z3', 'Bitwuzla']",[20.031267166137695]
./tmp/QF_AUFBV/com.galois.ecc.P384ECC64.mod_div10.short.smt2,"[0.         0.21718953 1.         0.         0.         0.
 0.         0.17218401 0.         0.         0.         0.
 0.         0.         1.         0.         0.         0.
 0.         0.         0.         0.         0.         0.
 0.         0.         0.         0.         0.         0.
 0.         0.94117647 1.         0.         0.         0.
 0.         1.16129032 0.         0.10315186 1.33333333 0.05737052
 0.12543554 0.         0.17104999 0.         0.04473902 0.08752026
 0.63556116 1.93567839 0.         0.23569405 2.94176851 0.
 0.07017544 0.01160292 0.02753978 0.         0.         0.
 0.         0.         0.         0.01026714 0.         0.
 0.         0.         0.         0.         0.00805189 0.
 0.         0.         0.         0.         0.         0.
 0.         0.         0.1409002  0.         0.         0.
 0.         0.         0.         0.         0.         0.
 0.         0.         0.         0.         0.         0.
 0.         0.         0.         0.         0.         0.
 0.         0.         0.         0.         0.         0.
 0.         0.         0.         0.         0.         0.
 0.         0.         0.         0.         0.         0.
 0.         0.         0.         0.         0.         0.
 0.         0.         0.         0.         0.         0.
 0.         0.         0.         0.         0.         0.
 0.         0.         0.         0.         0.         0.
 0.         0.         0.         0.         0.16574783 1.
 0.21570904 0.06427226 0.18746196 0.         0.         0.
 0.         0.         0.08752026 0.         0.16206946]",BOOLECTOR,0.06489801406860352,unsat,"['BOOLECTOR', 'Bitwuzla', 'Z3', 'YICES', 'CVC4', 'MathSAT']",[0.0413820743560791]
./tmp/QF_AUFBV/com.galois.ecc.P384ECC64.ec_full_add3.short.smt2,"[0.         0.66438793 1.         0.         0.         0.
 0.         0.51372549 0.         0.         0.         0.
 0.         0.         1.         0.         0.         0.
 0.         0.         0.         0.         0.         0.
 0.         0.         0.         0.         0.         0.
 0.         0.94267516 1.         0.         0.         0.
 0.         1.15625    0.         0.62535211 1.32142857 0.52317361
 0.8070893  0.         0.57766798 0.         0.1728972  0.65773415
 1.0869033  1.71969334 0.         0.52581606 1.7807938  0.24156692
 0.60306807 0.07141325 0.18026797 0.10364146 0.         0.
 0.         0.         0.         0.         0.         0.
 0.         0.         0.         0.         0.         0.
 0.         0.         0.         0.         0.         0.
 0.         0.         0.         0.         0.         0.
 0.         0.         0.         0.         0.         0.
 0.         0.         0.         0.         0.         0.
 0.         0.         0.         0.         0.         0.
 0.         0.         0.         0.         0.         0.
 0.         0.         0.         0.         0.         0.
 0.         0.         0.         0.         0.         0.
 0.         0.         0.         0.         0.         0.
 0.         0.         0.         0.         0.         0.
 0.         0.         0.         0.         0.         0.
 0.         0.         0.         0.         0.         0.
 0.         0.         0.         0.         0.27614483 1.
 0.66330627 0.16209244 0.46694712 0.         0.         0.
 0.         0.         0.65773415 0.         0.43117452]",MathSAT,0.2701890468597412,unsat,"['MathSAT', 'Z3', 'BOOLECTOR', 'YICES', 'CVC4', 'Bitwuzla']",[0.23724102973937988]
./tmp/QF_AUFBV/com.galois.ecc.P384ECC64.ec_twin_mul_init.short.smt2,"[0.         0.67866255 1.         0.         0.         0.
 0.         0.33532934 0.         0.         0.         0.
 0.         0.         1.         0.         0.         0.
 0.         0.         0.         0.         0.         0.
 0.         0.         0.         0.         0.         0.
 0.         0.94409938 1.         0.         0.         0.
 0.         1.15151515 0.         0.35348837 1.31034483 0.2373146
 0.40997977 0.         0.54164096 0.         0.08857809 0.32982641
 2.43757159 1.77067154 0.         0.46355667 0.94661922 0.32793959
 0.32509506 0.0325691  0.09234508 0.21169916 0.         0.
 0.         0.         0.         0.         0.         0.
 0.         0.         0.         0.         0.         0.
 0.         0.         0.         0.         0.         0.
 0.         0.         0.         0.         0.         0.
 0.         0.         0.         0.         0.         0.
 0.         0.         0.         0.         0.         0.
 0.         0.         0.         0.         0.         0.
 0.         0.         0.         0.         0.         0.
 0.         0.         0.         0.         0.         0.
 0.         0.         0.         0.         0.         0.
 0.         0.         0.         0.         0.         0.
 0.         0.         0.         0.         0.         0.
 0.         0.         0.         0.         0.         0.
 0.         0.         0.         0.         0.         0.
 0.         0.         0.         0.         0.25187664 1.
 0.67759857 0.16263607 0.33200953 0.         0.         0.
 0.         0.         0.32982641 0.         0.20288022]",MathSAT,0.2679939270019531,unsat,"['MathSAT', 'YICES', 'CVC4', 'BOOLECTOR', 'Z3', 'Bitwuzla']",[0.23707199096679688]
./tmp/QF_AUFBV/com.galois.ecc.P384ECC64.mul_inner4.short.smt2,"[0.00000000e+00 1.53016184e-01 9.99999999e-01 0.00000000e+00
 0.00000000e+00 0.00000000e+00 0.00000000e+00 1.73351462e-01
 0.00000000e+00 0.00000000e+00 0.00000000e+00 0.00000000e+00
 0.00000000e+00 0.00000000e+00 9.99999999e-01 0.00000000e+00
 0.00000000e+00 0.00000000e+00 0.00000000e+00 0.00000000e+00
 0.00000000e+00 0.00000000e+00 0.00000000e+00 0.00000000e+00
 0.00000000e+00 0.00000000e+00 0.00000000e+00 0.00000000e+00
 0.00000000e+00 0.00000000e+00 0.00000000e+00 9.45454545e-01
 9.99999999e-01 0.00000000e+00 0.00000000e+00 0.00000000e+00
 0.00000000e+00 1.14705882e+00 0.00000000e+00 2.16466235e-01
 1.30000000e+00 3.02091402e-01 1.83221477e-01 0.00000000e+00
 1.21184658e-01 0.00000000e+00 7.47228685e-02 2.24372385e-01
 4.46224256e-02 1.46433041e-01 0.00000000e+00 1.66636147e-01
 1.98495242e-01 1.25806452e-01 1.84484390e-01 5.42420028e-02
 4.14201183e-02 2.16066482e-01 1.30785805e-03 1.11355395e-03
 0.00000000e+00 0.00000000e+00 0.00000000e+00 7.41374394e-03
 0.00000000e+00 0.00000000e+00 0.00000000e+00 0.00000000e+00
 0.00000000e+00 0.00000000e+00 0.00000000e+00 0.00000000e+00
 0.00000000e+00 0.00000000e+00 0.00000000e+00 0.00000000e+00
 2.45283019e-01 8.99999997e+00 0.00000000e+00 0.00000000e+00
 0.00000000e+00 0.00000000e+00 0.00000000e+00 0.00000000e+00
 1.24090909e+01 0.00000000e+00 0.00000000e+00 0.00000000e+00
 0.00000000e+00 0.00000000e+00 0.00000000e+00 0.00000000e+00
 0.00000000e+00 0.00000000e+00 0.00000000e+00 0.00000000e+00
 0.00000000e+00 0.00000000e+00 0.00000000e+00 0.00000000e+00
 0.00000000e+00 0.00000000e+00 0.00000000e+00 0.00000000e+00
 0.00000000e+00 0.00000000e+00 0.00000000e+00 0.00000000e+00
 0.00000000e+00 0.00000000e+00 0.00000000e+00 0.00000000e+00
 0.00000000e+00 0.00000000e+00 0.00000000e+00 0.00000000e+00
 0.00000000e+00 0.00000000e+00 0.00000000e+00 0.00000000e+00
 0.00000000e+00 0.00000000e+00 0.00000000e+00 0.00000000e+00
 0.00000000e+00 0.00000000e+00 0.00000000e+00 0.00000000e+00
 0.00000000e+00 0.00000000e+00 0.00000000e+00 0.00000000e+00
 0.00000000e+00 0.00000000e+00 0.00000000e+00 0.00000000e+00
 0.00000000e+00 0.00000000e+00 0.00000000e+00 0.00000000e+00
 0.00000000e+00 0.00000000e+00 0.00000000e+00 0.00000000e+00
 0.00000000e+00 0.00000000e+00 0.00000000e+00 0.00000000e+00
 6.41068340e-02 1.00000000e+00 1.51425894e-01 5.12443492e-02
 1.59393540e-01 0.00000000e+00 0.00000000e+00 0.00000000e+00
 0.00000000e+00 0.00000000e+00 2.24372385e-01 0.00000000e+00
 1.66410185e-01]",Z3,0.35366010665893555,sat,"['Z3', 'BOOLECTOR', 'Bitwuzla', 'CVC4', 'YICES', 'MathSAT']",[0.33505797386169434]
./tmp/QF_AUFBV/com.galois.ecc.P384ECC64.ec_twin_mul_aux12.short.smt2,"[0.         2.25186183 1.         0.         0.         0.
 0.         2.27088882 0.         0.         0.         0.
 0.         0.         1.         0.         0.         0.
 0.         0.         0.         0.         0.         0.
 0.         0.         0.         0.         0.         0.
 0.         0.94674556 1.         0.         0.         0.
 0.         1.14285714 0.         3.16865417 1.29032258 2.87562904
 4.24715057 0.         2.16629929 0.         0.90945566 3.52015264
 2.16450216 1.62427683 0.         1.94425087 1.26018003 5.45961003
 3.20278503 0.42341484 1.04609929 0.22038567 0.         0.
 0.         0.         0.         0.         0.         0.
 0.         0.         0.         0.         0.         0.
 0.         0.         0.         0.         0.         0.
 0.         0.         0.         0.         0.         0.
 0.         0.         0.         0.         0.         0.
 0.         0.         0.         0.         0.         0.
 0.         0.         0.         0.         0.         0.
 0.         0.         0.         0.         0.         0.
 0.         0.         0.         0.         0.         0.
 0.         0.         0.         0.         0.         0.
 0.         0.         0.         0.         0.         0.
 0.         0.         0.         0.         0.         0.
 0.         0.         0.         0.         0.         0.
 0.         0.         0.         0.         0.         0.
 0.         0.         0.         0.         0.8269167  1.
 2.25235849 0.57537541 1.95372751 0.         0.         0.
 0.         0.         3.52015264 0.         1.94076539]",Z3,5.766427278518677,unsat,"['Z3', 'MathSAT', 'Bitwuzla', 'BOOLECTOR', 'CVC4', 'YICES']",[5.69962215423584]
