./tmp/QF_AUFBV/com.galois.ecc.P384ECC64.signHash3.short.smt2,"[0. 1. 1. 0. 0. 0. 0. 1. 0. 0. 0. 0. 0. 0. 1. 0. 0. 0. 0. 0. 0. 0. 0. 0.
 0. 0. 0. 0. 0. 0. 0. 1. 1. 0. 0. 0. 0. 1. 0. 1. 1. 1. 1. 0. 1. 0. 1. 1.
 1. 1. 0. 1. 1. 1. 1. 1. 1. 1. 0. 0. 0. 0. 0. 0. 1. 0. 0. 0. 0. 0. 1. 0.
 0. 0. 0. 0. 0. 0. 0. 0. 1. 0. 0. 0. 0. 0. 0. 0. 0. 0. 0. 0. 0. 0. 0. 0.
 0. 0. 0. 0. 0. 0. 0. 0. 0. 0. 0. 0. 0. 0. 0. 0. 0. 0. 0. 0. 0. 0. 0. 0.
 0. 0. 0. 0. 0. 0. 0. 0. 0. 0. 0. 0. 0. 0. 0. 0. 0. 0. 0. 0. 0. 0. 0. 0.
 0. 0. 0. 0. 1. 1. 1. 1. 1. 0. 0. 0. 0. 0. 1. 0. 1.]",BOOLECTOR,1.8857042789459229,unsat,"['BOOLECTOR', 'Z3', 'CVC4', 'MathSAT', 'YICES', 'Bitwuzla']",[1.8090240955352783]
./tmp/QF_AUFBV/com.galois.ecc.P384ECC64.group_red1.short.smt2,"[0.         0.2552381  1.         0.         0.         0.
 0.         0.287373   0.         0.         0.         0.
 0.         0.         1.         0.         0.         0.
 0.         0.         0.         0.         0.         0.
 0.         0.         0.         0.         0.         0.
 0.         1.         1.         0.         0.         0.
 0.         1.         0.         0.1459854  1.         0.14545455
 0.22346369 0.         0.27282728 0.         0.27906977 0.17118998
 0.03333333 0.06299213 0.         0.33333333 0.09954751 1.875
 0.13333333 0.14545455 0.22346369 0.82051282 2.         0.
 0.         0.         0.         0.         0.         0.
 0.         0.         0.         0.         1.33333333 0.
 0.         0.         0.         0.         0.         2.
 0.         0.         0.03809524 0.         0.         0.
 0.         0.         0.         0.         0.         0.
 0.         0.         0.         0.         0.         0.
 0.         0.         0.         0.         0.         0.
 0.         0.         0.         0.         0.         0.
 0.         0.         0.         0.         0.         0.
 0.         0.         0.         0.         0.         0.
 0.         0.         0.         0.         0.         0.
 0.         0.         0.         0.         0.         0.
 0.         0.         0.         0.         0.         0.
 0.         0.         0.         0.         0.         0.
 0.         0.         0.         0.         0.26453647 1.
 0.25429116 0.287497   0.35254237 0.         0.         0.
 0.         0.         0.17118998 0.         0.37575758]",CVC4,1.170191764831543,unsat,"['CVC4', 'YICES', 'MathSAT', 'Bitwuzla', 'Z3', 'BOOLECTOR']",[1.1463768482208252]
./tmp/QF_AUFBV/com.galois.ecc.P384ECC64.sq_inner12.short.smt2,"[0.         0.12765957 1.         0.         0.         0.
 0.         0.05345688 0.         0.         0.         0.
 0.         0.         1.         0.         0.         0.
 0.         0.         0.         0.         0.         0.
 0.         0.         0.         0.         0.         0.
 0.         1.         1.         0.         0.         0.
 0.         1.         0.         0.04316547 1.         0.03592814
 0.         0.         0.11122881 0.         0.06818182 0.0186722
 0.14285714 0.37693632 2.99999999 0.08349901 0.28278689 1.4
 0.02205882 0.05357143 0.         0.         0.5        0.
 0.         0.         2.99999999 0.         0.         0.
 0.         0.         0.         0.         0.         0.
 0.         0.         0.         0.         2.99999999 1.5
 0.         0.         0.         0.         0.         0.
 3.         0.         0.         0.         0.         0.
 0.         0.         0.         0.         0.         0.
 0.         0.         0.         0.         0.         0.
 0.         0.         0.         0.         0.         0.
 0.         0.         0.         0.         0.         0.
 0.         0.         0.         0.         0.         0.
 0.         0.         0.         0.         0.         0.
 0.         0.         0.         0.         0.         0.
 0.         0.         0.         0.         0.         0.
 0.         0.         0.         0.         0.         0.
 0.         0.         0.         0.         0.14173762 1.
 0.12606577 0.1869937  0.06953642 0.         0.         0.
 0.         0.         0.0186722  0.         0.06405694]",Z3,0.10540270805358887,sat,"['Z3', 'CVC4', 'YICES', 'MathSAT', 'BOOLECTOR', 'Bitwuzla']",[0.08272981643676758]
./tmp/QF_AUFBV/com.galois.ecc.P384ECC64.ec_full_add4.short.smt2,"[0.         0.74418605 1.         0.         0.         0.
 0.         0.59052248 0.         0.         0.         0.
 0.         0.         1.         0.         0.         0.
 0.         0.         0.         0.         0.         0.
 0.         0.         0.         0.         0.         0.
 0.         1.         1.         0.         0.         0.
 0.         1.         0.         0.45859873 1.         0.38918919
 0.60663507 0.         0.778157   0.         0.64761905 0.48816029
 1.10344828 1.54074074 0.         0.68533773 1.74595843 0.36363636
 0.44444444 0.38709677 0.60663507 0.         0.         0.
 0.         0.         0.         0.         0.         0.
 0.         0.         0.         0.         0.         0.
 0.         0.         0.         0.         0.         0.
 0.         0.         0.         0.         0.         0.
 0.         0.         0.         0.         0.         0.
 0.         0.         0.         0.         0.         0.
 0.         0.         0.         0.         0.         0.
 0.         0.         0.         0.         0.         0.
 0.         0.         0.         0.         0.         0.
 0.         0.         0.         0.         0.         0.
 0.         0.         0.         0.         0.         0.
 0.         0.         0.         0.         0.         0.
 0.         0.         0.         0.         0.         0.
 0.         0.         0.         0.         0.         0.
 0.         0.         0.         0.         0.83557557 1.
 0.74367873 0.7744511  0.63509749 0.         0.         0.
 0.         0.         0.48816029 0.         0.59393939]",Z3,0.11489009857177734,unsat,"['Z3', 'Bitwuzla', 'BOOLECTOR', 'CVC4', 'YICES', 'MathSAT']",[0.08424806594848633]
./tmp/QF_AUFBV/com.galois.ecc.P384ECC64.ec_mul_aux3.short.smt2,"[0.         3.1779661  1.         0.         0.         0.
 0.         3.36186306 0.         0.         0.         0.
 0.         0.         1.         0.         0.         0.
 0.         0.         0.         0.         0.         0.
 0.         0.         0.         0.         0.         0.
 0.         1.         1.         0.         0.         0.
 0.         1.         0.         1.87250996 1.         2.04472843
 1.89705882 0.         3.53445042 0.         4.53703704 1.94660734
 1.54761905 1.05263158 0.         3.58376108 1.32427844 3.44339623
 1.91532258 2.91946309 1.90615836 3.36134454 0.         0.
 0.         0.         4.         5.         3.87755102 0.
 0.         0.         0.         0.         0.         0.
 0.         0.         0.         0.         4.95145631 0.
 0.         0.         1.69811321 0.         0.         0.
 0.         0.         0.         0.         0.         0.
 0.         0.         0.         0.         0.         0.
 0.         0.         0.         0.         0.         0.
 0.         0.         0.         0.         0.         0.
 0.         0.         0.         0.         0.         0.
 0.         0.         0.         0.         0.         0.
 0.         0.         0.         0.         0.         0.
 0.         0.         0.         0.         0.         0.
 0.         0.         0.         0.         0.         0.
 0.         0.         0.         0.         0.         0.
 0.         0.         0.         0.         3.28325614 1.
 3.17993142 3.13262402 3.68722574 0.         0.         0.
 0.         0.         1.94660734 0.         3.75503018]",YICES,0.36051273345947266,unsat,"['YICES', 'Bitwuzla', 'CVC4', 'BOOLECTOR', 'Z3', 'MathSAT']",[0.20838189125061035]
./tmp/QF_AUFBV/com.galois.ecc.P384ECC64.verifySignature.short.smt2,"[0.         1.0474773  1.         0.         0.         0.
 0.         0.95751087 0.         0.         0.         0.
 0.         0.         1.         0.         0.         0.
 0.         0.         0.         0.         0.         0.
 0.         0.         0.         0.         0.         0.
 0.         1.         1.         0.         0.         0.
 0.         1.         0.         1.59649123 1.         1.61214953
 1.63169165 0.         0.85998929 0.         0.27272727 1.61819659
 2.12307692 1.89365352 0.         0.84649299 1.66380368 0.32142857
 1.59763314 1.22775801 1.62820513 0.75       2.72727273 0.
 0.         0.         0.         0.         2.18181818 0.
 0.         0.         0.         0.         0.6        0.
 0.         0.         0.         0.         0.         0.
 0.         0.         1.44630072 0.         0.         0.
 0.         0.         0.         0.         0.         0.
 0.         0.         0.         0.         0.         0.
 0.         0.         0.         0.         0.         0.
 0.         0.         0.         0.         0.         0.
 0.         0.         0.         0.         0.         0.
 0.         0.         0.         0.         0.         0.
 0.         0.         0.         0.         0.         0.
 0.         0.         0.         0.         0.         0.
 0.         0.         0.         0.         0.         0.
 0.         0.         0.         0.         0.         0.
 0.         0.         0.         0.         0.97789553 1.
 1.04751974 1.03721973 0.76117497 0.         0.         0.
 0.         0.         1.61819659 0.         0.70219853]",MathSAT,0.7602560520172119,unsat,"['MathSAT', 'CVC4', 'Bitwuzla', 'Z3', 'YICES', 'BOOLECTOR']",[0.69822096824646]
./tmp/QF_AUFBV/opStructure_MBA_7.smt2,"[0.00000000e+00 1.04166667e-03 9.99999999e-01 0.00000000e+00
 0.00000000e+00 0.00000000e+00 0.00000000e+00 8.18713450e-03
 0.00000000e+00 0.00000000e+00 0.00000000e+00 0.00000000e+00
 0.00000000e+00 0.00000000e+00 9.99999999e-01 0.00000000e+00
 0.00000000e+00 0.00000000e+00 0.00000000e+00 0.00000000e+00
 0.00000000e+00 0.00000000e+00 0.00000000e+00 0.00000000e+00
 0.00000000e+00 0.00000000e+00 0.00000000e+00 0.00000000e+00
 0.00000000e+00 0.00000000e+00 0.00000000e+00 1.20689655e+00
 9.99999999e-01 0.00000000e+00 0.00000000e+00 0.00000000e+00
 7.00000000e+00 0.00000000e+00 6.99999995e+00 0.00000000e+00
 0.00000000e+00 0.00000000e+00 0.00000000e+00 0.00000000e+00
 1.49941095e-03 0.00000000e+00 0.00000000e+00 0.00000000e+00
 2.42574257e-01 1.10298255e-01 0.00000000e+00 1.95843325e-02
 1.75837321e-01 0.00000000e+00 0.00000000e+00 4.94699647e-02
 5.93220339e-02 0.00000000e+00 6.99913635e+00 7.00000000e+00
 0.00000000e+00 0.00000000e+00 6.25531915e+00 0.00000000e+00
 0.00000000e+00 0.00000000e+00 0.00000000e+00 6.99999999e+00
 0.00000000e+00 0.00000000e+00 6.97341436e+00 0.00000000e+00
 0.00000000e+00 0.00000000e+00 0.00000000e+00 0.00000000e+00
 0.00000000e+00 0.00000000e+00 0.00000000e+00 0.00000000e+00
 0.00000000e+00 0.00000000e+00 0.00000000e+00 0.00000000e+00
 0.00000000e+00 0.00000000e+00 0.00000000e+00 0.00000000e+00
 0.00000000e+00 0.00000000e+00 0.00000000e+00 0.00000000e+00
 0.00000000e+00 0.00000000e+00 0.00000000e+00 0.00000000e+00
 0.00000000e+00 0.00000000e+00 0.00000000e+00 0.00000000e+00
 0.00000000e+00 0.00000000e+00 0.00000000e+00 0.00000000e+00
 0.00000000e+00 0.00000000e+00 0.00000000e+00 0.00000000e+00
 0.00000000e+00 0.00000000e+00 0.00000000e+00 0.00000000e+00
 0.00000000e+00 0.00000000e+00 0.00000000e+00 0.00000000e+00
 0.00000000e+00 0.00000000e+00 0.00000000e+00 0.00000000e+00
 0.00000000e+00 0.00000000e+00 0.00000000e+00 0.00000000e+00
 0.00000000e+00 0.00000000e+00 0.00000000e+00 0.00000000e+00
 0.00000000e+00 0.00000000e+00 0.00000000e+00 0.00000000e+00
 0.00000000e+00 0.00000000e+00 0.00000000e+00 6.99999995e+00
 0.00000000e+00 0.00000000e+00 0.00000000e+00 0.00000000e+00
 0.00000000e+00 0.00000000e+00 0.00000000e+00 0.00000000e+00
 0.00000000e+00 0.00000000e+00 0.00000000e+00 0.00000000e+00
 5.11203834e+00 1.00000000e+00 1.04259756e-03 6.06572401e+00
 1.04144527e-02 0.00000000e+00 0.00000000e+00 0.00000000e+00
 0.00000000e+00 0.00000000e+00 0.00000000e+00 0.00000000e+00
 0.00000000e+00]",CVC4,60.211363077163696,timeout (30.0 s),"['MathSAT', 'CVC4', 'YICES', 'Bitwuzla', 'Z3', 'BOOLECTOR']","[30, 30]"
./tmp/QF_AUFBV/com.galois.ecc.P384ECC64.sq_inner23.short.smt2,"[0.00000000e+00 4.73372781e-02 9.99999999e-01 0.00000000e+00
 0.00000000e+00 0.00000000e+00 0.00000000e+00 4.65116279e-02
 0.00000000e+00 0.00000000e+00 0.00000000e+00 0.00000000e+00
 0.00000000e+00 0.00000000e+00 9.99999999e-01 0.00000000e+00
 0.00000000e+00 0.00000000e+00 0.00000000e+00 0.00000000e+00
 0.00000000e+00 0.00000000e+00 0.00000000e+00 0.00000000e+00
 0.00000000e+00 0.00000000e+00 0.00000000e+00 0.00000000e+00
 0.00000000e+00 0.00000000e+00 0.00000000e+00 9.69696969e-01
 9.99999999e-01 0.00000000e+00 0.00000000e+00 0.00000000e+00
 0.00000000e+00 1.14285714e+00 0.00000000e+00 4.65116279e-02
 1.14285714e+00 3.72093023e-02 0.00000000e+00 0.00000000e+00
 3.41260531e-02 0.00000000e+00 1.34453782e-02 1.94489465e-02
 3.94088670e-02 1.45856354e-01 0.00000000e+00 5.87185082e-02
 2.14202561e-01 7.07964602e-02 2.35988201e-02 8.39160839e-02
 0.00000000e+00 1.15942029e-01 2.69179004e-04 7.61687137e-04
 0.00000000e+00 0.00000000e+00 1.66666667e-01 1.58415842e-01
 0.00000000e+00 0.00000000e+00 0.00000000e+00 0.00000000e+00
 0.00000000e+00 0.00000000e+00 0.00000000e+00 0.00000000e+00
 0.00000000e+00 0.00000000e+00 0.00000000e+00 0.00000000e+00
 2.26415094e-01 3.99999999e+00 0.00000000e+00 0.00000000e+00
 0.00000000e+00 0.00000000e+00 0.00000000e+00 0.00000000e+00
 4.00000000e+00 0.00000000e+00 0.00000000e+00 0.00000000e+00
 0.00000000e+00 0.00000000e+00 0.00000000e+00 0.00000000e+00
 0.00000000e+00 0.00000000e+00 0.00000000e+00 0.00000000e+00
 0.00000000e+00 0.00000000e+00 0.00000000e+00 0.00000000e+00
 0.00000000e+00 0.00000000e+00 0.00000000e+00 0.00000000e+00
 0.00000000e+00 0.00000000e+00 0.00000000e+00 0.00000000e+00
 0.00000000e+00 0.00000000e+00 0.00000000e+00 0.00000000e+00
 0.00000000e+00 0.00000000e+00 0.00000000e+00 0.00000000e+00
 0.00000000e+00 0.00000000e+00 0.00000000e+00 0.00000000e+00
 0.00000000e+00 0.00000000e+00 0.00000000e+00 0.00000000e+00
 0.00000000e+00 0.00000000e+00 0.00000000e+00 0.00000000e+00
 0.00000000e+00 0.00000000e+00 0.00000000e+00 0.00000000e+00
 0.00000000e+00 0.00000000e+00 0.00000000e+00 0.00000000e+00
 0.00000000e+00 0.00000000e+00 0.00000000e+00 0.00000000e+00
 0.00000000e+00 0.00000000e+00 0.00000000e+00 0.00000000e+00
 0.00000000e+00 0.00000000e+00 0.00000000e+00 0.00000000e+00
 1.58996267e-02 1.00000000e+00 4.62016881e-02 1.21313533e-02
 5.23648649e-02 0.00000000e+00 0.00000000e+00 0.00000000e+00
 0.00000000e+00 0.00000000e+00 1.94489465e-02 0.00000000e+00
 5.29450695e-02]",YICES,0.11716723442077637,sat,"['YICES', 'BOOLECTOR', 'CVC4', 'Bitwuzla', 'Z3', 'MathSAT']",[0.0980081558227539]
./tmp/QF_AUFBV/com.galois.ecc.P384ECC64.ec_full_sub3.short.smt2,"[0.         0.15826188 1.         0.         0.         0.
 0.         0.08441665 0.         0.         0.         0.
 0.         0.         1.         0.         0.         0.
 0.         0.         0.         0.         0.         0.
 0.         0.         0.         0.         0.         0.
 0.         0.97297297 1.         0.         0.         0.
 0.         2.         0.         0.05202312 1.125      0.02088167
 0.03837953 0.         0.12213339 0.         0.02263202 0.02907916
 0.69545455 0.84684685 0.         0.12673577 1.00517063 0.15652174
 0.02647059 0.01570681 0.03797468 0.0647482  0.         0.
 0.         0.         0.         0.         0.         0.
 0.         0.         0.         0.         0.00341686 0.
 0.         0.         0.         0.         0.         0.
 0.         0.         0.         0.         0.         0.
 0.         0.         0.         0.         0.         0.
 0.         0.         0.         0.         0.         0.
 0.         0.         0.         0.         0.         0.
 0.         0.         0.         0.         0.         0.
 0.         0.         0.         0.         0.         0.
 0.         0.         0.         0.         0.         0.
 0.         0.         0.         0.         0.         0.
 0.         0.         0.         0.         0.         0.
 0.         0.         0.         0.         0.         0.
 0.         0.         0.         0.         0.         0.
 0.         0.         0.         0.         0.0528269  1.
 0.15713662 0.02881651 0.09774436 0.         0.         0.
 0.         0.         0.02907916 0.         0.06895797]",MathSAT,0.31142616271972656,unsat,"['MathSAT', 'BOOLECTOR', 'CVC4', 'Z3', 'Bitwuzla', 'YICES']",[0.2908620834350586]
./tmp/QF_AUFBV/com.galois.ecc.P384ECC64.signHash5.short.smt2,"[0.         1.52273007 1.         0.         0.         0.
 0.         1.46368872 0.         0.         0.         0.
 0.         0.         1.         0.         0.         0.
 0.         0.         0.         0.         0.         0.
 0.         0.         0.         0.         0.         0.
 0.         0.97560976 1.         0.         0.         0.
 0.         1.         0.         2.62260128 1.11111111 2.46503496
 2.09106239 0.         1.27889908 0.         0.48264858 2.38153846
 2.11469534 1.97590361 0.         1.24636192 1.78419711 0.0862069
 2.64069264 1.97478992 2.0735786  1.41975309 0.         0.
 0.         0.         0.         0.         1.25       0.
 0.         0.         0.         0.         0.01137656 0.
 0.         0.         0.         0.         0.         0.
 0.         0.         3.05140962 0.         0.         0.
 0.         0.         0.         0.         0.         0.
 0.         0.         0.         0.         0.         0.
 0.         0.         0.         0.         0.         0.
 0.         0.         0.         0.         0.         0.
 0.         0.         0.         0.         0.         0.
 0.         0.         0.         0.         0.         0.
 0.         0.         0.         0.         0.         0.
 0.         0.         0.         0.         0.         0.
 0.         0.         0.         0.         0.         0.
 0.         0.         0.         0.         0.         0.
 0.         0.         0.         0.         0.43416259 1.
 1.52318698 0.23301479 1.18232044 0.         0.         0.
 0.         0.         2.38153846 0.         1.13181906]",BOOLECTOR,1.6687002182006836,unsat,"['BOOLECTOR', 'YICES', 'Bitwuzla', 'Z3', 'MathSAT', 'CVC4']",[1.607140064239502]
./tmp/QF_AUFBV/com.galois.ecc.P384ECC64.signHash4.short.smt2,"[0.         1.50037238 1.         0.         0.         0.
 0.         1.45826733 0.         0.         0.         0.
 0.         0.         1.         0.         0.         0.
 0.         0.         0.         0.         0.         0.
 0.         0.         0.         0.         0.         0.
 0.         0.97777778 1.         0.         0.         0.
 0.         1.         0.         2.31481481 1.1        2.26111111
 1.99033149 0.         1.2907118  0.         0.53831563 2.18589744
 1.92011834 1.81488934 0.         1.26352478 1.66546503 0.09401709
 2.32764505 1.88863109 1.97668038 1.36756757 0.         0.
 0.         0.         0.         0.         1.78095238 0.
 0.         0.         0.         0.         0.01873935 0.
 0.         0.         0.         0.         0.         0.
 0.         0.         2.57179161 0.         0.         0.
 0.         0.         0.         0.         0.         0.
 0.         0.         0.         0.         0.         0.
 0.         0.         0.         0.         0.         0.
 0.         0.         0.         0.         0.         0.
 0.         0.         0.         0.         0.         0.
 0.         0.         0.         0.         0.         0.
 0.         0.         0.         0.         0.         0.
 0.         0.         0.         0.         0.         0.
 0.         0.         0.         0.         0.         0.
 0.         0.         0.         0.         0.         0.
 0.         0.         0.         0.         0.47285033 1.
 1.50079881 0.25994461 1.2114061  0.         0.         0.
 0.         0.         2.18589744 0.         1.16984733]",MathSAT,0.40679287910461426,unsat,"['MathSAT', 'CVC4', 'BOOLECTOR', 'Z3', 'Bitwuzla', 'YICES']",[0.34201598167419434]
./tmp/QF_AUFBV/com.galois.ecc.P384ECC64.ec_full_sub2.short.smt2,"[0.         0.15252101 1.         0.         0.         0.
 0.         0.08276864 0.         0.         0.         0.
 0.         0.         1.         0.         0.         0.
 0.         0.         0.         0.         0.         0.
 0.         0.         0.         0.         0.         0.
 0.         0.97959184 1.         0.         0.         0.
 0.         1.84615384 0.         0.04026846 1.09090909 0.01664355
 0.03305785 0.         0.12405834 0.         0.02725208 0.02362205
 0.57464789 0.71167192 0.         0.12951581 0.86688963 0.20168067
 0.02044293 0.01390498 0.03283174 0.06451613 0.         0.
 0.         0.         0.         0.         0.         0.
 0.         0.         0.         0.         0.00454115 0.
 0.         0.         0.         0.         0.         0.
 0.         0.         0.         0.         0.         0.
 0.         0.         0.         0.         0.         0.
 0.         0.         0.         0.         0.         0.
 0.         0.         0.         0.         0.         0.
 0.         0.         0.         0.         0.         0.
 0.         0.         0.         0.         0.         0.
 0.         0.         0.         0.         0.         0.
 0.         0.         0.         0.         0.         0.
 0.         0.         0.         0.         0.         0.
 0.         0.         0.         0.         0.         0.
 0.         0.         0.         0.         0.         0.
 0.         0.         0.         0.         0.06413684 1.
 0.15143548 0.03652839 0.10139747 0.         0.         0.
 0.         0.         0.02362205 0.         0.07242628]",Z3,1.2573838233947754,unsat,"['Z3', 'Bitwuzla', 'YICES', 'BOOLECTOR', 'MathSAT', 'CVC4']",[1.237360954284668]
./tmp/QF_AUFBV/com.galois.ecc.P384ECC64.mod_div1.short.smt2,"[0.         0.2056239  1.         0.         0.         0.
 0.         0.17382999 0.         0.         0.         0.
 0.         0.         1.         0.         0.         0.
 0.         0.         0.         0.         0.         0.
 0.         0.         0.         0.         0.         0.
 0.         0.98113208 1.         0.         0.         0.
 0.         0.92857143 0.         0.10815308 1.08333333 0.07172414
 0.10655738 0.         0.17473118 0.         0.05390124 0.08895406
 0.49322493 1.62544852 0.         0.23347564 2.53982777 0.05439331
 0.08798646 0.08975834 0.12330623 0.         0.         0.
 0.         0.         0.         0.4952381  0.         0.
 0.         0.         0.         0.         0.00491772 0.
 0.         0.         0.         0.         0.12149533 0.
 0.         0.         0.06573957 0.         0.         0.
 0.         0.         0.         0.         0.         0.
 0.         0.         0.         0.         0.         0.
 0.         0.         0.         0.         0.         0.
 0.         0.         0.         0.         0.         0.
 0.         0.         0.         0.         0.         0.
 0.         0.         0.         0.         0.         0.
 0.         0.         0.         0.         0.         0.
 0.         0.         0.         0.         0.         0.
 0.         0.         0.         0.         0.         0.
 0.         0.         0.         0.         0.         0.
 0.         0.         0.         0.         0.1362036  1.
 0.20453369 0.04758815 0.19763162 0.         0.         0.
 0.         0.         0.08895406 0.         0.17908163]",Bitwuzla,0.2186450958251953,unsat,"['Bitwuzla', 'CVC4', 'YICES', 'Z3', 'MathSAT', 'BOOLECTOR']",[0.1968700885772705]
./tmp/QF_AUFBV/com.galois.ecc.P384ECC64.ec_full_add2.short.smt2,"[0.         0.47673257 1.         0.         0.         0.
 0.         0.36147941 0.         0.         0.         0.
 0.         0.         1.         0.         0.         0.
 0.         0.         0.         0.         0.         0.
 0.         0.         0.         0.         0.         0.
 0.         0.98245614 1.         0.         0.         0.
 0.         0.93333333 0.         0.40710824 1.07692308 0.33916555
 0.5511811  0.         0.44684271 0.         0.16685289 0.43107532
 0.82142857 0.99102334 0.         0.37311936 0.86925795 0.34285714
 0.39144737 0.28410372 0.546875   0.         0.         0.
 0.         0.         0.         0.         0.         0.
 0.         0.         0.         0.         0.         0.
 0.         0.         0.         0.         0.         0.
 0.         0.         0.         0.         0.         0.
 0.         0.         0.         0.         0.         0.
 0.         0.         0.         0.         0.         0.
 0.         0.         0.         0.         0.         0.
 0.         0.         0.         0.         0.         0.
 0.         0.         0.         0.         0.         0.
 0.         0.         0.         0.         0.         0.
 0.         0.         0.         0.         0.         0.
 0.         0.         0.         0.         0.         0.
 0.         0.         0.         0.         0.         0.
 0.         0.         0.         0.         0.         0.
 0.         0.         0.         0.         0.17253645 1.
 0.4759524  0.09630081 0.33458294 0.         0.         0.
 0.         0.         0.43107532 0.         0.30282862]",Bitwuzla,0.09163904190063477,unsat,"['Bitwuzla', 'MathSAT', 'YICES', 'BOOLECTOR', 'Z3', 'CVC4']",[0.060302019119262695]
./tmp/QF_AUFBV/com.galois.ecc.P384ECC64.ec_twin_mul_init2.short.smt2,"[0.         0.57476232 1.         0.         0.         0.
 0.         0.28747433 0.         0.         0.         0.
 0.         0.         1.         0.         0.         0.
 0.         0.         0.         0.         0.         0.
 0.         0.         0.         0.         0.         0.
 0.         0.98360656 1.         0.         0.         0.
 0.         0.9375     0.         0.23847377 1.07142857 0.15978695
 0.30848329 0.         0.48763329 0.         0.09437454 0.23087687
 1.875      1.42094265 0.         0.415854   0.80267559 0.4743083
 0.21880065 0.13407821 0.30612245 0.15957447 0.         0.
 0.         0.         0.         0.         0.         0.
 0.         0.         0.         0.         0.         0.
 0.         0.         0.         0.         0.         0.
 0.         0.         0.         0.         0.         0.
 0.         0.         0.         0.         0.         0.
 0.         0.         0.         0.         0.         0.
 0.         0.         0.         0.         0.         0.
 0.         0.         0.         0.         0.         0.
 0.         0.         0.         0.         0.         0.
 0.         0.         0.         0.         0.         0.
 0.         0.         0.         0.         0.         0.
 0.         0.         0.         0.         0.         0.
 0.         0.         0.         0.         0.         0.
 0.         0.         0.         0.         0.         0.
 0.         0.         0.         0.         0.20062853 1.
 0.57409366 0.11396972 0.3030303  0.         0.         0.
 0.         0.         0.23087687 0.         0.18731515]",Bitwuzla,0.13286805152893066,unsat,"['Bitwuzla', 'YICES', 'BOOLECTOR', 'Z3', 'MathSAT', 'CVC4']",[0.1007530689239502]
./tmp/QF_AUFBV/com.galois.ecc.P384ECC64.mul_inner3.short.smt2,"[0.00000000e+00 2.04778157e-01 9.99999999e-01 0.00000000e+00
 0.00000000e+00 0.00000000e+00 0.00000000e+00 1.53654954e-01
 0.00000000e+00 0.00000000e+00 0.00000000e+00 0.00000000e+00
 0.00000000e+00 0.00000000e+00 9.99999999e-01 0.00000000e+00
 0.00000000e+00 0.00000000e+00 0.00000000e+00 0.00000000e+00
 0.00000000e+00 0.00000000e+00 0.00000000e+00 0.00000000e+00
 0.00000000e+00 0.00000000e+00 0.00000000e+00 0.00000000e+00
 0.00000000e+00 0.00000000e+00 0.00000000e+00 9.84615384e-01
 9.99999999e-01 0.00000000e+00 0.00000000e+00 0.00000000e+00
 0.00000000e+00 9.41176470e-01 0.00000000e+00 1.51181102e-01
 1.06666667e+00 2.10249671e-01 1.42675159e-01 0.00000000e+00
 1.67655895e-01 0.00000000e+00 8.24742268e-02 1.62511542e-01
 1.41592920e-01 2.95350957e-01 1.06666666e+01 1.61081230e-01
 1.73913043e-01 1.69611307e+00 1.28617363e-01 2.29074890e-01
 1.41592920e-01 0.00000000e+00 7.17778476e-04 7.61650878e-04
 0.00000000e+00 0.00000000e+00 0.00000000e+00 0.00000000e+00
 0.00000000e+00 0.00000000e+00 0.00000000e+00 0.00000000e+00
 0.00000000e+00 0.00000000e+00 0.00000000e+00 0.00000000e+00
 0.00000000e+00 0.00000000e+00 0.00000000e+00 0.00000000e+00
 0.00000000e+00 6.85714284e+00 0.00000000e+00 0.00000000e+00
 0.00000000e+00 0.00000000e+00 0.00000000e+00 0.00000000e+00
 1.01818182e+01 0.00000000e+00 0.00000000e+00 0.00000000e+00
 0.00000000e+00 0.00000000e+00 0.00000000e+00 0.00000000e+00
 0.00000000e+00 0.00000000e+00 0.00000000e+00 0.00000000e+00
 0.00000000e+00 0.00000000e+00 0.00000000e+00 0.00000000e+00
 0.00000000e+00 0.00000000e+00 0.00000000e+00 0.00000000e+00
 0.00000000e+00 0.00000000e+00 0.00000000e+00 0.00000000e+00
 0.00000000e+00 0.00000000e+00 0.00000000e+00 0.00000000e+00
 0.00000000e+00 0.00000000e+00 0.00000000e+00 0.00000000e+00
 0.00000000e+00 0.00000000e+00 0.00000000e+00 0.00000000e+00
 0.00000000e+00 0.00000000e+00 0.00000000e+00 0.00000000e+00
 0.00000000e+00 0.00000000e+00 0.00000000e+00 0.00000000e+00
 0.00000000e+00 0.00000000e+00 0.00000000e+00 0.00000000e+00
 0.00000000e+00 0.00000000e+00 0.00000000e+00 0.00000000e+00
 0.00000000e+00 0.00000000e+00 0.00000000e+00 0.00000000e+00
 0.00000000e+00 0.00000000e+00 0.00000000e+00 0.00000000e+00
 0.00000000e+00 0.00000000e+00 0.00000000e+00 0.00000000e+00
 7.34727599e-02 1.00000000e+00 2.03550745e-01 5.02262538e-02
 1.50394178e-01 0.00000000e+00 0.00000000e+00 0.00000000e+00
 0.00000000e+00 0.00000000e+00 1.62511542e-01 0.00000000e+00
 1.51041667e-01]",MathSAT,0.270855188369751,sat,"['MathSAT', 'BOOLECTOR', 'Z3', 'CVC4', 'Bitwuzla', 'YICES']",[0.25042009353637695]
./tmp/QF_AUFBV/opStructure_NPT_1.smt2,"[0.00000000e+00 1.61152716e-03 9.99999999e-01 0.00000000e+00
 0.00000000e+00 0.00000000e+00 0.00000000e+00 3.84050604e-03
 0.00000000e+00 0.00000000e+00 0.00000000e+00 0.00000000e+00
 0.00000000e+00 0.00000000e+00 9.99999999e-01 0.00000000e+00
 0.00000000e+00 0.00000000e+00 0.00000000e+00 0.00000000e+00
 0.00000000e+00 0.00000000e+00 0.00000000e+00 0.00000000e+00
 0.00000000e+00 0.00000000e+00 0.00000000e+00 0.00000000e+00
 0.00000000e+00 0.00000000e+00 0.00000000e+00 1.21428571e+00
 9.99999999e-01 0.00000000e+00 0.00000000e+00 0.00000000e+00
 1.03214286e+01 0.00000000e+00 0.00000000e+00 0.00000000e+00
 0.00000000e+00 2.23097113e-02 0.00000000e+00 0.00000000e+00
 2.49102498e-03 0.00000000e+00 0.00000000e+00 0.00000000e+00
 7.48898678e-02 3.09372157e-02 0.00000000e+00 9.37284631e-03
 4.80678605e-02 0.00000000e+00 0.00000000e+00 0.00000000e+00
 0.00000000e+00 0.00000000e+00 5.71787340e-03 1.37461948e-02
 0.00000000e+00 0.00000000e+00 0.00000000e+00 2.12500000e+00
 0.00000000e+00 0.00000000e+00 0.00000000e+00 0.00000000e+00
 0.00000000e+00 0.00000000e+00 0.00000000e+00 0.00000000e+00
 0.00000000e+00 0.00000000e+00 0.00000000e+00 0.00000000e+00
 0.00000000e+00 0.00000000e+00 0.00000000e+00 0.00000000e+00
 0.00000000e+00 0.00000000e+00 0.00000000e+00 0.00000000e+00
 0.00000000e+00 0.00000000e+00 0.00000000e+00 0.00000000e+00
 0.00000000e+00 0.00000000e+00 0.00000000e+00 0.00000000e+00
 0.00000000e+00 0.00000000e+00 0.00000000e+00 0.00000000e+00
 0.00000000e+00 0.00000000e+00 0.00000000e+00 0.00000000e+00
 0.00000000e+00 0.00000000e+00 0.00000000e+00 0.00000000e+00
 0.00000000e+00 0.00000000e+00 0.00000000e+00 0.00000000e+00
 0.00000000e+00 0.00000000e+00 0.00000000e+00 0.00000000e+00
 0.00000000e+00 0.00000000e+00 0.00000000e+00 0.00000000e+00
 0.00000000e+00 0.00000000e+00 0.00000000e+00 0.00000000e+00
 0.00000000e+00 0.00000000e+00 0.00000000e+00 0.00000000e+00
 0.00000000e+00 0.00000000e+00 0.00000000e+00 0.00000000e+00
 0.00000000e+00 0.00000000e+00 0.00000000e+00 0.00000000e+00
 0.00000000e+00 0.00000000e+00 0.00000000e+00 0.00000000e+00
 0.00000000e+00 0.00000000e+00 0.00000000e+00 0.00000000e+00
 0.00000000e+00 0.00000000e+00 0.00000000e+00 0.00000000e+00
 0.00000000e+00 0.00000000e+00 0.00000000e+00 0.00000000e+00
 1.53174284e-02 1.00000000e+00 3.22733745e-03 1.02428079e-02
 5.15307669e-03 0.00000000e+00 0.00000000e+00 0.00000000e+00
 0.00000000e+00 0.00000000e+00 0.00000000e+00 0.00000000e+00
 0.00000000e+00]",YICES,60.01507306098938,timeout (30.0 s),"['BOOLECTOR', 'YICES', 'CVC4', 'Bitwuzla', 'MathSAT', 'Z3']","[30, 30]"
./tmp/QF_AUFBV/com.galois.ecc.P384ECC64.ec_full_add3.short.smt2,"[0.         0.64808553 1.         0.         0.         0.
 0.         0.51738892 0.         0.         0.         0.
 0.         0.         1.         0.         0.         0.
 0.         0.         0.         0.         0.         0.
 0.         0.         0.         0.         0.         0.
 0.         0.97297297 1.         0.         0.         0.
 0.         1.         0.         0.49617152 1.125      0.41538462
 0.70501836 0.         0.60412094 0.         0.22254545 0.54008061
 0.90376569 1.45986622 0.         0.55077499 1.62794685 0.37370242
 0.47887324 0.34989201 0.69987849 0.0952381  0.         0.
 0.         0.         0.         0.         0.         0.
 0.         0.         0.         0.         0.         0.
 0.         0.         0.         0.         0.         0.
 0.         0.         0.         0.         0.         0.
 0.         0.         0.         0.         0.         0.
 0.         0.         0.         0.         0.         0.
 0.         0.         0.         0.         0.         0.
 0.         0.         0.         0.         0.         0.
 0.         0.         0.         0.         0.         0.
 0.         0.         0.         0.         0.         0.
 0.         0.         0.         0.         0.         0.
 0.         0.         0.         0.         0.         0.
 0.         0.         0.         0.         0.         0.
 0.         0.         0.         0.         0.         0.
 0.         0.         0.         0.         0.2638835  1.
 0.64732796 0.13780686 0.50125239 0.         0.         0.
 0.         0.         0.54008061 0.         0.47075606]",Z3,0.09064602851867676,unsat,"['Z3', 'Bitwuzla', 'CVC4', 'YICES', 'MathSAT', 'BOOLECTOR']",[0.05585312843322754]
./tmp/QF_AUFBV/com.galois.ecc.P384ECC64.mod_div12.short.smt2,"[0.         0.27211313 1.         0.         0.         0.
 0.         0.24282465 0.         0.         0.         0.
 0.         0.         1.         0.         0.         0.
 0.         0.         0.         0.         0.         0.
 0.         0.         0.         0.         0.         0.
 0.         0.97435897 1.         0.         0.         0.
 0.         1.         0.         0.20151515 1.11764706 0.12101911
 0.13851762 0.         0.23386251 0.         0.07569721 0.14355556
 0.54065041 1.60363636 0.         0.31213037 2.49087523 0.06551724
 0.17674419 0.14255091 0.16024096 0.         0.         0.
 0.         0.         0.         0.61290323 0.         0.
 0.         0.         0.         0.         0.01077505 0.
 0.         0.         0.         0.         0.17592593 0.
 0.         0.         0.11934673 0.         0.         0.
 0.         0.         0.         0.         0.         0.
 0.         0.         0.         0.         0.         0.
 0.         0.         0.         0.         0.         0.
 0.         0.         0.         0.         0.         0.
 0.         0.         0.         0.         0.         0.
 0.         0.         0.         0.         0.         0.
 0.         0.         0.         0.         0.         0.
 0.         0.         0.         0.         0.         0.
 0.         0.         0.         0.         0.         0.
 0.         0.         0.         0.         0.         0.
 0.         0.         0.         0.         0.18798758 1.
 0.27079199 0.06960279 0.27044299 0.         0.         0.
 0.         0.         0.14355556 0.         0.24964805]",BOOLECTOR,0.08281898498535156,unsat,"['BOOLECTOR', 'CVC4', 'Z3', 'MathSAT', 'YICES', 'Bitwuzla']",[0.05993986129760742]
./tmp/QF_AUFBV/com.galois.ecc.P384ECC64.ec_twin_mul_aux11.short.smt2,"[0.         2.1511254  1.         0.         0.         0.
 0.         2.21687211 0.         0.         0.         0.
 0.         0.         1.         0.         0.         0.
 0.         0.         0.         0.         0.         0.
 0.         0.         0.         0.         0.         0.
 0.         0.97560976 1.         0.         0.         0.
 0.         1.         0.         2.47011952 1.11111111 2.25988701
 3.54       0.         2.20189196 0.         1.16001365 2.81786942
 1.84501845 1.32928354 0.         1.98200332 1.03813559 6.72768879
 2.49660787 1.93610842 3.51539225 0.20942408 0.         0.
 0.         0.         0.         0.         0.         0.
 0.         0.         0.         0.         0.         0.
 0.         0.         0.         0.         0.         0.
 0.         0.         0.         0.         0.         0.
 0.         0.         0.         0.         0.         0.
 0.         0.         0.         0.         0.         0.
 0.         0.         0.         0.         0.         0.
 0.         0.         0.         0.         0.         0.
 0.         0.         0.         0.         0.         0.
 0.         0.         0.         0.         0.         0.
 0.         0.         0.         0.         0.         0.
 0.         0.         0.         0.         0.         0.
 0.         0.         0.         0.         0.         0.
 0.         0.         0.         0.         0.         0.
 0.         0.         0.         0.         0.79501774 1.
 2.15245915 0.49834752 2.032881   0.         0.         0.
 0.         0.         2.81786942 0.         2.04717776]",CVC4,0.6605048179626465,unsat,"['CVC4', 'BOOLECTOR', 'MathSAT', 'Z3', 'Bitwuzla', 'YICES']",[0.5953819751739502]
./tmp/QF_AUFBV/opStructure_O_32_32_2_2.smt2,"[0.00000000e+00 1.68796721e-03 9.99999999e-01 0.00000000e+00
 0.00000000e+00 0.00000000e+00 0.00000000e+00 4.04390526e-03
 0.00000000e+00 0.00000000e+00 0.00000000e+00 0.00000000e+00
 0.00000000e+00 0.00000000e+00 9.99999999e-01 0.00000000e+00
 0.00000000e+00 0.00000000e+00 0.00000000e+00 0.00000000e+00
 0.00000000e+00 0.00000000e+00 0.00000000e+00 0.00000000e+00
 0.00000000e+00 0.00000000e+00 0.00000000e+00 0.00000000e+00
 0.00000000e+00 0.00000000e+00 0.00000000e+00 1.20689655e+00
 9.99999999e-01 0.00000000e+00 0.00000000e+00 0.00000000e+00
 2.07253620e+01 0.00000000e+00 1.04999999e+01 0.00000000e+00
 0.00000000e+00 2.37020316e-02 0.00000000e+00 0.00000000e+00
 3.92010454e-03 0.00000000e+00 0.00000000e+00 0.00000000e+00
 7.72058823e-02 2.99732382e-02 0.00000000e+00 9.94082840e-03
 4.43974630e-02 0.00000000e+00 0.00000000e+00 1.57154689e+01
 1.40779051e+01 0.00000000e+00 2.45717452e-01 1.91783723e+00
 0.00000000e+00 0.00000000e+00 2.05190840e+01 2.03827921e+01
 0.00000000e+00 0.00000000e+00 0.00000000e+00 2.08979592e+01
 0.00000000e+00 0.00000000e+00 0.00000000e+00 0.00000000e+00
 0.00000000e+00 0.00000000e+00 0.00000000e+00 0.00000000e+00
 0.00000000e+00 0.00000000e+00 0.00000000e+00 0.00000000e+00
 0.00000000e+00 0.00000000e+00 0.00000000e+00 0.00000000e+00
 0.00000000e+00 0.00000000e+00 0.00000000e+00 0.00000000e+00
 0.00000000e+00 0.00000000e+00 0.00000000e+00 0.00000000e+00
 0.00000000e+00 0.00000000e+00 0.00000000e+00 0.00000000e+00
 0.00000000e+00 0.00000000e+00 0.00000000e+00 0.00000000e+00
 0.00000000e+00 0.00000000e+00 0.00000000e+00 0.00000000e+00
 0.00000000e+00 0.00000000e+00 0.00000000e+00 0.00000000e+00
 0.00000000e+00 0.00000000e+00 0.00000000e+00 0.00000000e+00
 0.00000000e+00 0.00000000e+00 0.00000000e+00 0.00000000e+00
 0.00000000e+00 0.00000000e+00 0.00000000e+00 0.00000000e+00
 0.00000000e+00 0.00000000e+00 0.00000000e+00 0.00000000e+00
 0.00000000e+00 0.00000000e+00 0.00000000e+00 0.00000000e+00
 0.00000000e+00 0.00000000e+00 0.00000000e+00 0.00000000e+00
 0.00000000e+00 0.00000000e+00 0.00000000e+00 0.00000000e+00
 0.00000000e+00 0.00000000e+00 0.00000000e+00 0.00000000e+00
 0.00000000e+00 0.00000000e+00 0.00000000e+00 0.00000000e+00
 0.00000000e+00 0.00000000e+00 0.00000000e+00 0.00000000e+00
 2.46261327e+00 1.00000000e+00 3.38028169e-03 1.96783270e+00
 5.47873728e-03 0.00000000e+00 0.00000000e+00 0.00000000e+00
 0.00000000e+00 0.00000000e+00 0.00000000e+00 0.00000000e+00
 0.00000000e+00]",CVC4,60.0755717754364,timeout (30.0 s),"['MathSAT', 'CVC4', 'Bitwuzla', 'YICES', 'Z3', 'BOOLECTOR']","[30, 30]"
./tmp/QF_AUFBV/opStructure_O_16_32_2_2.smt2,"[0.00000000e+00 1.76820447e-03 9.99999999e-01 0.00000000e+00
 0.00000000e+00 0.00000000e+00 0.00000000e+00 4.23565653e-03
 0.00000000e+00 0.00000000e+00 0.00000000e+00 0.00000000e+00
 0.00000000e+00 0.00000000e+00 9.99999999e-01 0.00000000e+00
 0.00000000e+00 0.00000000e+00 0.00000000e+00 0.00000000e+00
 0.00000000e+00 0.00000000e+00 0.00000000e+00 0.00000000e+00
 0.00000000e+00 0.00000000e+00 0.00000000e+00 0.00000000e+00
 0.00000000e+00 0.00000000e+00 0.00000000e+00 1.19565217e+00
 9.99999999e-01 0.00000000e+00 0.00000000e+00 0.00000000e+00
 7.41733746e+00 0.00000000e+00 7.33333328e+00 0.00000000e+00
 0.00000000e+00 2.48027057e-02 0.00000000e+00 0.00000000e+00
 4.10600971e-03 0.00000000e+00 0.00000000e+00 0.00000000e+00
 8.05860806e-02 3.13557812e-02 0.00000000e+00 1.04092737e-02
 4.64135021e-02 0.00000000e+00 0.00000000e+00 5.99042723e+00
 5.52292228e+00 0.00000000e+00 1.31814878e-01 9.88937505e-01
 0.00000000e+00 0.00000000e+00 7.22051282e+00 7.18704117e+00
 0.00000000e+00 0.00000000e+00 0.00000000e+00 7.30953926e+00
 0.00000000e+00 0.00000000e+00 0.00000000e+00 0.00000000e+00
 0.00000000e+00 0.00000000e+00 0.00000000e+00 0.00000000e+00
 0.00000000e+00 0.00000000e+00 0.00000000e+00 0.00000000e+00
 0.00000000e+00 0.00000000e+00 0.00000000e+00 0.00000000e+00
 0.00000000e+00 0.00000000e+00 0.00000000e+00 0.00000000e+00
 0.00000000e+00 0.00000000e+00 0.00000000e+00 0.00000000e+00
 0.00000000e+00 0.00000000e+00 0.00000000e+00 0.00000000e+00
 0.00000000e+00 0.00000000e+00 0.00000000e+00 0.00000000e+00
 0.00000000e+00 0.00000000e+00 0.00000000e+00 0.00000000e+00
 0.00000000e+00 0.00000000e+00 0.00000000e+00 0.00000000e+00
 0.00000000e+00 0.00000000e+00 0.00000000e+00 0.00000000e+00
 0.00000000e+00 0.00000000e+00 0.00000000e+00 0.00000000e+00
 0.00000000e+00 0.00000000e+00 0.00000000e+00 0.00000000e+00
 0.00000000e+00 0.00000000e+00 0.00000000e+00 0.00000000e+00
 0.00000000e+00 0.00000000e+00 0.00000000e+00 0.00000000e+00
 0.00000000e+00 0.00000000e+00 0.00000000e+00 0.00000000e+00
 0.00000000e+00 0.00000000e+00 0.00000000e+00 0.00000000e+00
 0.00000000e+00 0.00000000e+00 0.00000000e+00 0.00000000e+00
 0.00000000e+00 0.00000000e+00 0.00000000e+00 0.00000000e+00
 0.00000000e+00 0.00000000e+00 0.00000000e+00 0.00000000e+00
 1.23269379e+00 1.00000000e+00 3.54067756e-03 9.92286224e-01
 5.73813250e-03 0.00000000e+00 0.00000000e+00 0.00000000e+00
 0.00000000e+00 0.00000000e+00 0.00000000e+00 0.00000000e+00
 0.00000000e+00]",Bitwuzla,60.043476819992065,timeout (30.0 s),"['YICES', 'Bitwuzla', 'Z3', 'CVC4', 'BOOLECTOR', 'MathSAT']","[30, 30]"
./tmp/QF_AUFBV/com.galois.ecc.P384ECC64.ec_twin_mul_init.short.smt2,"[0.         0.71466397 1.         0.         0.         0.
 0.         0.36604775 0.         0.         0.         0.
 0.         0.         1.         0.         0.         0.
 0.         0.         0.         0.         0.         0.
 0.         0.         0.         0.         0.         0.
 0.         0.95833333 1.         0.         0.         0.
 0.         1.09523809 0.         0.30144168 1.21052631 0.20558659
 0.36220472 0.         0.61145764 0.         0.13263229 0.2861991
 2.13953488 1.55854509 0.         0.5289495  0.8714479  0.41348315
 0.27747989 0.03257214 0.08986569 0.23834197 0.         0.
 0.         0.         0.         0.         0.         0.
 0.         0.         0.         0.         0.         0.
 0.         0.         0.         0.         0.         0.
 0.         0.         0.         0.         0.         0.
 0.         0.         0.         0.         0.         0.
 0.         0.         0.         0.         0.         0.
 0.         0.         0.         0.         0.         0.
 0.         0.         0.         0.         0.         0.
 0.         0.         0.         0.         0.         0.
 0.         0.         0.         0.         0.         0.
 0.         0.         0.         0.         0.         0.
 0.         0.         0.         0.         0.         0.
 0.         0.         0.         0.         0.         0.
 0.         0.         0.         0.         0.         0.
 0.         0.         0.         0.         0.2363692  1.
 0.71376218 0.14434428 0.38923077 0.         0.         0.
 0.         0.         0.2861991  0.         0.24284523]",YICES,0.09070467948913574,unsat,"['YICES', 'MathSAT', 'BOOLECTOR', 'Z3', 'Bitwuzla', 'CVC4']",[0.06027579307556152]
./tmp/QF_AUFBV/com.galois.ecc.P384ECC64.ec_full_add1.short.smt2,"[0.         0.35537824 1.         0.         0.         0.
 0.         0.16483206 0.         0.         0.         0.
 0.         0.         1.         0.         0.         0.
 0.         0.         0.         0.         0.         0.
 0.         0.         0.         0.         0.         0.
 0.         0.96       1.         0.         0.         0.
 0.         2.08695652 0.         0.18725618 1.2        0.13333333
 0.07065751 0.         0.29712919 0.         0.05685279 0.11707317
 0.8832     0.87566011 0.         0.24161995 0.60929773 0.
 0.15978695 0.02122391 0.01756955 0.         0.         0.
 0.         0.         0.         0.         0.         0.
 0.         0.         0.         0.         0.         0.
 0.         0.         0.         0.         0.         0.
 0.         0.         0.         0.         0.         0.
 0.         0.         0.         0.         0.         0.
 0.         0.         0.         0.         0.         0.
 0.         0.         0.         0.         0.         0.
 0.         0.         0.         0.         0.         0.
 0.         0.         0.         0.         0.         0.
 0.         0.         0.         0.         0.         0.
 0.         0.         0.         0.         0.         0.
 0.         0.         0.         0.         0.         0.
 0.         0.         0.         0.         0.         0.
 0.         0.         0.         0.         0.         0.
 0.         0.         0.         0.         0.1242669  1.
 0.35399862 0.08034565 0.17411226 0.         0.         0.
 0.         0.         0.11707317 0.         0.11283186]",Bitwuzla,0.08517098426818848,unsat,"['Bitwuzla', 'Z3', 'YICES', 'BOOLECTOR', 'MathSAT', 'CVC4']",[0.061296939849853516]
./tmp/QF_AUFBV/com.galois.ecc.P384ECC64.ec_twin_mul_init1.short.smt2,"[0.         0.74257426 1.         0.         0.         0.
 0.         0.38899694 0.         0.         0.         0.
 0.         0.         1.         0.         0.         0.
 0.         0.         0.         0.         0.         0.
 0.         0.         0.         0.         0.         0.
 0.         0.96153846 1.         0.         0.         0.
 0.         1.04166667 0.         0.32092426 1.19047619 0.22026432
 0.38647343 0.         0.63960604 0.         0.14300135 0.30578206
 2.05580029 1.53222172 0.         0.5564877  0.89030207 0.4415011
 0.29605263 0.03532321 0.09722897 0.25641026 0.         0.
 0.         0.         0.         0.         0.         0.
 0.         0.         0.         0.         0.         0.
 0.         0.         0.         0.         0.         0.
 0.         0.         0.         0.         0.         0.
 0.         0.         0.         0.         0.         0.
 0.         0.         0.         0.         0.         0.
 0.         0.         0.         0.         0.         0.
 0.         0.         0.         0.         0.         0.
 0.         0.         0.         0.         0.         0.
 0.         0.         0.         0.         0.         0.
 0.         0.         0.         0.         0.         0.
 0.         0.         0.         0.         0.         0.
 0.         0.         0.         0.         0.         0.
 0.         0.         0.         0.         0.         0.
 0.         0.         0.         0.         0.25300609 1.
 0.74170704 0.15539872 0.41306797 0.         0.         0.
 0.         0.         0.30578206 0.         0.25998905]",MathSAT,0.3262770175933838,unsat,"['MathSAT', 'BOOLECTOR', 'Z3', 'YICES', 'CVC4', 'Bitwuzla']",[0.29599499702453613]
./tmp/QF_AUFBV/opStructure_MBA_6.smt2,"[2.59999993e+01 1.93538782e-03 9.99999999e-01 0.00000000e+00
 0.00000000e+00 0.00000000e+00 0.00000000e+00 1.68456127e-02
 0.00000000e+00 0.00000000e+00 0.00000000e+00 0.00000000e+00
 0.00000000e+00 0.00000000e+00 9.99999999e-01 0.00000000e+00
 0.00000000e+00 0.00000000e+00 0.00000000e+00 0.00000000e+00
 0.00000000e+00 0.00000000e+00 0.00000000e+00 0.00000000e+00
 0.00000000e+00 0.00000000e+00 0.00000000e+00 0.00000000e+00
 0.00000000e+00 0.00000000e+00 0.00000000e+00 1.19266055e+00
 9.99999999e-01 0.00000000e+00 0.00000000e+00 0.00000000e+00
 8.02469136e-02 0.00000000e+00 0.00000000e+00 0.00000000e+00
 0.00000000e+00 0.00000000e+00 0.00000000e+00 0.00000000e+00
 1.51515152e-03 0.00000000e+00 0.00000000e+00 0.00000000e+00
 2.64534884e-01 1.08900524e-01 0.00000000e+00 4.06522225e-02
 1.72457359e-01 0.00000000e+00 0.00000000e+00 1.83551006e-02
 1.89458343e-02 0.00000000e+00 6.02805462e+00 6.85308691e+00
 0.00000000e+00 0.00000000e+00 9.13446183e-02 0.00000000e+00
 0.00000000e+00 0.00000000e+00 0.00000000e+00 8.40879690e-02
 0.00000000e+00 0.00000000e+00 1.06066032e+01 0.00000000e+00
 0.00000000e+00 0.00000000e+00 0.00000000e+00 0.00000000e+00
 0.00000000e+00 0.00000000e+00 0.00000000e+00 0.00000000e+00
 0.00000000e+00 0.00000000e+00 0.00000000e+00 0.00000000e+00
 0.00000000e+00 0.00000000e+00 0.00000000e+00 0.00000000e+00
 0.00000000e+00 0.00000000e+00 0.00000000e+00 0.00000000e+00
 0.00000000e+00 0.00000000e+00 0.00000000e+00 0.00000000e+00
 0.00000000e+00 0.00000000e+00 0.00000000e+00 0.00000000e+00
 0.00000000e+00 0.00000000e+00 0.00000000e+00 0.00000000e+00
 0.00000000e+00 0.00000000e+00 0.00000000e+00 0.00000000e+00
 0.00000000e+00 0.00000000e+00 0.00000000e+00 0.00000000e+00
 0.00000000e+00 0.00000000e+00 0.00000000e+00 0.00000000e+00
 0.00000000e+00 0.00000000e+00 0.00000000e+00 0.00000000e+00
 0.00000000e+00 0.00000000e+00 0.00000000e+00 0.00000000e+00
 0.00000000e+00 0.00000000e+00 0.00000000e+00 0.00000000e+00
 0.00000000e+00 0.00000000e+00 0.00000000e+00 0.00000000e+00
 0.00000000e+00 0.00000000e+00 0.00000000e+00 1.29999998e+01
 0.00000000e+00 0.00000000e+00 0.00000000e+00 0.00000000e+00
 0.00000000e+00 0.00000000e+00 0.00000000e+00 0.00000000e+00
 0.00000000e+00 0.00000000e+00 0.00000000e+00 0.00000000e+00
 3.76992837e+00 1.00000000e+00 1.93798450e-03 4.81852677e+00
 2.27613807e-02 0.00000000e+00 0.00000000e+00 0.00000000e+00
 0.00000000e+00 0.00000000e+00 0.00000000e+00 0.00000000e+00
 0.00000000e+00]",Bitwuzla,60.08131289482117,timeout (30.0 s),"['YICES', 'Bitwuzla', 'CVC4', 'Z3', 'MathSAT', 'BOOLECTOR']","[30, 30]"
./tmp/QF_AUFBV/com.galois.ecc.P384ECC64.sq_inner22.short.smt2,"[0.00000000e+00 1.51887491e-01 9.99999999e-01 0.00000000e+00
 0.00000000e+00 0.00000000e+00 0.00000000e+00 7.97342193e-02
 0.00000000e+00 0.00000000e+00 0.00000000e+00 0.00000000e+00
 0.00000000e+00 0.00000000e+00 9.99999999e-01 0.00000000e+00
 0.00000000e+00 0.00000000e+00 0.00000000e+00 0.00000000e+00
 0.00000000e+00 0.00000000e+00 0.00000000e+00 0.00000000e+00
 0.00000000e+00 0.00000000e+00 0.00000000e+00 0.00000000e+00
 0.00000000e+00 0.00000000e+00 0.00000000e+00 9.55752212e-01
 9.99999999e-01 0.00000000e+00 0.00000000e+00 0.00000000e+00
 0.00000000e+00 1.08000000e+00 0.00000000e+00 6.91421255e-02
 1.22727273e+00 5.93406593e-02 0.00000000e+00 0.00000000e+00
 1.19053145e-01 0.00000000e+00 3.62903226e-02 2.99888930e-02
 1.17221418e-01 2.91654336e-01 6.74999995e+00 1.08120133e-01
 1.94731891e-01 1.57172557e+00 3.54796321e-02 2.85613540e-02
 0.00000000e+00 0.00000000e+00 4.56852792e-04 8.20718585e-04
 0.00000000e+00 0.00000000e+00 8.62068966e-03 0.00000000e+00
 0.00000000e+00 0.00000000e+00 0.00000000e+00 0.00000000e+00
 0.00000000e+00 0.00000000e+00 0.00000000e+00 0.00000000e+00
 0.00000000e+00 0.00000000e+00 0.00000000e+00 0.00000000e+00
 2.47706422e-01 5.99999998e+00 0.00000000e+00 0.00000000e+00
 0.00000000e+00 0.00000000e+00 0.00000000e+00 0.00000000e+00
 4.15384615e+00 0.00000000e+00 0.00000000e+00 0.00000000e+00
 0.00000000e+00 0.00000000e+00 0.00000000e+00 0.00000000e+00
 0.00000000e+00 0.00000000e+00 0.00000000e+00 0.00000000e+00
 0.00000000e+00 0.00000000e+00 0.00000000e+00 0.00000000e+00
 0.00000000e+00 0.00000000e+00 0.00000000e+00 0.00000000e+00
 0.00000000e+00 0.00000000e+00 0.00000000e+00 0.00000000e+00
 0.00000000e+00 0.00000000e+00 0.00000000e+00 0.00000000e+00
 0.00000000e+00 0.00000000e+00 0.00000000e+00 0.00000000e+00
 0.00000000e+00 0.00000000e+00 0.00000000e+00 0.00000000e+00
 0.00000000e+00 0.00000000e+00 0.00000000e+00 0.00000000e+00
 0.00000000e+00 0.00000000e+00 0.00000000e+00 0.00000000e+00
 0.00000000e+00 0.00000000e+00 0.00000000e+00 0.00000000e+00
 0.00000000e+00 0.00000000e+00 0.00000000e+00 0.00000000e+00
 0.00000000e+00 0.00000000e+00 0.00000000e+00 0.00000000e+00
 0.00000000e+00 0.00000000e+00 0.00000000e+00 0.00000000e+00
 0.00000000e+00 0.00000000e+00 0.00000000e+00 0.00000000e+00
 4.75811327e-02 1.00000000e+00 1.50100067e-01 3.68521380e-02
 9.42173480e-02 0.00000000e+00 0.00000000e+00 0.00000000e+00
 0.00000000e+00 0.00000000e+00 2.99888930e-02 0.00000000e+00
 9.20496386e-02]",CVC4,0.3149380683898926,sat,"['CVC4', 'Z3', 'YICES', 'Bitwuzla', 'MathSAT', 'BOOLECTOR']",[0.2944300174713135]
./tmp/QF_AUFBV/com.galois.ecc.P384ECC64.ec_mul_aux2.short.smt2,"[ 0.          5.79395362  1.          0.          0.          0.
  0.          6.65428451  0.          0.          0.          0.
  0.          0.          1.          0.          0.          0.
  0.          0.          0.          0.          0.          0.
  0.          0.          0.          0.          0.          0.
  0.          0.95726496  1.          0.          0.          0.
  0.          1.07692308  0.          3.008       1.2173913   3.45279383
  3.10309278  0.          6.91528682  0.         11.44696067  3.21206162
  1.49589041  1.00656205  0.          7.1311557   1.3058296   6.5199362
  3.10747664  1.23175459  0.85707558  8.14545454  0.          0.
  0.          0.          0.03571429  0.43550668  7.44055944  0.
  0.          0.          0.          0.          0.          0.
  0.          0.          0.          0.         13.53554502  0.
  0.          0.          3.34513274  0.          0.          0.
  0.          0.          0.          0.          0.          0.
  0.          0.          0.          0.          0.          0.
  0.          0.          0.          0.          0.          0.
  0.          0.          0.          0.          0.          0.
  0.          0.          0.          0.          0.          0.
  0.          0.          0.          0.          0.          0.
  0.          0.          0.          0.          0.          0.
  0.          0.          0.          0.          0.          0.
  0.          0.          0.          0.          0.          0.
  0.          0.          0.          0.          0.          0.
  0.          0.          0.          0.          2.15532065  1.
  5.79911842  1.14855421  7.66585211  0.          0.          0.
  0.          0.          3.21206162  0.          8.1023355 ]",BOOLECTOR,0.7494618892669678,unsat,"['BOOLECTOR', 'Bitwuzla', 'MathSAT', 'YICES', 'Z3', 'CVC4']",[0.596160888671875]
./tmp/QF_AUFBV/opStructure_NPT_2.smt2,"[0.         0.00170228 1.         0.         0.         0.
 0.         0.00407991 0.         0.         0.         0.
 0.         0.         1.         0.         0.         0.
 0.         0.         0.         0.         0.         0.
 0.         0.         0.         0.         0.         0.
 0.         1.18852459 1.         0.         0.         0.
 0.08923077 0.         0.         0.         0.         0.02791145
 0.         0.         0.00253375 0.         0.         0.
 0.07923497 0.03305785 0.         0.00961379 0.0519248  0.
 0.         0.         0.         0.         0.00441557 0.00881245
 0.         0.         0.         0.0409476  0.         0.
 0.         0.         0.         0.         0.         0.
 0.         0.         0.         0.         0.         0.
 0.         0.         0.         0.         0.         0.
 0.         0.         0.         0.         0.         0.
 0.         0.         0.         0.         0.         0.
 0.         0.         0.         0.         0.         0.
 0.         0.         0.         0.         0.         0.
 0.         0.         0.         0.         0.         0.
 0.         0.         0.         0.         0.         0.
 0.         0.         0.         0.         0.         0.
 0.         0.         0.         0.         0.         0.
 0.         0.         0.         0.         0.         0.
 0.         0.         0.         0.         0.         0.
 0.         0.         0.         0.         0.01125679 1.
 0.00340836 0.00797548 0.00524839 0.         0.         0.
 0.         0.         0.         0.         0.        ]",YICES,30.169134855270386,sat,"['Z3', 'YICES', 'CVC4', 'MathSAT', 'Bitwuzla', 'BOOLECTOR']","[30, 0.15368890762329102]"
./tmp/QF_AUFBV/com.galois.ecc.P384ECC64.mul_inner4.short.smt2,"[0.00000000e+00 1.54169587e-01 9.99999999e-01 0.00000000e+00
 0.00000000e+00 0.00000000e+00 0.00000000e+00 1.78309209e-01
 0.00000000e+00 0.00000000e+00 0.00000000e+00 0.00000000e+00
 0.00000000e+00 0.00000000e+00 9.99999999e-01 0.00000000e+00
 0.00000000e+00 0.00000000e+00 0.00000000e+00 0.00000000e+00
 0.00000000e+00 0.00000000e+00 0.00000000e+00 0.00000000e+00
 0.00000000e+00 0.00000000e+00 0.00000000e+00 0.00000000e+00
 0.00000000e+00 0.00000000e+00 0.00000000e+00 9.52380952e-01
 9.99999999e-01 0.00000000e+00 0.00000000e+00 0.00000000e+00
 0.00000000e+00 1.11111111e+00 0.00000000e+00 2.04313280e-01
 1.25000000e+00 2.85986654e-01 1.79333903e-01 0.00000000e+00
 1.25288206e-01 0.00000000e+00 8.32012678e-02 2.14773837e-01
 4.09276944e-02 1.40405616e-01 0.00000000e+00 1.73038893e-01
 2.04505039e-01 1.42857143e-01 1.74216028e-01 6.55903128e-02
 4.93653032e-02 2.16606498e-01 1.01503950e-03 9.11604728e-04
 0.00000000e+00 0.00000000e+00 0.00000000e+00 9.41028858e-03
 0.00000000e+00 0.00000000e+00 0.00000000e+00 0.00000000e+00
 0.00000000e+00 0.00000000e+00 0.00000000e+00 0.00000000e+00
 0.00000000e+00 0.00000000e+00 0.00000000e+00 0.00000000e+00
 2.81690141e-01 7.49999998e+00 0.00000000e+00 0.00000000e+00
 0.00000000e+00 0.00000000e+00 0.00000000e+00 0.00000000e+00
 1.05000000e+01 0.00000000e+00 0.00000000e+00 0.00000000e+00
 0.00000000e+00 0.00000000e+00 0.00000000e+00 0.00000000e+00
 0.00000000e+00 0.00000000e+00 0.00000000e+00 0.00000000e+00
 0.00000000e+00 0.00000000e+00 0.00000000e+00 0.00000000e+00
 0.00000000e+00 0.00000000e+00 0.00000000e+00 0.00000000e+00
 0.00000000e+00 0.00000000e+00 0.00000000e+00 0.00000000e+00
 0.00000000e+00 0.00000000e+00 0.00000000e+00 0.00000000e+00
 0.00000000e+00 0.00000000e+00 0.00000000e+00 0.00000000e+00
 0.00000000e+00 0.00000000e+00 0.00000000e+00 0.00000000e+00
 0.00000000e+00 0.00000000e+00 0.00000000e+00 0.00000000e+00
 0.00000000e+00 0.00000000e+00 0.00000000e+00 0.00000000e+00
 0.00000000e+00 0.00000000e+00 0.00000000e+00 0.00000000e+00
 0.00000000e+00 0.00000000e+00 0.00000000e+00 0.00000000e+00
 0.00000000e+00 0.00000000e+00 0.00000000e+00 0.00000000e+00
 0.00000000e+00 0.00000000e+00 0.00000000e+00 0.00000000e+00
 0.00000000e+00 0.00000000e+00 0.00000000e+00 0.00000000e+00
 5.92719493e-02 1.00000000e+00 1.52595884e-01 4.46458231e-02
 1.67371547e-01 0.00000000e+00 0.00000000e+00 0.00000000e+00
 0.00000000e+00 0.00000000e+00 2.14773837e-01 0.00000000e+00
 1.76300578e-01]",Bitwuzla,0.17029428482055664,sat,"['Bitwuzla', 'CVC4', 'YICES', 'MathSAT', 'Z3', 'BOOLECTOR']",[0.14999008178710938]
./tmp/QF_AUFBV/com.galois.ecc.P384ECC64.mod_div14.short.smt2,"[0.         0.28341627 1.         0.         0.         0.
 0.         0.25156055 0.         0.         0.         0.
 0.         0.         1.         0.         0.         0.
 0.         0.         0.         0.         0.         0.
 0.         0.         0.         0.         0.         0.
 0.         0.95384615 1.         0.         0.         0.
 0.         1.10714286 0.         0.2096956  1.24       0.14705882
 0.15802889 0.         0.23421984 0.         0.07351779 0.16056976
 0.58099063 1.8247464  0.         0.31604274 2.92860977 0.04912837
 0.17898383 0.03645221 0.05092701 0.         0.         0.
 0.         0.         0.         0.01943574 0.         0.
 0.         0.         0.         0.         0.01040501 0.
 0.         0.         0.         0.         0.14485981 0.
 0.         0.         0.2043956  0.         0.         0.
 0.         0.         0.         0.         0.         0.
 0.         0.         0.         0.         0.         0.
 0.         0.         0.         0.         0.         0.
 0.         0.         0.         0.         0.         0.
 0.         0.         0.         0.         0.         0.
 0.         0.         0.         0.         0.         0.
 0.         0.         0.         0.         0.         0.
 0.         0.         0.         0.         0.         0.
 0.         0.         0.         0.         0.         0.
 0.         0.         0.         0.         0.         0.
 0.         0.         0.         0.         0.18676976 1.
 0.28196512 0.07301047 0.27098386 0.         0.         0.
 0.         0.         0.16056976 0.         0.24885321]",MathSAT,0.2167530059814453,unsat,"['MathSAT', 'YICES', 'BOOLECTOR', 'Z3', 'CVC4', 'Bitwuzla']",[0.1936490535736084]
./tmp/QF_AUFBV/com.galois.ecc.P384ECC64.ec_twin_mul_aux12.short.smt2,"[0.         2.29946294 1.         0.         0.         0.
 0.         2.36572676 0.         0.         0.         0.
 0.         0.         1.         0.         0.         0.
 0.         0.         0.         0.         0.         0.
 0.         0.         0.         0.         0.         0.
 0.         0.95522388 1.         0.         0.         0.
 0.         1.10344827 0.         3.03673469 1.23076923 2.7729636
 4.183161   0.         2.27058682 0.         1.04015296 3.41469057
 2.00752823 1.51373347 0.         2.04489235 1.21456235 6.04627249
 3.07306889 0.52866347 1.27625056 0.22939068 0.         0.
 0.         0.         0.         0.         0.         0.
 0.         0.         0.         0.         0.         0.
 0.         0.         0.         0.         0.         0.
 0.         0.         0.         0.         0.         0.
 0.         0.         0.         0.         0.         0.
 0.         0.         0.         0.         0.         0.
 0.         0.         0.         0.         0.         0.
 0.         0.         0.         0.         0.         0.
 0.         0.         0.         0.         0.         0.
 0.         0.         0.         0.         0.         0.
 0.         0.         0.         0.         0.         0.
 0.         0.         0.         0.         0.         0.
 0.         0.         0.         0.         0.         0.
 0.         0.         0.         0.         0.         0.
 0.         0.         0.         0.         0.78717423 1.
 2.30046242 0.51913998 2.07906589 0.         0.         0.
 0.         0.         3.41469057 0.         2.08415974]",CVC4,0.659315824508667,unsat,"['CVC4', 'YICES', 'MathSAT', 'Bitwuzla', 'Z3', 'BOOLECTOR']",[0.5949428081512451]
./tmp/QF_AUFBV/opStructure_C_16_32_2_2.smt2,"[0.00000000e+00 1.77219269e-03 9.99999999e-01 0.00000000e+00
 0.00000000e+00 0.00000000e+00 0.00000000e+00 4.23864877e-03
 0.00000000e+00 0.00000000e+00 0.00000000e+00 0.00000000e+00
 0.00000000e+00 0.00000000e+00 9.99999999e-01 0.00000000e+00
 0.00000000e+00 0.00000000e+00 0.00000000e+00 0.00000000e+00
 0.00000000e+00 0.00000000e+00 0.00000000e+00 0.00000000e+00
 0.00000000e+00 0.00000000e+00 0.00000000e+00 0.00000000e+00
 0.00000000e+00 0.00000000e+00 0.00000000e+00 1.18705036e+00
 9.99999999e-01 0.00000000e+00 0.00000000e+00 0.00000000e+00
 2.27814380e+00 0.00000000e+00 8.24999993e+00 0.00000000e+00
 0.00000000e+00 5.70934256e-02 0.00000000e+00 0.00000000e+00
 5.29376379e-03 0.00000000e+00 0.00000000e+00 0.00000000e+00
 8.26032541e-02 3.35365854e-02 0.00000000e+00 1.00747977e-02
 5.10440835e-02 0.00000000e+00 0.00000000e+00 1.74526678e+00
 1.58558559e+00 0.00000000e+00 3.34623380e-02 2.38921234e-01
 0.00000000e+00 0.00000000e+00 2.27315914e+00 2.20128730e+00
 0.00000000e+00 0.00000000e+00 0.00000000e+00 2.22919180e+00
 0.00000000e+00 0.00000000e+00 0.00000000e+00 0.00000000e+00
 0.00000000e+00 0.00000000e+00 0.00000000e+00 0.00000000e+00
 0.00000000e+00 0.00000000e+00 0.00000000e+00 0.00000000e+00
 0.00000000e+00 0.00000000e+00 0.00000000e+00 0.00000000e+00
 0.00000000e+00 0.00000000e+00 0.00000000e+00 0.00000000e+00
 0.00000000e+00 0.00000000e+00 0.00000000e+00 0.00000000e+00
 0.00000000e+00 0.00000000e+00 0.00000000e+00 0.00000000e+00
 0.00000000e+00 0.00000000e+00 0.00000000e+00 0.00000000e+00
 0.00000000e+00 0.00000000e+00 0.00000000e+00 0.00000000e+00
 0.00000000e+00 0.00000000e+00 0.00000000e+00 0.00000000e+00
 0.00000000e+00 0.00000000e+00 0.00000000e+00 0.00000000e+00
 0.00000000e+00 0.00000000e+00 0.00000000e+00 0.00000000e+00
 0.00000000e+00 0.00000000e+00 0.00000000e+00 0.00000000e+00
 0.00000000e+00 0.00000000e+00 0.00000000e+00 0.00000000e+00
 0.00000000e+00 0.00000000e+00 0.00000000e+00 0.00000000e+00
 0.00000000e+00 0.00000000e+00 0.00000000e+00 0.00000000e+00
 0.00000000e+00 0.00000000e+00 0.00000000e+00 0.00000000e+00
 0.00000000e+00 0.00000000e+00 0.00000000e+00 0.00000000e+00
 0.00000000e+00 0.00000000e+00 0.00000000e+00 0.00000000e+00
 0.00000000e+00 0.00000000e+00 0.00000000e+00 0.00000000e+00
 3.06237540e-01 1.00000000e+00 5.32229450e-03 2.49569663e-01
 5.50366911e-03 0.00000000e+00 0.00000000e+00 0.00000000e+00
 0.00000000e+00 0.00000000e+00 0.00000000e+00 0.00000000e+00
 0.00000000e+00]",Bitwuzla,60.021798849105835,timeout (30.0 s),"['MathSAT', 'Bitwuzla', 'Z3', 'BOOLECTOR', 'CVC4', 'YICES']","[30, 30]"
./tmp/QF_AUFBV/opStructure_O_16_24_2_2.smt2,"[0.00000000e+00 1.82579744e-03 9.99999999e-01 0.00000000e+00
 0.00000000e+00 0.00000000e+00 0.00000000e+00 4.36653182e-03
 0.00000000e+00 0.00000000e+00 0.00000000e+00 0.00000000e+00
 0.00000000e+00 0.00000000e+00 9.99999999e-01 0.00000000e+00
 0.00000000e+00 0.00000000e+00 0.00000000e+00 0.00000000e+00
 0.00000000e+00 0.00000000e+00 0.00000000e+00 0.00000000e+00
 0.00000000e+00 0.00000000e+00 0.00000000e+00 0.00000000e+00
 0.00000000e+00 0.00000000e+00 0.00000000e+00 1.18055556e+00
 9.99999999e-01 0.00000000e+00 0.00000000e+00 0.00000000e+00
 6.44800371e+00 0.00000000e+00 6.79999995e+00 0.00000000e+00
 0.00000000e+00 2.93863440e-02 0.00000000e+00 0.00000000e+00
 4.09014356e-03 0.00000000e+00 0.00000000e+00 0.00000000e+00
 8.48938826e-02 3.45177665e-02 0.00000000e+00 1.03769266e-02
 5.25096525e-02 0.00000000e+00 0.00000000e+00 5.19262893e+00
 4.80883978e+00 0.00000000e+00 1.16816842e-01 8.17817818e-01
 0.00000000e+00 0.00000000e+00 6.31334623e+00 6.23461952e+00
 0.00000000e+00 0.00000000e+00 0.00000000e+00 6.39373164e+00
 0.00000000e+00 0.00000000e+00 0.00000000e+00 0.00000000e+00
 0.00000000e+00 0.00000000e+00 0.00000000e+00 0.00000000e+00
 0.00000000e+00 0.00000000e+00 0.00000000e+00 0.00000000e+00
 0.00000000e+00 0.00000000e+00 0.00000000e+00 0.00000000e+00
 0.00000000e+00 0.00000000e+00 0.00000000e+00 0.00000000e+00
 0.00000000e+00 0.00000000e+00 0.00000000e+00 0.00000000e+00
 0.00000000e+00 0.00000000e+00 0.00000000e+00 0.00000000e+00
 0.00000000e+00 0.00000000e+00 0.00000000e+00 0.00000000e+00
 0.00000000e+00 0.00000000e+00 0.00000000e+00 0.00000000e+00
 0.00000000e+00 0.00000000e+00 0.00000000e+00 0.00000000e+00
 0.00000000e+00 0.00000000e+00 0.00000000e+00 0.00000000e+00
 0.00000000e+00 0.00000000e+00 0.00000000e+00 0.00000000e+00
 0.00000000e+00 0.00000000e+00 0.00000000e+00 0.00000000e+00
 0.00000000e+00 0.00000000e+00 0.00000000e+00 0.00000000e+00
 0.00000000e+00 0.00000000e+00 0.00000000e+00 0.00000000e+00
 0.00000000e+00 0.00000000e+00 0.00000000e+00 0.00000000e+00
 0.00000000e+00 0.00000000e+00 0.00000000e+00 0.00000000e+00
 0.00000000e+00 0.00000000e+00 0.00000000e+00 0.00000000e+00
 0.00000000e+00 0.00000000e+00 0.00000000e+00 0.00000000e+00
 0.00000000e+00 0.00000000e+00 0.00000000e+00 0.00000000e+00
 1.02107173e+00 1.00000000e+00 3.65532441e-03 8.38637196e-01
 5.66950142e-03 0.00000000e+00 0.00000000e+00 0.00000000e+00
 0.00000000e+00 0.00000000e+00 0.00000000e+00 0.00000000e+00
 0.00000000e+00]",YICES,60.030672788619995,timeout (30.0 s),"['CVC4', 'YICES', 'MathSAT', 'Bitwuzla', 'BOOLECTOR', 'Z3']","[30, 30]"
./tmp/QF_AUFBV/com.galois.ecc.P384ECC64.ec_twin_mul_aux1.short.smt2,"[0.         2.34619238 1.         0.         0.         0.
 0.         2.40881368 0.         0.         0.         0.
 0.         0.         1.         0.         0.         0.
 0.         0.         0.         0.         0.         0.
 0.         0.         0.         0.         0.         0.
 0.         0.94594595 1.         0.         0.         0.
 0.         1.16666667 0.         3.03355079 1.29629629 2.78440732
 4.04637492 0.         2.31830606 0.         1.10185185 3.37470604
 2.05640423 1.57779932 0.         2.10105429 1.27604167 5.56216216
 3.06666667 0.45793537 1.10486891 0.24911032 0.         0.
 0.         0.         0.         0.         0.         0.
 0.         0.         0.         0.         0.         0.
 0.         0.         0.         0.         0.         0.
 0.         0.         0.         0.         0.         0.
 0.         0.         0.         0.         0.         0.
 0.         0.         0.         0.         0.         0.
 0.         0.         0.         0.         0.         0.
 0.         0.         0.         0.         0.         0.
 0.         0.         0.         0.         0.         0.
 0.         0.         0.         0.         0.         0.
 0.         0.         0.         0.         0.         0.
 0.         0.         0.         0.         0.         0.
 0.         0.         0.         0.         0.         0.
 0.         0.         0.         0.         0.         0.
 0.         0.         0.         0.         0.80825925 1.
 2.34679037 0.54111828 2.13458076 0.         0.         0.
 0.         0.         3.37470604 0.         2.14016105]",YICES,0.25640296936035156,unsat,"['YICES', 'Bitwuzla', 'CVC4', 'MathSAT', 'Z3', 'BOOLECTOR']",[0.19033098220825195]
./tmp/QF_AUFBV/com.galois.ecc.P384ECC64.mod_div10.short.smt2,"[0.         0.23295172 1.         0.         0.         0.
 0.         0.19056682 0.         0.         0.         0.
 0.         0.         1.         0.         0.         0.
 0.         0.         0.         0.         0.         0.
 0.         0.         0.         0.         0.         0.
 0.         0.94736842 1.         0.         0.         0.
 0.         1.16129032 0.         0.10037175 1.28571428 0.05718824
 0.1171875  0.         0.19039815 0.         0.05990017 0.08446298
 0.58265896 1.77511521 0.         0.26653378 2.80722616 0.
 0.06844106 0.01412503 0.03207413 0.         0.         0.
 0.         0.         0.         0.01289706 0.         0.
 0.         0.         0.         0.         0.00805369 0.
 0.         0.         0.         0.         0.         0.
 0.         0.         0.15754923 0.         0.         0.
 0.         0.         0.         0.         0.         0.
 0.         0.         0.         0.         0.         0.
 0.         0.         0.         0.         0.         0.
 0.         0.         0.         0.         0.         0.
 0.         0.         0.         0.         0.         0.
 0.         0.         0.         0.         0.         0.
 0.         0.         0.         0.         0.         0.
 0.         0.         0.         0.         0.         0.
 0.         0.         0.         0.         0.         0.
 0.         0.         0.         0.         0.         0.
 0.         0.         0.         0.         0.17760388 1.
 0.23140166 0.06728388 0.21571984 0.         0.         0.
 0.         0.         0.08446298 0.         0.18923655]",MathSAT,0.21713590621948242,unsat,"['MathSAT', 'BOOLECTOR', 'Bitwuzla', 'YICES', 'Z3', 'CVC4']",[0.19284796714782715]
./tmp/QF_AUFBV/com.galois.ecc.P384ECC64.ec_full_sub1.short.smt2,"[0.         0.22151304 1.         0.         0.         0.
 0.         0.12501482 0.         0.         0.         0.
 0.         0.         1.         0.         0.         0.
 0.         0.         0.         0.         0.         0.
 0.         0.         0.         0.         0.         0.
 0.         0.94871795 1.         0.         0.         0.
 0.         2.24242424 0.         0.06864564 1.27586207 0.02936508
 0.04811443 0.         0.17692194 0.         0.04099723 0.03854167
 0.71315193 0.78439332 0.         0.18868192 0.89176523 0.15931109
 0.0351377  0.0048385  0.01318133 0.13120567 0.         0.
 0.         0.         0.         0.         0.         0.
 0.         0.         0.         0.         0.00827555 0.
 0.         0.         0.         0.         0.         0.
 0.         0.         0.         0.         0.         0.
 0.         0.         0.         0.         0.         0.
 0.         0.         0.         0.         0.         0.
 0.         0.         0.         0.         0.         0.
 0.         0.         0.         0.         0.         0.
 0.         0.         0.         0.         0.         0.
 0.         0.         0.         0.         0.         0.
 0.         0.         0.         0.         0.         0.
 0.         0.         0.         0.         0.         0.
 0.         0.         0.         0.         0.         0.
 0.         0.         0.         0.         0.         0.
 0.         0.         0.         0.         0.10241551 1.
 0.21992174 0.06567026 0.14912417 0.         0.         0.
 0.         0.         0.03854167 0.         0.1077371 ]",Bitwuzla,0.1689012050628662,unsat,"['Bitwuzla', 'MathSAT', 'Z3', 'BOOLECTOR', 'YICES', 'CVC4']",[0.14511513710021973]
./tmp/QF_AUFBV/com.galois.ecc.P384ECC64.ec_mul_aux4.short.smt2,"[ 0.          5.64332659  1.          0.          0.          0.
  0.          6.3395891   0.          0.          0.          0.
  0.          0.          1.          0.          0.          0.
  0.          0.          0.          0.          0.          0.
  0.          0.          0.          0.          0.          0.
  0.          0.95        1.          0.          0.          0.
  0.          1.11764706  0.          3.04778157  1.26666667  3.50432277
  2.94061188  0.          6.58312647  0.         10.46487354  3.17422434
  1.60912052  1.05        0.          6.79052993  1.27841277  5.16093023
  3.1445993   1.25417299  0.86002786  8.39779005  0.          0.
  0.          0.          0.03671498  0.44399858  7.97790055  0.
  0.          0.          0.          0.          0.          0.
  0.          0.          0.          0.         12.26582278  0.
  0.          0.          4.01565558  0.          0.          0.
  0.          0.          0.          0.          0.          0.
  0.          0.          0.          0.          0.          0.
  0.          0.          0.          0.          0.          0.
  0.          0.          0.          0.          0.          0.
  0.          0.          0.          0.          0.          0.
  0.          0.          0.          0.          0.          0.
  0.          0.          0.          0.          0.          0.
  0.          0.          0.          0.          0.          0.
  0.          0.          0.          0.          0.          0.
  0.          0.          0.          0.          0.          0.
  0.          0.          0.          0.          2.46465229  1.
  5.64719774  1.39676999  7.21730395  0.          0.          0.
  0.          0.          3.17422434  0.          7.56150873]",CVC4,3.138871908187866,unsat,"['CVC4', 'Z3', 'MathSAT', 'YICES', 'BOOLECTOR', 'Bitwuzla']",[2.975532054901123]
./tmp/QF_AUFBV/opStructure_O_32_16_2_2.smt2,"[0.00000000e+00 1.64300459e-03 9.99999999e-01 0.00000000e+00
 0.00000000e+00 0.00000000e+00 0.00000000e+00 3.85185185e-03
 0.00000000e+00 0.00000000e+00 0.00000000e+00 0.00000000e+00
 0.00000000e+00 0.00000000e+00 9.99999999e-01 0.00000000e+00
 0.00000000e+00 0.00000000e+00 0.00000000e+00 0.00000000e+00
 0.00000000e+00 0.00000000e+00 0.00000000e+00 0.00000000e+00
 0.00000000e+00 0.00000000e+00 0.00000000e+00 0.00000000e+00
 0.00000000e+00 0.00000000e+00 0.00000000e+00 1.18181818e+00
 9.99999999e-01 0.00000000e+00 0.00000000e+00 0.00000000e+00
 7.68369059e+00 0.00000000e+00 6.49999996e+00 0.00000000e+00
 0.00000000e+00 2.80777538e-02 0.00000000e+00 0.00000000e+00
 3.58521787e-03 0.00000000e+00 0.00000000e+00 0.00000000e+00
 8.45070422e-02 3.41805434e-02 0.00000000e+00 9.07240477e-03
 5.03984493e-02 0.00000000e+00 0.00000000e+00 6.34307497e+00
 5.90070922e+00 0.00000000e+00 1.72638710e-01 1.17702653e+00
 0.00000000e+00 0.00000000e+00 7.73353989e+00 7.58868821e+00
 0.00000000e+00 0.00000000e+00 0.00000000e+00 7.81832420e+00
 0.00000000e+00 0.00000000e+00 0.00000000e+00 0.00000000e+00
 0.00000000e+00 0.00000000e+00 0.00000000e+00 0.00000000e+00
 0.00000000e+00 0.00000000e+00 0.00000000e+00 0.00000000e+00
 0.00000000e+00 0.00000000e+00 0.00000000e+00 0.00000000e+00
 0.00000000e+00 0.00000000e+00 0.00000000e+00 0.00000000e+00
 0.00000000e+00 0.00000000e+00 0.00000000e+00 0.00000000e+00
 0.00000000e+00 0.00000000e+00 0.00000000e+00 0.00000000e+00
 0.00000000e+00 0.00000000e+00 0.00000000e+00 0.00000000e+00
 0.00000000e+00 0.00000000e+00 0.00000000e+00 0.00000000e+00
 0.00000000e+00 0.00000000e+00 0.00000000e+00 0.00000000e+00
 0.00000000e+00 0.00000000e+00 0.00000000e+00 0.00000000e+00
 0.00000000e+00 0.00000000e+00 0.00000000e+00 0.00000000e+00
 0.00000000e+00 0.00000000e+00 0.00000000e+00 0.00000000e+00
 0.00000000e+00 0.00000000e+00 0.00000000e+00 0.00000000e+00
 0.00000000e+00 0.00000000e+00 0.00000000e+00 0.00000000e+00
 0.00000000e+00 0.00000000e+00 0.00000000e+00 0.00000000e+00
 0.00000000e+00 0.00000000e+00 0.00000000e+00 0.00000000e+00
 0.00000000e+00 0.00000000e+00 0.00000000e+00 0.00000000e+00
 0.00000000e+00 0.00000000e+00 0.00000000e+00 0.00000000e+00
 0.00000000e+00 0.00000000e+00 0.00000000e+00 0.00000000e+00
 1.35090660e+00 1.00000000e+00 3.28905756e-03 1.16695851e+00
 4.89672924e-03 0.00000000e+00 0.00000000e+00 0.00000000e+00
 0.00000000e+00 0.00000000e+00 0.00000000e+00 0.00000000e+00
 0.00000000e+00]",YICES,60.038652181625366,timeout (30.0 s),"['BOOLECTOR', 'YICES', 'Bitwuzla', 'MathSAT', 'Z3', 'CVC4']","[30, 30]"
./tmp/QF_AUFBV/com.galois.ecc.P384ECC64.sq_inner13.short.smt2,"[0.00000000e+00 5.04901755e-02 9.99999999e-01 0.00000000e+00
 0.00000000e+00 0.00000000e+00 0.00000000e+00 4.73512874e-02
 0.00000000e+00 0.00000000e+00 0.00000000e+00 0.00000000e+00
 0.00000000e+00 0.00000000e+00 9.99999999e-01 0.00000000e+00
 0.00000000e+00 0.00000000e+00 0.00000000e+00 0.00000000e+00
 0.00000000e+00 0.00000000e+00 0.00000000e+00 0.00000000e+00
 0.00000000e+00 0.00000000e+00 0.00000000e+00 0.00000000e+00
 0.00000000e+00 0.00000000e+00 0.00000000e+00 9.46745562e-01
 9.99999999e-01 0.00000000e+00 0.00000000e+00 0.00000000e+00
 0.00000000e+00 1.14285714e+00 0.00000000e+00 6.81431005e-02
 1.29032258e+00 5.75125809e-02 0.00000000e+00 0.00000000e+00
 3.67376929e-02 0.00000000e+00 2.13989568e-02 2.86191271e-02
 4.32900433e-02 1.44089073e-01 0.00000000e+00 5.80720093e-02
 1.97171024e-01 7.42804085e-02 3.48128808e-02 1.27024452e-02
 0.00000000e+00 1.10192837e-01 3.35348217e-04 0.00000000e+00
 0.00000000e+00 0.00000000e+00 7.74443369e-03 3.80191997e-03
 0.00000000e+00 0.00000000e+00 0.00000000e+00 0.00000000e+00
 0.00000000e+00 0.00000000e+00 0.00000000e+00 0.00000000e+00
 0.00000000e+00 0.00000000e+00 0.00000000e+00 0.00000000e+00
 2.51572327e-01 3.07692307e+00 0.00000000e+00 0.00000000e+00
 0.00000000e+00 0.00000000e+00 0.00000000e+00 0.00000000e+00
 3.63636363e+00 0.00000000e+00 0.00000000e+00 0.00000000e+00
 0.00000000e+00 0.00000000e+00 0.00000000e+00 0.00000000e+00
 0.00000000e+00 0.00000000e+00 0.00000000e+00 0.00000000e+00
 0.00000000e+00 0.00000000e+00 0.00000000e+00 0.00000000e+00
 0.00000000e+00 0.00000000e+00 0.00000000e+00 0.00000000e+00
 0.00000000e+00 0.00000000e+00 0.00000000e+00 0.00000000e+00
 0.00000000e+00 0.00000000e+00 0.00000000e+00 0.00000000e+00
 0.00000000e+00 0.00000000e+00 0.00000000e+00 0.00000000e+00
 0.00000000e+00 0.00000000e+00 0.00000000e+00 0.00000000e+00
 0.00000000e+00 0.00000000e+00 0.00000000e+00 0.00000000e+00
 0.00000000e+00 0.00000000e+00 0.00000000e+00 0.00000000e+00
 0.00000000e+00 0.00000000e+00 0.00000000e+00 0.00000000e+00
 0.00000000e+00 0.00000000e+00 0.00000000e+00 0.00000000e+00
 0.00000000e+00 0.00000000e+00 0.00000000e+00 0.00000000e+00
 0.00000000e+00 0.00000000e+00 0.00000000e+00 0.00000000e+00
 0.00000000e+00 0.00000000e+00 0.00000000e+00 0.00000000e+00
 2.72622749e-02 1.00000000e+00 4.88544474e-02 2.68261848e-02
 5.01598846e-02 0.00000000e+00 0.00000000e+00 0.00000000e+00
 0.00000000e+00 0.00000000e+00 2.86191271e-02 0.00000000e+00
 5.05823627e-02]",BOOLECTOR,0.15082097053527832,sat,"['BOOLECTOR', 'Bitwuzla', 'Z3', 'MathSAT', 'YICES', 'CVC4']",[0.134552001953125]
