./tmp/QF_AUFBV/com.galois.ecc.P384ECC64.mod_div10.short.smt2,"[0. 1. 1. 0. 0. 0. 0. 1. 0. 0. 0. 0. 0. 0. 1. 0. 0. 0. 0. 0. 0. 0. 0. 0.
 0. 0. 0. 0. 0. 0. 0. 1. 1. 0. 0. 0. 0. 1. 0. 1. 1. 1. 1. 0. 1. 0. 1. 1.
 1. 1. 0. 1. 1. 0. 1. 1. 1. 0. 0. 0. 0. 0. 0. 1. 0. 0. 0. 0. 0. 0. 1. 0.
 0. 0. 0. 0. 0. 0. 0. 0. 1. 0. 0. 0. 0. 0. 0. 0. 0. 0. 0. 0. 0. 0. 0. 0.
 0. 0. 0. 0. 0. 0. 0. 0. 0. 0. 0. 0. 0. 0. 0. 0. 0. 0. 0. 0. 0. 0. 0. 0.
 0. 0. 0. 0. 0. 0. 0. 0. 0. 0. 0. 0. 0. 0. 0. 0. 0. 0. 0. 0. 0. 0. 0. 0.
 0. 0. 0. 0. 1. 1. 1. 1. 1. 0. 0. 0. 0. 0. 1. 0. 1.]",Bitwuzla,0.05781912803649902,unsat,"['Bitwuzla', 'Z3', 'MathSAT', 'YICES', 'CVC4', 'BOOLECTOR']",[0.048774003982543945]
./tmp/QF_AUFBV/com.galois.ecc.P384ECC64.ec_full_add2.short.smt2,"[0.         1.44798301 1.         0.         0.         0.
 0.         1.42765273 0.         0.         0.         0.
 0.         0.         1.         0.         0.         0.
 0.         0.         0.         0.         0.         0.
 0.         0.         0.         0.         0.         0.
 0.         1.         1.         0.         0.         0.
 0.         1.         0.         1.71428571 1.         1.8
 1.71428571 0.         1.49194991 0.         1.56097561 1.75675676
 1.24324324 0.78409091 0.         1.28275862 0.53017241 2.
 1.78947368 1.71428571 1.71428571 0.         0.         0.
 0.         0.         0.         0.         0.         0.
 0.         0.         0.         0.         0.         0.
 0.         0.         0.         0.         0.         0.
 0.         0.         0.         0.         0.         0.
 0.         0.         0.         0.         0.         0.
 0.         0.         0.         0.         0.         0.
 0.         0.         0.         0.         0.         0.
 0.         0.         0.         0.         0.         0.
 0.         0.         0.         0.         0.         0.
 0.         0.         0.         0.         0.         0.
 0.         0.         0.         0.         0.         0.
 0.         0.         0.         0.         0.         0.
 0.         0.         0.         0.         0.         0.
 0.         0.         0.         0.         0.         0.
 0.         0.         0.         0.         1.14067451 1.
 1.44989339 1.36959554 1.33043478 0.         0.         0.
 0.         0.         1.75675676 0.         1.34715026]",Z3,0.07406973838806152,unsat,"['Z3', 'CVC4', 'BOOLECTOR', 'YICES', 'MathSAT', 'Bitwuzla']",[0.05696988105773926]
./tmp/QF_AUFBV/opStructure_NPT_2.smt2,"[0.         0.00635593 1.         0.         0.         0.
 0.         0.01916933 0.         0.         0.         0.
 0.         0.         1.         0.         0.         0.
 0.         0.         0.         0.         0.         0.
 0.         0.         0.         0.         0.         0.
 0.         1.15384615 1.         0.         0.         0.
 3.         0.         0.         0.         0.         0.14285714
 0.         0.         0.01069519 0.         0.         0.
 0.15384615 0.03370787 0.         0.04081633 0.03829787 0.
 0.         0.         0.         0.         3.         3.
 0.         0.         0.         2.25       0.         0.
 0.         0.         0.         0.         0.         0.
 0.         0.         0.         0.         0.         0.
 0.         0.         0.         0.         0.         0.
 0.         0.         0.         0.         0.         0.
 0.         0.         0.         0.         0.         0.
 0.         0.         0.         0.         0.         0.
 0.         0.         0.         0.         0.         0.
 0.         0.         0.         0.         0.         0.
 0.         0.         0.         0.         0.         0.
 0.         0.         0.         0.         0.         0.
 0.         0.         0.         0.         0.         0.
 0.         0.         0.         0.         0.         0.
 0.         0.         0.         0.         0.         0.
 0.         0.         0.         0.         0.08895234 1.
 0.01273885 0.12433155 0.02586207 0.         0.         0.
 0.         0.         0.         0.         0.        ]",Bitwuzla,0.5411169528961182,sat,"['Bitwuzla', 'Z3', 'BOOLECTOR', 'YICES', 'MathSAT', 'CVC4']",[0.5396239757537842]
./tmp/QF_AUFBV/opStructure_O_16_24_2_2.smt2,"[0.         0.00845666 1.         0.         0.         0.
 0.         0.02539683 0.         0.         0.         0.
 0.         0.         1.         0.         0.         0.
 0.         0.         0.         0.         0.         0.
 0.         0.         0.         0.         0.         0.
 0.         1.11111111 1.         0.         0.         0.
 3.95163241 0.         3.99999998 0.         0.         0.18181818
 0.         0.         0.0212766  0.         0.         0.
 0.19512195 0.04444444 0.         0.05369128 0.05042017 0.
 0.         3.92838875 3.8256538  0.         3.83098592 3.95163241
 0.         0.         4.         3.9689722  0.         0.
 0.         4.         0.         0.         0.         0.
 0.         0.         0.         0.         0.         0.
 0.         0.         0.         0.         0.         0.
 0.         0.         0.         0.         0.         0.
 0.         0.         0.         0.         0.         0.
 0.         0.         0.         0.         0.         0.
 0.         0.         0.         0.         0.         0.
 0.         0.         0.         0.         0.         0.
 0.         0.         0.         0.         0.         0.
 0.         0.         0.         0.         0.         0.
 0.         0.         0.         0.         0.         0.
 0.         0.         0.         0.         0.         0.
 0.         0.         0.         0.         0.         0.
 0.         0.         0.         0.         2.84630125 1.
 0.01691332 3.18673553 0.03418803 0.         0.         0.
 0.         0.         0.         0.         0.        ]",BOOLECTOR,60.01719379425049,timeout (28.0 s),"['Bitwuzla', 'MathSAT', 'Z3', 'BOOLECTOR', 'CVC4', 'YICES']","[1, 30, 1, 28]"
./tmp/QF_AUFBV/com.galois.ecc.P384ECC64.sq_inner12.short.smt2,"[0.         0.64456722 1.         0.         0.         0.
 0.         0.36764706 0.         0.         0.         0.
 0.         0.         1.         0.         0.         0.
 0.         0.         0.         0.         0.         0.
 0.         0.         0.         0.         0.         0.
 0.         0.90909091 1.         0.         0.         0.
 0.         1.66666666 0.         0.43478261 1.66666666 0.41666667
 0.         0.         0.55205047 0.         0.44444444 0.19480519
 0.34090909 0.46027743 4.99999997 0.42944785 0.23046092 4.11764706
 0.25       0.0127551  0.         0.         0.0117096  0.
 0.         0.         0.00650195 0.         0.         0.
 0.         0.         0.         0.         0.         0.
 0.         0.         0.         0.         4.99999997 4.99999997
 0.         0.         0.         0.         0.         0.
 5.         0.         0.         0.         0.         0.
 0.         0.         0.         0.         0.         0.
 0.         0.         0.         0.         0.         0.
 0.         0.         0.         0.         0.         0.
 0.         0.         0.         0.         0.         0.
 0.         0.         0.         0.         0.         0.
 0.         0.         0.         0.         0.         0.
 0.         0.         0.         0.         0.         0.
 0.         0.         0.         0.         0.         0.
 0.         0.         0.         0.         0.         0.
 0.         0.         0.         0.         0.16034337 1.
 0.63653137 0.18140144 0.41176471 0.         0.         0.
 0.         0.         0.19480519 0.         0.42654028]",Bitwuzla,0.1504509449005127,sat,"['Bitwuzla', 'MathSAT', 'Z3', 'CVC4', 'BOOLECTOR', 'YICES']",[0.1468510627746582]
./tmp/QF_AUFBV/opStructure_C_16_32_2_2.smt2,"[0.         0.01102941 1.         0.         0.         0.
 0.         0.03508772 0.         0.         0.         0.
 0.         0.         1.         0.         0.         0.
 0.         0.         0.         0.         0.         0.
 0.         0.         0.         0.         0.         0.
 0.         1.11111111 1.         0.         0.         0.
 1.35393258 0.         2.99999999 0.         0.         0.46153846
 0.         0.         0.03761755 0.         0.         0.
 0.26086957 0.05992509 0.         0.07272727 0.07128713 0.
 0.         1.33949802 1.30866602 0.         1.31627057 1.34957826
 0.         0.         1.39060939 1.36595107 0.         0.
 0.         1.35483871 0.         0.         0.         0.
 0.         0.         0.         0.         0.         0.
 0.         0.         0.         0.         0.         0.
 0.         0.         0.         0.         0.         0.
 0.         0.         0.         0.         0.         0.
 0.         0.         0.         0.         0.         0.
 0.         0.         0.         0.         0.         0.
 0.         0.         0.         0.         0.         0.
 0.         0.         0.         0.         0.         0.
 0.         0.         0.         0.         0.         0.
 0.         0.         0.         0.         0.         0.
 0.         0.         0.         0.         0.         0.
 0.         0.         0.         0.         0.         0.
 0.         0.         0.         0.         1.02668293 1.
 0.03302752 1.12036643 0.04669261 0.         0.         0.
 0.         0.         0.         0.         0.        ]",MathSAT,45.37560200691223,unsat,"['Bitwuzla', 'MathSAT', 'YICES', 'CVC4', 'Z3', 'BOOLECTOR']","[2, 43.37019395828247]"
./tmp/QF_AUFBV/com.galois.ecc.P384ECC64.ec_full_add3.short.smt2,"[0.         2.94029851 1.         0.         0.         0.
 0.         3.03642384 0.         0.         0.         0.
 0.         0.         1.         0.         0.         0.
 0.         0.         0.         0.         0.         0.
 0.         0.         0.         0.         0.         0.
 0.         0.90322581 1.         0.         0.         0.
 0.         1.75       0.         3.07317073 1.75       2.86363636
 3.34328358 0.         2.98381295 0.         3.01265823 3.25694444
 2.4        2.2842725  0.         2.86762075 2.06284916 1.05
 3.21621622 0.08224543 0.2115203  6.99999995 0.         0.
 0.         0.         0.         0.         0.         0.
 0.         0.         0.         0.         0.         0.
 0.         0.         0.         0.         0.         0.
 0.         0.         0.         0.         0.         0.
 0.         0.         0.         0.         0.         0.
 0.         0.         0.         0.         0.         0.
 0.         0.         0.         0.         0.         0.
 0.         0.         0.         0.         0.         0.
 0.         0.         0.         0.         0.         0.
 0.         0.         0.         0.         0.         0.
 0.         0.         0.         0.         0.         0.
 0.         0.         0.         0.         0.         0.
 0.         0.         0.         0.         0.         0.
 0.         0.         0.         0.         0.         0.
 0.         0.         0.         0.         0.95284458 1.
 2.93283582 0.74252523 2.96636771 0.         0.         0.
 0.         0.         3.25694444 0.         3.07180851]",Z3,0.0729520320892334,unsat,"['Z3', 'YICES', 'CVC4', 'BOOLECTOR', 'MathSAT', 'Bitwuzla']",[0.05585312843322754]
./tmp/QF_AUFBV/com.galois.ecc.P384ECC64.ec_full_sub2.short.smt2,"[0.         0.91406988 1.         0.         0.         0.
 0.         0.68986384 0.         0.         0.         0.
 0.         0.         1.         0.         0.         0.
 0.         0.         0.         0.         0.         0.
 0.         0.         0.         0.         0.         0.
 0.         0.91428571 1.         0.         0.         0.
 0.         2.66666666 0.         0.37209302 1.6        0.17777778
 0.23188406 0.         0.83158743 0.         0.56470588 0.21621622
 1.56321839 1.09222948 0.         0.91283677 1.04854369 0.72727273
 0.21052632 0.00521853 0.01508011 3.99999998 0.         0.
 0.         0.         0.         0.         0.         0.
 0.         0.         0.         0.         3.99999999 0.
 0.         0.         0.         0.         0.         0.
 0.         0.         0.         0.         0.         0.
 0.         0.         0.         0.         0.         0.
 0.         0.         0.         0.         0.         0.
 0.         0.         0.         0.         0.         0.
 0.         0.         0.         0.         0.         0.
 0.         0.         0.         0.         0.         0.
 0.         0.         0.         0.         0.         0.
 0.         0.         0.         0.         0.         0.
 0.         0.         0.         0.         0.         0.
 0.         0.         0.         0.         0.         0.
 0.         0.         0.         0.         0.         0.
 0.         0.         0.         0.         0.3583329  1.
 0.9073724  0.31467252 0.83534137 0.         0.         0.
 0.         0.         0.21621622 0.         0.68126521]",Bitwuzla,0.14198040962219238,unsat,"['Bitwuzla', 'Z3', 'YICES', 'CVC4', 'MathSAT', 'BOOLECTOR']",[0.13594818115234375]
./tmp/QF_AUFBV/com.galois.ecc.P384ECC64.ec_mul_aux2.short.smt2,"[0.         6.92081152 1.         0.         0.         0.
 0.         7.52711067 0.         0.         0.         0.
 0.         0.         1.         0.         0.         0.
 0.         0.         0.         0.         0.         0.
 0.         0.         0.         0.         0.         0.
 0.         0.92307692 1.         0.         0.         0.
 0.         1.28571428 0.         6.17518248 1.5        6.65895954
 5.86363636 0.         7.37989556 0.         8.6430238  6.3253012
 2.78571429 1.39226519 0.         7.46637861 1.43265306 6.91578947
 6.42857143 1.30936455 0.98236776 8.7804878  0.         0.
 0.         0.         0.0358209  0.42388202 9.         0.
 0.         0.         0.         0.         0.         0.
 0.         0.         0.         0.         8.91262136 0.
 0.         0.         8.67857143 0.         0.         0.
 0.         0.         0.         0.         0.         0.
 0.         0.         0.         0.         0.         0.
 0.         0.         0.         0.         0.         0.
 0.         0.         0.         0.         0.         0.
 0.         0.         0.         0.         0.         0.
 0.         0.         0.         0.         0.         0.
 0.         0.         0.         0.         0.         0.
 0.         0.         0.         0.         0.         0.
 0.         0.         0.         0.         0.         0.
 0.         0.         0.         0.         0.         0.
 0.         0.         0.         0.         4.75941488 1.
 6.92186818 4.12375477 7.72778882 0.         0.         0.
 0.         0.         6.3253012  0.         7.91109803]",Z3,0.4307370185852051,unsat,"['Z3', 'BOOLECTOR', 'YICES', 'CVC4', 'MathSAT', 'Bitwuzla']",[0.2888369560241699]
./tmp/QF_AUFBV/opStructure_O_16_32_2_2.smt2,"[0.00000000e+00 2.18102508e-03 9.99999999e-01 0.00000000e+00
 0.00000000e+00 0.00000000e+00 0.00000000e+00 4.94926998e-03
 0.00000000e+00 0.00000000e+00 0.00000000e+00 0.00000000e+00
 0.00000000e+00 0.00000000e+00 9.99999999e-01 0.00000000e+00
 0.00000000e+00 0.00000000e+00 0.00000000e+00 0.00000000e+00
 0.00000000e+00 0.00000000e+00 0.00000000e+00 0.00000000e+00
 0.00000000e+00 0.00000000e+00 0.00000000e+00 0.00000000e+00
 0.00000000e+00 0.00000000e+00 0.00000000e+00 1.13636364e+00
 9.99999999e-01 0.00000000e+00 0.00000000e+00 0.00000000e+00
 5.04867872e+00 0.00000000e+00 3.33333332e+00 0.00000000e+00
 0.00000000e+00 5.74712644e-02 0.00000000e+00 0.00000000e+00
 4.34971727e-03 0.00000000e+00 0.00000000e+00 0.00000000e+00
 1.56250000e-01 4.88698839e-02 0.00000000e+00 1.07903965e-02
 6.08519270e-02 0.00000000e+00 0.00000000e+00 4.61261261e+00
 4.62302483e+00 0.00000000e+00 4.98625115e+00 5.05102041e+00
 0.00000000e+00 0.00000000e+00 5.04682109e+00 4.93371897e+00
 0.00000000e+00 0.00000000e+00 0.00000000e+00 5.07936508e+00
 0.00000000e+00 0.00000000e+00 0.00000000e+00 0.00000000e+00
 0.00000000e+00 0.00000000e+00 0.00000000e+00 0.00000000e+00
 0.00000000e+00 0.00000000e+00 0.00000000e+00 0.00000000e+00
 0.00000000e+00 0.00000000e+00 0.00000000e+00 0.00000000e+00
 0.00000000e+00 0.00000000e+00 0.00000000e+00 0.00000000e+00
 0.00000000e+00 0.00000000e+00 0.00000000e+00 0.00000000e+00
 0.00000000e+00 0.00000000e+00 0.00000000e+00 0.00000000e+00
 0.00000000e+00 0.00000000e+00 0.00000000e+00 0.00000000e+00
 0.00000000e+00 0.00000000e+00 0.00000000e+00 0.00000000e+00
 0.00000000e+00 0.00000000e+00 0.00000000e+00 0.00000000e+00
 0.00000000e+00 0.00000000e+00 0.00000000e+00 0.00000000e+00
 0.00000000e+00 0.00000000e+00 0.00000000e+00 0.00000000e+00
 0.00000000e+00 0.00000000e+00 0.00000000e+00 0.00000000e+00
 0.00000000e+00 0.00000000e+00 0.00000000e+00 0.00000000e+00
 0.00000000e+00 0.00000000e+00 0.00000000e+00 0.00000000e+00
 0.00000000e+00 0.00000000e+00 0.00000000e+00 0.00000000e+00
 0.00000000e+00 0.00000000e+00 0.00000000e+00 0.00000000e+00
 0.00000000e+00 0.00000000e+00 0.00000000e+00 0.00000000e+00
 0.00000000e+00 0.00000000e+00 0.00000000e+00 0.00000000e+00
 0.00000000e+00 0.00000000e+00 0.00000000e+00 0.00000000e+00
 2.28133127e+00 1.00000000e+00 4.36300175e-03 2.78955080e+00
 5.67375887e-03 0.00000000e+00 0.00000000e+00 0.00000000e+00
 0.00000000e+00 0.00000000e+00 0.00000000e+00 0.00000000e+00
 0.00000000e+00]",BOOLECTOR,60.024259090423584,timeout (28.0 s),"['Bitwuzla', 'YICES', 'BOOLECTOR', 'Z3', 'MathSAT', 'CVC4']","[2, 30, 28]"
./tmp/QF_AUFBV/opStructure_O_32_16_2_2.smt2,"[0.00000000e+00 2.39860445e-03 9.99999999e-01 0.00000000e+00
 0.00000000e+00 0.00000000e+00 0.00000000e+00 5.44150383e-03
 0.00000000e+00 0.00000000e+00 0.00000000e+00 0.00000000e+00
 0.00000000e+00 0.00000000e+00 9.99999999e-01 0.00000000e+00
 0.00000000e+00 0.00000000e+00 0.00000000e+00 0.00000000e+00
 0.00000000e+00 0.00000000e+00 0.00000000e+00 0.00000000e+00
 0.00000000e+00 0.00000000e+00 0.00000000e+00 0.00000000e+00
 0.00000000e+00 0.00000000e+00 0.00000000e+00 1.12244898e+00
 9.99999999e-01 0.00000000e+00 0.00000000e+00 0.00000000e+00
 3.61761045e+00 0.00000000e+00 2.74999999e+00 0.00000000e+00
 0.00000000e+00 6.28571429e-02 0.00000000e+00 0.00000000e+00
 4.78260870e-03 0.00000000e+00 0.00000000e+00 0.00000000e+00
 1.69230769e-01 5.34954407e-02 0.00000000e+00 1.18566424e-02
 6.65322581e-02 0.00000000e+00 0.00000000e+00 3.47225647e+00
 3.47761655e+00 0.00000000e+00 3.58739963e+00 3.61873638e+00
 0.00000000e+00 0.00000000e+00 3.68948575e+00 3.63411879e+00
 0.00000000e+00 0.00000000e+00 0.00000000e+00 3.70526316e+00
 0.00000000e+00 0.00000000e+00 0.00000000e+00 0.00000000e+00
 0.00000000e+00 0.00000000e+00 0.00000000e+00 0.00000000e+00
 0.00000000e+00 0.00000000e+00 0.00000000e+00 0.00000000e+00
 0.00000000e+00 0.00000000e+00 0.00000000e+00 0.00000000e+00
 0.00000000e+00 0.00000000e+00 0.00000000e+00 0.00000000e+00
 0.00000000e+00 0.00000000e+00 0.00000000e+00 0.00000000e+00
 0.00000000e+00 0.00000000e+00 0.00000000e+00 0.00000000e+00
 0.00000000e+00 0.00000000e+00 0.00000000e+00 0.00000000e+00
 0.00000000e+00 0.00000000e+00 0.00000000e+00 0.00000000e+00
 0.00000000e+00 0.00000000e+00 0.00000000e+00 0.00000000e+00
 0.00000000e+00 0.00000000e+00 0.00000000e+00 0.00000000e+00
 0.00000000e+00 0.00000000e+00 0.00000000e+00 0.00000000e+00
 0.00000000e+00 0.00000000e+00 0.00000000e+00 0.00000000e+00
 0.00000000e+00 0.00000000e+00 0.00000000e+00 0.00000000e+00
 0.00000000e+00 0.00000000e+00 0.00000000e+00 0.00000000e+00
 0.00000000e+00 0.00000000e+00 0.00000000e+00 0.00000000e+00
 0.00000000e+00 0.00000000e+00 0.00000000e+00 0.00000000e+00
 0.00000000e+00 0.00000000e+00 0.00000000e+00 0.00000000e+00
 0.00000000e+00 0.00000000e+00 0.00000000e+00 0.00000000e+00
 0.00000000e+00 0.00000000e+00 0.00000000e+00 0.00000000e+00
 2.02637612e+00 1.00000000e+00 4.79720890e-03 2.38767802e+00
 6.23759569e-03 0.00000000e+00 0.00000000e+00 0.00000000e+00
 0.00000000e+00 0.00000000e+00 0.00000000e+00 0.00000000e+00
 0.00000000e+00]",YICES,60.0219361782074,timeout (26.0 s),"['Bitwuzla', 'Z3', 'CVC4', 'YICES', 'MathSAT', 'BOOLECTOR']","[3, 1, 30, 26]"
./tmp/QF_AUFBV/com.galois.ecc.P384ECC64.ec_full_sub3.short.smt2,"[0.00000000e+00 3.08476737e-01 9.99999999e-01 0.00000000e+00
 0.00000000e+00 0.00000000e+00 0.00000000e+00 1.66829268e-01
 0.00000000e+00 0.00000000e+00 0.00000000e+00 0.00000000e+00
 0.00000000e+00 0.00000000e+00 9.99999999e-01 0.00000000e+00
 0.00000000e+00 0.00000000e+00 0.00000000e+00 0.00000000e+00
 0.00000000e+00 0.00000000e+00 0.00000000e+00 0.00000000e+00
 0.00000000e+00 0.00000000e+00 0.00000000e+00 0.00000000e+00
 0.00000000e+00 0.00000000e+00 0.00000000e+00 9.05660377e-01
 9.99999999e-01 0.00000000e+00 0.00000000e+00 0.00000000e+00
 0.00000000e+00 2.66666666e+00 0.00000000e+00 1.72661870e-01
 1.71428571e+00 6.81818182e-02 1.20000000e-01 0.00000000e+00
 2.20230474e-01 0.00000000e+00 3.35039553e-02 9.56175299e-02
 1.38775510e+00 1.23076923e+00 0.00000000e+00 2.28390167e-01
 1.17818182e+00 2.47422680e-01 8.95522388e-02 2.46558455e-03
 7.40512188e-03 1.44578313e-01 0.00000000e+00 0.00000000e+00
 0.00000000e+00 0.00000000e+00 0.00000000e+00 0.00000000e+00
 0.00000000e+00 0.00000000e+00 0.00000000e+00 0.00000000e+00
 0.00000000e+00 0.00000000e+00 3.99999999e+00 0.00000000e+00
 0.00000000e+00 0.00000000e+00 0.00000000e+00 0.00000000e+00
 0.00000000e+00 0.00000000e+00 0.00000000e+00 0.00000000e+00
 0.00000000e+00 0.00000000e+00 0.00000000e+00 0.00000000e+00
 0.00000000e+00 0.00000000e+00 0.00000000e+00 0.00000000e+00
 0.00000000e+00 0.00000000e+00 0.00000000e+00 0.00000000e+00
 0.00000000e+00 0.00000000e+00 0.00000000e+00 0.00000000e+00
 0.00000000e+00 0.00000000e+00 0.00000000e+00 0.00000000e+00
 0.00000000e+00 0.00000000e+00 0.00000000e+00 0.00000000e+00
 0.00000000e+00 0.00000000e+00 0.00000000e+00 0.00000000e+00
 0.00000000e+00 0.00000000e+00 0.00000000e+00 0.00000000e+00
 0.00000000e+00 0.00000000e+00 0.00000000e+00 0.00000000e+00
 0.00000000e+00 0.00000000e+00 0.00000000e+00 0.00000000e+00
 0.00000000e+00 0.00000000e+00 0.00000000e+00 0.00000000e+00
 0.00000000e+00 0.00000000e+00 0.00000000e+00 0.00000000e+00
 0.00000000e+00 0.00000000e+00 0.00000000e+00 0.00000000e+00
 0.00000000e+00 0.00000000e+00 0.00000000e+00 0.00000000e+00
 0.00000000e+00 0.00000000e+00 0.00000000e+00 0.00000000e+00
 0.00000000e+00 0.00000000e+00 0.00000000e+00 0.00000000e+00
 0.00000000e+00 0.00000000e+00 0.00000000e+00 0.00000000e+00
 1.57378499e-01 1.00000000e+00 3.05992350e-01 1.42655719e-01
 1.74350377e-01 0.00000000e+00 0.00000000e+00 0.00000000e+00
 0.00000000e+00 0.00000000e+00 9.56175299e-02 0.00000000e+00
 1.22377622e-01]",Bitwuzla,0.13409996032714844,unsat,"['Bitwuzla', 'BOOLECTOR', 'CVC4', 'YICES', 'Z3', 'MathSAT']",[0.1281728744506836]
./tmp/QF_AUFBV/com.galois.ecc.P384ECC64.mul_inner4.short.smt2,"[0.00000000e+00 2.38581856e-01 9.99999999e-01 0.00000000e+00
 0.00000000e+00 0.00000000e+00 0.00000000e+00 2.64038232e-01
 0.00000000e+00 0.00000000e+00 0.00000000e+00 0.00000000e+00
 0.00000000e+00 0.00000000e+00 9.99999999e-01 0.00000000e+00
 0.00000000e+00 0.00000000e+00 0.00000000e+00 0.00000000e+00
 0.00000000e+00 0.00000000e+00 0.00000000e+00 0.00000000e+00
 0.00000000e+00 0.00000000e+00 0.00000000e+00 0.00000000e+00
 0.00000000e+00 0.00000000e+00 0.00000000e+00 9.12280702e-01
 9.99999999e-01 0.00000000e+00 0.00000000e+00 0.00000000e+00
 0.00000000e+00 1.30000000e+00 0.00000000e+00 5.37931034e-01
 1.62500000e+00 6.98924731e-01 4.39613527e-01 0.00000000e+00
 1.75157895e-01 0.00000000e+00 8.41423948e-02 5.45801527e-01
 8.78378378e-02 2.29903537e-01 0.00000000e+00 2.36179600e-01
 2.66251113e-01 1.97969543e-01 4.67625899e-01 3.46311475e-02
 2.80172414e-02 3.05882353e-01 3.20394331e-02 4.04480398e-03
 0.00000000e+00 0.00000000e+00 0.00000000e+00 4.19490158e-03
 0.00000000e+00 0.00000000e+00 0.00000000e+00 0.00000000e+00
 0.00000000e+00 0.00000000e+00 0.00000000e+00 0.00000000e+00
 0.00000000e+00 0.00000000e+00 0.00000000e+00 0.00000000e+00
 2.47619048e-01 9.74999997e+00 0.00000000e+00 0.00000000e+00
 0.00000000e+00 0.00000000e+00 0.00000000e+00 0.00000000e+00
 1.01111111e+01 0.00000000e+00 0.00000000e+00 0.00000000e+00
 0.00000000e+00 0.00000000e+00 0.00000000e+00 0.00000000e+00
 0.00000000e+00 0.00000000e+00 0.00000000e+00 0.00000000e+00
 0.00000000e+00 0.00000000e+00 0.00000000e+00 0.00000000e+00
 0.00000000e+00 0.00000000e+00 0.00000000e+00 0.00000000e+00
 0.00000000e+00 0.00000000e+00 0.00000000e+00 0.00000000e+00
 0.00000000e+00 0.00000000e+00 0.00000000e+00 0.00000000e+00
 0.00000000e+00 0.00000000e+00 0.00000000e+00 0.00000000e+00
 0.00000000e+00 0.00000000e+00 0.00000000e+00 0.00000000e+00
 0.00000000e+00 0.00000000e+00 0.00000000e+00 0.00000000e+00
 0.00000000e+00 0.00000000e+00 0.00000000e+00 0.00000000e+00
 0.00000000e+00 0.00000000e+00 0.00000000e+00 0.00000000e+00
 0.00000000e+00 0.00000000e+00 0.00000000e+00 0.00000000e+00
 0.00000000e+00 0.00000000e+00 0.00000000e+00 0.00000000e+00
 0.00000000e+00 0.00000000e+00 0.00000000e+00 0.00000000e+00
 0.00000000e+00 0.00000000e+00 0.00000000e+00 0.00000000e+00
 1.08989287e-01 1.00000000e+00 2.35969122e-01 1.19648287e-01
 2.21367756e-01 0.00000000e+00 0.00000000e+00 0.00000000e+00
 0.00000000e+00 0.00000000e+00 5.45801527e-01 0.00000000e+00
 2.27025480e-01]",Bitwuzla,0.15538907051086426,sat,"['Bitwuzla', 'Z3', 'MathSAT', 'YICES', 'BOOLECTOR', 'CVC4']",[0.14999008178710938]
./tmp/QF_AUFBV/com.galois.ecc.P384ECC64.mod_div14.short.smt2,"[0.         0.44659802 1.         0.         0.         0.
 0.         0.38075314 0.         0.         0.         0.
 0.         0.         1.         0.         0.         0.
 0.         0.         0.         0.         0.         0.
 0.         0.         0.         0.         0.         0.
 0.         0.91803279 1.         0.         0.         0.
 0.         1.27272727 0.         0.55629139 1.55555555 0.36649215
 0.3943662  0.         0.33561644 0.         0.07724138 0.41481481
 1.20987654 2.67620286 0.         0.43991956 3.34101695 0.07070707
 0.48611111 0.0200532  0.03010753 0.         0.         0.
 0.         0.         0.         0.00902935 0.         0.
 0.         0.         0.         0.         4.66666666 0.
 0.         0.         0.         0.         0.13207547 0.
 0.         0.         0.71186441 0.         0.         0.
 0.         0.         0.         0.         0.         0.
 0.         0.         0.         0.         0.         0.
 0.         0.         0.         0.         0.         0.
 0.         0.         0.         0.         0.         0.
 0.         0.         0.         0.         0.         0.
 0.         0.         0.         0.         0.         0.
 0.         0.         0.         0.         0.         0.
 0.         0.         0.         0.         0.         0.
 0.         0.         0.         0.         0.         0.
 0.         0.         0.         0.         0.         0.
 0.         0.         0.         0.         0.35105954 1.
 0.4440404  0.20145788 0.36694303 0.         0.         0.
 0.         0.         0.41481481 0.         0.32876712]",Bitwuzla,0.2088792324066162,unsat,"['Bitwuzla', 'CVC4', 'BOOLECTOR', 'YICES', 'Z3', 'MathSAT']",[0.19960808753967285]
./tmp/QF_AUFBV/com.galois.ecc.P384ECC64.sq_inner22.short.smt2,"[0.00000000e+00 2.26685226e-01 9.99999999e-01 0.00000000e+00
 0.00000000e+00 0.00000000e+00 0.00000000e+00 1.10752192e-01
 0.00000000e+00 0.00000000e+00 0.00000000e+00 0.00000000e+00
 0.00000000e+00 0.00000000e+00 9.99999999e-01 0.00000000e+00
 0.00000000e+00 0.00000000e+00 0.00000000e+00 0.00000000e+00
 0.00000000e+00 0.00000000e+00 0.00000000e+00 0.00000000e+00
 0.00000000e+00 0.00000000e+00 0.00000000e+00 0.00000000e+00
 0.00000000e+00 0.00000000e+00 0.00000000e+00 9.23076923e-01
 9.99999999e-01 0.00000000e+00 0.00000000e+00 0.00000000e+00
 0.00000000e+00 1.25000000e+00 0.00000000e+00 1.96078431e-01
 1.50000000e+00 1.55440414e-01 0.00000000e+00 0.00000000e+00
 1.54555315e-01 0.00000000e+00 2.75355668e-02 8.28729282e-02
 2.72727273e-01 4.60084034e-01 7.49999994e+00 1.34529148e-01
 2.30307076e-01 1.85840708e+00 1.03448276e-01 1.83936235e-02
 0.00000000e+00 0.00000000e+00 1.84615385e-02 4.66562986e-03
 0.00000000e+00 0.00000000e+00 4.91159136e-03 0.00000000e+00
 0.00000000e+00 0.00000000e+00 0.00000000e+00 0.00000000e+00
 0.00000000e+00 0.00000000e+00 0.00000000e+00 0.00000000e+00
 0.00000000e+00 0.00000000e+00 0.00000000e+00 0.00000000e+00
 1.40186916e-01 4.99999999e+00 0.00000000e+00 0.00000000e+00
 0.00000000e+00 0.00000000e+00 0.00000000e+00 0.00000000e+00
 2.72727273e+00 0.00000000e+00 0.00000000e+00 0.00000000e+00
 0.00000000e+00 0.00000000e+00 0.00000000e+00 0.00000000e+00
 0.00000000e+00 0.00000000e+00 0.00000000e+00 0.00000000e+00
 0.00000000e+00 0.00000000e+00 0.00000000e+00 0.00000000e+00
 0.00000000e+00 0.00000000e+00 0.00000000e+00 0.00000000e+00
 0.00000000e+00 0.00000000e+00 0.00000000e+00 0.00000000e+00
 0.00000000e+00 0.00000000e+00 0.00000000e+00 0.00000000e+00
 0.00000000e+00 0.00000000e+00 0.00000000e+00 0.00000000e+00
 0.00000000e+00 0.00000000e+00 0.00000000e+00 0.00000000e+00
 0.00000000e+00 0.00000000e+00 0.00000000e+00 0.00000000e+00
 0.00000000e+00 0.00000000e+00 0.00000000e+00 0.00000000e+00
 0.00000000e+00 0.00000000e+00 0.00000000e+00 0.00000000e+00
 0.00000000e+00 0.00000000e+00 0.00000000e+00 0.00000000e+00
 0.00000000e+00 0.00000000e+00 0.00000000e+00 0.00000000e+00
 0.00000000e+00 0.00000000e+00 0.00000000e+00 0.00000000e+00
 0.00000000e+00 0.00000000e+00 0.00000000e+00 0.00000000e+00
 1.00028891e-01 1.00000000e+00 2.23880597e-01 1.18521495e-01
 1.11494558e-01 0.00000000e+00 0.00000000e+00 0.00000000e+00
 0.00000000e+00 0.00000000e+00 8.28729282e-02 0.00000000e+00
 1.04108828e-01]",Bitwuzla,0.34731030464172363,sat,"['Bitwuzla', 'YICES', 'Z3', 'MathSAT', 'BOOLECTOR', 'CVC4']",[0.3433821201324463]
./tmp/QF_AUFBV/com.galois.ecc.P384ECC64.ec_mul_aux4.short.smt2,"[0.         6.59340659 1.         0.         0.         0.
 0.         7.00829876 0.         0.         0.         0.
 0.         0.         1.         0.         0.         0.
 0.         0.         0.         0.         0.         0.
 0.         0.         0.         0.         0.         0.
 0.         0.92753623 1.         0.         0.         0.
 0.         1.23076923 0.         6.08906883 1.45454545 6.3800623
 6.03508772 0.         6.94205234 0.         7.77153646 6.27099664
 3.05882353 1.53191489 0.         6.9364945  1.50906892 6.27956989
 6.33333333 0.81024447 0.61447563 7.75757576 0.         0.
 0.         0.         0.02092871 0.25138867 8.         0.
 0.         0.         0.         0.         0.         0.
 0.         0.         0.         0.         7.80861244 0.
 0.         0.         7.6460177  0.         0.         0.
 0.         0.         0.         0.         0.         0.
 0.         0.         0.         0.         0.         0.
 0.         0.         0.         0.         0.         0.
 0.         0.         0.         0.         0.         0.
 0.         0.         0.         0.         0.         0.
 0.         0.         0.         0.         0.         0.
 0.         0.         0.         0.         0.         0.
 0.         0.         0.         0.         0.         0.
 0.         0.         0.         0.         0.         0.
 0.         0.         0.         0.         0.         0.
 0.         0.         0.         0.         3.83802656 1.
 6.59539127 3.17561185 7.12603062 0.         0.         0.
 0.         0.         6.27099664 0.         7.25197328]",Z3,0.4298241138458252,unsat,"['Z3', 'Bitwuzla', 'BOOLECTOR', 'YICES', 'CVC4', 'MathSAT']",[0.2886369228363037]
./tmp/QF_AUFBV/com.galois.ecc.P384ECC64.ec_twin_mul_aux12.short.smt2,"[0.         2.29943389 1.         0.         0.         0.
 0.         2.20771748 0.         0.         0.         0.
 0.         0.         1.         0.         0.         0.
 0.         0.         0.         0.         0.         0.
 0.         0.         0.         0.         0.         0.
 0.         0.93150685 1.         0.         0.         0.
 0.         1.21428571 0.         4.65       1.41666666 4.03800475
 5.79768786 0.         2.03223409 0.         0.6557749  4.97068146
 3.34645669 2.10519308 0.         1.79591064 1.38756247 4.8150289
 4.71084337 0.323563   0.84475014 0.20359281 0.         0.
 0.         0.         0.         0.         0.         0.
 0.         0.         0.         0.         0.         0.
 0.         0.         0.         0.         0.         0.
 0.         0.         0.         0.         0.         0.
 0.         0.         0.         0.         0.         0.
 0.         0.         0.         0.         0.         0.
 0.         0.         0.         0.         0.         0.
 0.         0.         0.         0.         0.         0.
 0.         0.         0.         0.         0.         0.
 0.         0.         0.         0.         0.         0.
 0.         0.         0.         0.         0.         0.
 0.         0.         0.         0.         0.         0.
 0.         0.         0.         0.         0.         0.
 0.         0.         0.         0.         0.         0.
 0.         0.         0.         0.         1.24838615 1.
 2.29910985 1.26101129 1.74917448 0.         0.         0.
 0.         0.         4.97068146 0.         1.69372694]",YICES,1.2431888580322266,unsat,"['Z3', 'YICES', 'CVC4', 'BOOLECTOR', 'MathSAT', 'Bitwuzla']","[1, 0.1890101432800293]"
./tmp/QF_AUFBV/opStructure_NPT_1.smt2,"[0.         0.00181947 1.         0.         0.         0.
 0.         0.00406091 0.         0.         0.         0.
 0.         0.         1.         0.         0.         0.
 0.         0.         0.         0.         0.         0.
 0.         0.         0.         0.         0.         0.
 0.         1.15384615 1.         0.         0.         0.
 0.09470752 0.         0.         0.         0.         0.04265403
 0.         0.         0.00243243 0.         0.         0.
 0.140625   0.04780876 0.         0.00908288 0.05976757 0.
 0.         0.         0.         0.         0.32628399 0.09467822
 0.         0.         0.         0.04274858 0.         0.
 0.         0.         0.         0.         0.         0.
 0.         0.         0.         0.         0.         0.
 0.         0.         0.         0.         0.         0.
 0.         0.         0.         0.         0.         0.
 0.         0.         0.         0.         0.         0.
 0.         0.         0.         0.         0.         0.
 0.         0.         0.         0.         0.         0.
 0.         0.         0.         0.         0.         0.
 0.         0.         0.         0.         0.         0.
 0.         0.         0.         0.         0.         0.
 0.         0.         0.         0.         0.         0.
 0.         0.         0.         0.         0.         0.
 0.         0.         0.         0.         0.         0.
 0.         0.         0.         0.         0.02802448 1.
 0.00364078 0.03107205 0.00475373 0.         0.         0.
 0.         0.         0.         0.         0.        ]",BOOLECTOR,60.001275062561035,timeout (3.0 s),"['Bitwuzla', 'Z3', 'CVC4', 'BOOLECTOR', 'YICES', 'MathSAT']","[3, 2, 52, 3]"
./tmp/QF_AUFBV/com.galois.ecc.P384ECC64.signHash3.short.smt2,"[0.         2.31703204 1.         0.         0.         0.
 0.         2.2319562  0.         0.         0.         0.
 0.         0.         1.         0.         0.         0.
 0.         0.         0.         0.         0.         0.
 0.         0.         0.         0.         0.         0.
 0.         0.92682927 1.         0.         0.         0.
 0.         1.26666667 0.         5.16702355 1.46153846 5.05565217
 4.45575221 0.         1.8222358  0.         0.61734358 4.89529412
 3.55873016 2.66780822 0.         1.77133379 1.97818542 0.07293666
 5.22707424 0.5376364  0.81187853 2.3        0.         0.
 0.         0.         0.         0.         2.40229885 0.
 0.         0.         0.         0.         7.59999999 0.
 0.         0.         0.         0.         0.         0.
 0.         0.         9.06018518 0.         0.         0.
 0.         0.         0.         0.         0.         0.
 0.         0.         0.         0.         0.         0.
 0.         0.         0.         0.         0.         0.
 0.         0.         0.         0.         0.         0.
 0.         0.         0.         0.         0.         0.
 0.         0.         0.         0.         0.         0.
 0.         0.         0.         0.         0.         0.
 0.         0.         0.         0.         0.         0.
 0.         0.         0.         0.         0.         0.
 0.         0.         0.         0.         0.         0.
 0.         0.         0.         0.         1.34021554 1.
 2.31657934 1.25617507 1.66839316 0.         0.         0.
 0.         0.         4.89529412 0.         1.59383999]",Z3,0.7829158306121826,unsat,"['Z3', 'Bitwuzla', 'YICES', 'BOOLECTOR', 'CVC4', 'MathSAT']",[0.7284140586853027]
./tmp/QF_AUFBV/com.galois.ecc.P384ECC64.group_red1.short.smt2,"[0.         0.35054063 1.         0.         0.         0.
 0.         0.38660549 0.         0.         0.         0.
 0.         0.         1.         0.         0.         0.
 0.         0.         0.         0.         0.         0.
 0.         0.         0.         0.         0.         0.
 0.         0.93023256 1.         0.         0.         0.
 0.         1.25       0.         0.41928721 1.42857143 0.4088586
 0.5730659  0.         0.29847154 0.         0.10482638 0.47099368
 0.06329114 0.09090909 0.         0.36608647 0.10848126 1.08892922
 0.38543897 0.04428861 0.10692328 1.55339806 0.06024096 0.
 0.         0.         0.         0.         0.         0.
 0.         0.         0.         0.         8.88888888 0.
 0.         0.         0.         0.         0.         2.85714285
 0.         0.         0.18348624 0.         0.         0.
 0.         0.         0.         0.         0.         0.
 0.         0.         0.         0.         0.         0.
 0.         0.         0.         0.         0.         0.
 0.         0.         0.         0.         0.         0.
 0.         0.         0.         0.         0.         0.
 0.         0.         0.         0.         0.         0.
 0.         0.         0.         0.         0.         0.
 0.         0.         0.         0.         0.         0.
 0.         0.         0.         0.         0.         0.
 0.         0.         0.         0.         0.         0.
 0.         0.         0.         0.         0.21275338 1.
 0.34900969 0.21955064 0.36888153 0.         0.         0.
 0.         0.         0.47099368 0.         0.38074183]",Bitwuzla,0.10614490509033203,unsat,"['Bitwuzla', 'MathSAT', 'Z3', 'YICES', 'BOOLECTOR', 'CVC4']",[0.0975179672241211]
./tmp/QF_AUFBV/com.galois.ecc.P384ECC64.sq_inner13.short.smt2,"[0.         0.05479214 1.         0.         0.         0.
 0.         0.04908932 0.         0.         0.         0.
 0.         0.         1.         0.         0.         0.
 0.         0.         0.         0.         0.         0.
 0.         0.         0.         0.         0.         0.
 0.         0.93333333 1.         0.         0.         0.
 0.         1.23529412 0.         0.08768267 1.4        0.0713073
 0.         0.         0.03784238 0.         0.01832861 0.03612385
 0.06624606 0.19504644 0.         0.05879059 0.23549488 0.07594937
 0.04487179 0.01161933 0.         0.10144928 0.01264299 0.
 0.         0.         0.00686499 0.00332436 0.         0.
 0.         0.         0.         0.         0.         0.
 0.         0.         0.         0.         0.19905213 2.62499999
 0.         0.         0.         0.         0.         0.
 3.23076923 0.         0.         0.         0.         0.
 0.         0.         0.         0.         0.         0.
 0.         0.         0.         0.         0.         0.
 0.         0.         0.         0.         0.         0.
 0.         0.         0.         0.         0.         0.
 0.         0.         0.         0.         0.         0.
 0.         0.         0.         0.         0.         0.
 0.         0.         0.         0.         0.         0.
 0.         0.         0.         0.         0.         0.
 0.         0.         0.         0.         0.         0.
 0.         0.         0.         0.         0.04657639 1.
 0.05300261 0.06675192 0.04953999 0.         0.         0.
 0.         0.         0.03612385 0.         0.04889107]",Bitwuzla,0.06947994232177734,sat,"['Bitwuzla', 'Z3', 'YICES', 'CVC4', 'BOOLECTOR', 'MathSAT']",[0.06670093536376953]
./tmp/QF_AUFBV/com.galois.ecc.P384ECC64.ec_twin_mul_aux1.short.smt2,"[0.         2.29323777 1.         0.         0.         0.
 0.         2.2177264  0.         0.         0.         0.
 0.         0.         1.         0.         0.         0.
 0.         0.         0.         0.         0.         0.
 0.         0.         0.         0.         0.         0.
 0.         0.93617021 1.         0.         0.         0.
 0.         1.22222222 0.         3.57692308 1.375      3.19303338
 4.45028571 0.         2.11315632 0.         0.78687145 3.8419309
 2.9972752  2.08509554 0.         1.88532815 1.47133758 4.62
 3.61428571 0.39840637 0.99387443 0.21052632 0.         0.
 0.         0.         0.         0.         0.         0.
 0.         0.         0.         0.         0.         0.
 0.         0.         0.         0.         0.         0.
 0.         0.         0.         0.         0.         0.
 0.         0.         0.         0.         0.         0.
 0.         0.         0.         0.         0.         0.
 0.         0.         0.         0.         0.         0.
 0.         0.         0.         0.         0.         0.
 0.         0.         0.         0.         0.         0.
 0.         0.         0.         0.         0.         0.
 0.         0.         0.         0.         0.         0.
 0.         0.         0.         0.         0.         0.
 0.         0.         0.         0.         0.         0.
 0.         0.         0.         0.         0.         0.
 0.         0.         0.         0.         1.38673354 1.
 2.29313168 1.40415926 1.85135573 0.         0.         0.
 0.         0.         3.8419309  0.         1.80404949]",Bitwuzla,2.220720052719116,unsat,"['Z3', 'Bitwuzla', 'YICES', 'CVC4', 'MathSAT', 'BOOLECTOR']","[2, 0.16932296752929688]"
./tmp/QF_AUFBV/com.galois.ecc.P384ECC64.mod_div1.short.smt2,"[0.         0.27092155 1.         0.         0.         0.
 0.         0.22341717 0.         0.         0.         0.
 0.         0.         1.         0.         0.         0.
 0.         0.         0.         0.         0.         0.
 0.         0.         0.         0.         0.         0.
 0.         0.93877551 1.         0.         0.         0.
 0.         1.21052631 0.         0.19930676 1.35294117 0.13275613
 0.15664018 0.         0.21036208 0.         0.05310663 0.15138693
 0.84514436 2.37985381 0.         0.28374962 3.26005467 0.03281027
 0.16312057 0.02496382 0.04101911 0.         0.         0.
 0.         0.         0.         0.01455466 0.         0.
 0.         0.         0.         0.         1.5862069  0.
 0.         0.         0.         0.         0.10849057 0.
 0.         0.         0.20909091 0.         0.         0.
 0.         0.         0.         0.         0.         0.
 0.         0.         0.         0.         0.         0.
 0.         0.         0.         0.         0.         0.
 0.         0.         0.         0.         0.         0.
 0.         0.         0.         0.         0.         0.
 0.         0.         0.         0.         0.         0.
 0.         0.         0.         0.         0.         0.
 0.         0.         0.         0.         0.         0.
 0.         0.         0.         0.         0.         0.
 0.         0.         0.         0.         0.         0.
 0.         0.         0.         0.         0.34176108 1.
 0.26935819 0.2023529  0.23363986 0.         0.         0.
 0.         0.         0.15138693 0.         0.20766916]",Bitwuzla,0.20491790771484375,unsat,"['Bitwuzla', 'YICES', 'BOOLECTOR', 'MathSAT', 'CVC4', 'Z3']",[0.1968700885772705]
./tmp/QF_AUFBV/com.galois.ecc.P384ECC64.ec_full_sub1.short.smt2,"[0.         0.2215103  1.         0.         0.         0.
 0.         0.11806335 0.         0.         0.         0.
 0.         0.         1.         0.         0.         0.
 0.         0.         0.         0.         0.         0.
 0.         0.         0.         0.         0.         0.
 0.         0.94117647 1.         0.         0.         0.
 0.         2.28571428 0.         0.08290155 1.33333333 0.03458213
 0.05436014 0.         0.16541996 0.         0.03018868 0.04504927
 1.02512563 0.98817346 0.         0.17347656 0.97115024 0.13617021
 0.04247788 0.00434075 0.01222307 0.11428571 0.         0.
 0.         0.         0.         0.         0.         0.
 0.         0.         0.         0.         1.5483871  0.
 0.         0.         0.         0.         0.         0.
 0.         0.         0.         0.         0.         0.
 0.         0.         0.         0.         0.         0.
 0.         0.         0.         0.         0.         0.
 0.         0.         0.         0.         0.         0.
 0.         0.         0.         0.         0.         0.
 0.         0.         0.         0.         0.         0.
 0.         0.         0.         0.         0.         0.
 0.         0.         0.         0.         0.         0.
 0.         0.         0.         0.         0.         0.
 0.         0.         0.         0.         0.         0.
 0.         0.         0.         0.         0.         0.
 0.         0.         0.         0.         0.17867655 1.
 0.21986411 0.17367597 0.13270949 0.         0.         0.
 0.         0.         0.04504927 0.         0.09327115]",Bitwuzla,0.15081214904785156,unsat,"['Bitwuzla', 'YICES', 'BOOLECTOR', 'CVC4', 'MathSAT', 'Z3']",[0.14511513710021973]
./tmp/QF_AUFBV/com.galois.ecc.P384ECC64.signHash4.short.smt2,"[0.         2.22693163 1.         0.         0.         0.
 0.         2.14595661 0.         0.         0.         0.
 0.         0.         1.         0.         0.         0.
 0.         0.         0.         0.         0.         0.
 0.         0.         0.         0.         0.         0.
 0.         0.94339623 1.         0.         0.         0.
 0.         1.13636364 0.         4.43892045 1.31578947 4.39429929
 3.22978304 0.         1.79642946 0.         0.65829761 3.97592739
 3.22757112 2.43179122 0.         1.7678888  1.82354984 0.07072136
 4.49927431 0.65175269 0.80704781 2.46781116 0.         0.
 0.         0.         0.         0.         4.08653846 0.
 0.         0.         0.         0.         5.625      0.
 0.         0.         0.         0.         0.         0.
 0.         0.         7.37179487 0.         0.         0.
 0.         0.         0.         0.         0.         0.
 0.         0.         0.         0.         0.         0.
 0.         0.         0.         0.         0.         0.
 0.         0.         0.         0.         0.         0.
 0.         0.         0.         0.         0.         0.
 0.         0.         0.         0.         0.         0.
 0.         0.         0.         0.         0.         0.
 0.         0.         0.         0.         0.         0.
 0.         0.         0.         0.         0.         0.
 0.         0.         0.         0.         0.         0.
 0.         0.         0.         0.         1.40523591 1.
 2.22705146 1.32591754 1.6673283  0.         0.         0.
 0.         0.         3.97592739 0.         1.59320096]",Z3,0.5325169563293457,unsat,"['Z3', 'Bitwuzla', 'CVC4', 'YICES', 'MathSAT', 'BOOLECTOR']",[0.48346400260925293]
./tmp/QF_AUFBV/opStructure_O_32_32_2_2.smt2,"[0.00000000e+00 1.80643368e-03 9.99999999e-01 0.00000000e+00
 0.00000000e+00 0.00000000e+00 0.00000000e+00 4.10191686e-03
 0.00000000e+00 0.00000000e+00 0.00000000e+00 0.00000000e+00
 0.00000000e+00 0.00000000e+00 9.99999999e-01 0.00000000e+00
 0.00000000e+00 0.00000000e+00 0.00000000e+00 0.00000000e+00
 0.00000000e+00 0.00000000e+00 0.00000000e+00 0.00000000e+00
 0.00000000e+00 0.00000000e+00 0.00000000e+00 0.00000000e+00
 0.00000000e+00 0.00000000e+00 0.00000000e+00 1.17117117e+00
 9.99999999e-01 0.00000000e+00 0.00000000e+00 0.00000000e+00
 1.02803144e+01 0.00000000e+00 5.19999997e+00 0.00000000e+00
 0.00000000e+00 3.08422301e-02 0.00000000e+00 0.00000000e+00
 3.86751289e-03 0.00000000e+00 0.00000000e+00 0.00000000e+00
 1.13289760e-01 4.10580340e-02 0.00000000e+00 9.69877833e-03
 5.40727903e-02 0.00000000e+00 0.00000000e+00 9.12927192e+00
 8.72060269e+00 0.00000000e+00 1.01052632e+01 1.02783910e+01
 0.00000000e+00 0.00000000e+00 1.04264735e+01 1.02217742e+01
 0.00000000e+00 0.00000000e+00 0.00000000e+00 1.04654088e+01
 0.00000000e+00 0.00000000e+00 0.00000000e+00 0.00000000e+00
 0.00000000e+00 0.00000000e+00 0.00000000e+00 0.00000000e+00
 0.00000000e+00 0.00000000e+00 0.00000000e+00 0.00000000e+00
 0.00000000e+00 0.00000000e+00 0.00000000e+00 0.00000000e+00
 0.00000000e+00 0.00000000e+00 0.00000000e+00 0.00000000e+00
 0.00000000e+00 0.00000000e+00 0.00000000e+00 0.00000000e+00
 0.00000000e+00 0.00000000e+00 0.00000000e+00 0.00000000e+00
 0.00000000e+00 0.00000000e+00 0.00000000e+00 0.00000000e+00
 0.00000000e+00 0.00000000e+00 0.00000000e+00 0.00000000e+00
 0.00000000e+00 0.00000000e+00 0.00000000e+00 0.00000000e+00
 0.00000000e+00 0.00000000e+00 0.00000000e+00 0.00000000e+00
 0.00000000e+00 0.00000000e+00 0.00000000e+00 0.00000000e+00
 0.00000000e+00 0.00000000e+00 0.00000000e+00 0.00000000e+00
 0.00000000e+00 0.00000000e+00 0.00000000e+00 0.00000000e+00
 0.00000000e+00 0.00000000e+00 0.00000000e+00 0.00000000e+00
 0.00000000e+00 0.00000000e+00 0.00000000e+00 0.00000000e+00
 0.00000000e+00 0.00000000e+00 0.00000000e+00 0.00000000e+00
 0.00000000e+00 0.00000000e+00 0.00000000e+00 0.00000000e+00
 0.00000000e+00 0.00000000e+00 0.00000000e+00 0.00000000e+00
 0.00000000e+00 0.00000000e+00 0.00000000e+00 0.00000000e+00
 4.23177713e+00 1.00000000e+00 3.61563065e-03 5.14649454e+00
 5.15975392e-03 0.00000000e+00 0.00000000e+00 0.00000000e+00
 0.00000000e+00 0.00000000e+00 0.00000000e+00 0.00000000e+00
 0.00000000e+00]",Z3,59.08319330215454,timeout (36.0 s),"['Bitwuzla', 'YICES', 'Z3', 'MathSAT', 'BOOLECTOR', 'CVC4']","[3, 20.031267166137695, 36]"
./tmp/QF_AUFBV/com.galois.ecc.P384ECC64.ec_full_add4.short.smt2,"[0.         0.68738574 1.         0.         0.         0.
 0.         0.50781734 0.         0.         0.         0.
 0.         0.         1.         0.         0.         0.
 0.         0.         0.         0.         0.         0.
 0.         0.         0.         0.         0.         0.
 0.         0.93913043 1.         0.         0.         0.
 0.         1.17391304 0.         0.67313019 1.35       0.56445993
 0.82600382 0.         0.5969744  0.         0.18609365 0.69550173
 1.34161491 1.80994475 0.         0.51376818 1.66005205 0.22720898
 0.65014164 0.05543515 0.14076246 0.         0.         0.
 0.         0.         0.         0.         0.         0.
 0.         0.         0.         0.         0.         0.
 0.         0.         0.         0.         0.         0.
 0.         0.         0.         0.         0.         0.
 0.         0.         0.         0.         0.         0.
 0.         0.         0.         0.         0.         0.
 0.         0.         0.         0.         0.         0.
 0.         0.         0.         0.         0.         0.
 0.         0.         0.         0.         0.         0.
 0.         0.         0.         0.         0.         0.
 0.         0.         0.         0.         0.         0.
 0.         0.         0.         0.         0.         0.
 0.         0.         0.         0.         0.         0.
 0.         0.         0.         0.         0.         0.
 0.         0.         0.         0.         0.42782508 1.
 0.68611506 0.36328214 0.45048297 0.         0.         0.
 0.         0.         0.69550173 0.         0.40640999]",Bitwuzla,0.07140588760375977,unsat,"['Bitwuzla', 'BOOLECTOR', 'MathSAT', 'Z3', 'YICES', 'CVC4']",[0.05489397048950195]
./tmp/QF_AUFBV/com.galois.ecc.P384ECC64.sq_inner23.short.smt2,"[0.00000000e+00 7.56296847e-02 9.99999999e-01 0.00000000e+00
 0.00000000e+00 0.00000000e+00 0.00000000e+00 7.56464685e-02
 0.00000000e+00 0.00000000e+00 0.00000000e+00 0.00000000e+00
 0.00000000e+00 0.00000000e+00 9.99999999e-01 0.00000000e+00
 0.00000000e+00 0.00000000e+00 0.00000000e+00 0.00000000e+00
 0.00000000e+00 0.00000000e+00 0.00000000e+00 0.00000000e+00
 0.00000000e+00 0.00000000e+00 0.00000000e+00 0.00000000e+00
 0.00000000e+00 0.00000000e+00 0.00000000e+00 9.41176470e-01
 9.99999999e-01 0.00000000e+00 0.00000000e+00 0.00000000e+00
 0.00000000e+00 1.16666667e+00 0.00000000e+00 7.73480663e-02
 1.33333333e+00 6.48899189e-02 0.00000000e+00 0.00000000e+00
 5.42005420e-02 0.00000000e+00 2.26858416e-02 3.22580645e-02
 5.78512397e-02 1.69137836e-01 0.00000000e+00 9.44566010e-02
 2.07943171e-01 7.83216783e-02 3.96039604e-02 1.91496637e-02
 0.00000000e+00 2.38297872e-01 3.08823529e-02 1.04731625e-02
 0.00000000e+00 0.00000000e+00 5.48159749e-03 5.37531196e-03
 0.00000000e+00 0.00000000e+00 0.00000000e+00 0.00000000e+00
 0.00000000e+00 0.00000000e+00 0.00000000e+00 0.00000000e+00
 0.00000000e+00 0.00000000e+00 0.00000000e+00 0.00000000e+00
 3.90697674e-01 5.59999998e+00 0.00000000e+00 0.00000000e+00
 0.00000000e+00 0.00000000e+00 0.00000000e+00 0.00000000e+00
 3.73333333e+00 0.00000000e+00 0.00000000e+00 0.00000000e+00
 0.00000000e+00 0.00000000e+00 0.00000000e+00 0.00000000e+00
 0.00000000e+00 0.00000000e+00 0.00000000e+00 0.00000000e+00
 0.00000000e+00 0.00000000e+00 0.00000000e+00 0.00000000e+00
 0.00000000e+00 0.00000000e+00 0.00000000e+00 0.00000000e+00
 0.00000000e+00 0.00000000e+00 0.00000000e+00 0.00000000e+00
 0.00000000e+00 0.00000000e+00 0.00000000e+00 0.00000000e+00
 0.00000000e+00 0.00000000e+00 0.00000000e+00 0.00000000e+00
 0.00000000e+00 0.00000000e+00 0.00000000e+00 0.00000000e+00
 0.00000000e+00 0.00000000e+00 0.00000000e+00 0.00000000e+00
 0.00000000e+00 0.00000000e+00 0.00000000e+00 0.00000000e+00
 0.00000000e+00 0.00000000e+00 0.00000000e+00 0.00000000e+00
 0.00000000e+00 0.00000000e+00 0.00000000e+00 0.00000000e+00
 0.00000000e+00 0.00000000e+00 0.00000000e+00 0.00000000e+00
 0.00000000e+00 0.00000000e+00 0.00000000e+00 0.00000000e+00
 0.00000000e+00 0.00000000e+00 0.00000000e+00 0.00000000e+00
 5.44609296e-02 1.00000000e+00 7.38037307e-02 7.14923590e-02
 8.44357977e-02 0.00000000e+00 0.00000000e+00 0.00000000e+00
 0.00000000e+00 0.00000000e+00 3.22580645e-02 0.00000000e+00
 8.57492854e-02]",Bitwuzla,0.1440887451171875,sat,"['Bitwuzla', 'YICES', 'CVC4', 'Z3', 'MathSAT', 'BOOLECTOR']",[0.14131593704223633]
./tmp/QF_AUFBV/com.galois.ecc.P384ECC64.ec_twin_mul_init.short.smt2,"[0.         0.76084955 1.         0.         0.         0.
 0.         0.37125657 0.         0.         0.         0.
 0.         0.         1.         0.         0.         0.
 0.         0.         0.         0.         0.         0.
 0.         0.         0.         0.         0.         0.
 0.         0.94308943 1.         0.         0.         0.
 0.         1.16       0.         0.39509537 1.31818182 0.26636051
 0.43691149 0.         0.60327915 0.         0.09951554 0.3629124
 3.00740741 2.01532959 0.         0.51679054 1.01215332 0.3208852
 0.36452514 0.02642068 0.07539812 0.24472574 0.         0.
 0.         0.         0.         0.         0.         0.
 0.         0.         0.         0.         0.         0.
 0.         0.         0.         0.         0.         0.
 0.         0.         0.         0.         0.         0.
 0.         0.         0.         0.         0.         0.
 0.         0.         0.         0.         0.         0.
 0.         0.         0.         0.         0.         0.
 0.         0.         0.         0.         0.         0.
 0.         0.         0.         0.         0.         0.
 0.         0.         0.         0.         0.         0.
 0.         0.         0.         0.         0.         0.
 0.         0.         0.         0.         0.         0.
 0.         0.         0.         0.         0.         0.
 0.         0.         0.         0.         0.         0.
 0.         0.         0.         0.         0.42846539 1.
 0.75964196 0.39327279 0.36765271 0.         0.         0.
 0.         0.         0.3629124  0.         0.2232577 ]",Bitwuzla,0.11149907112121582,unsat,"['Bitwuzla', 'MathSAT', 'BOOLECTOR', 'YICES', 'CVC4', 'Z3']",[0.09484982490539551]
./tmp/QF_AUFBV/com.galois.ecc.P384ECC64.ec_mul_aux3.short.smt2,"[0.         5.64511824 1.         0.         0.         0.
 0.         6.14144597 0.         0.         0.         0.
 0.         0.         1.         0.         0.         0.
 0.         0.         0.         0.         0.         0.
 0.         0.         0.         0.         0.         0.
 0.         0.94488189 1.         0.         0.         0.
 0.         1.15384615 0.         3.4057971  1.30434782 3.84384384
 3.24937028 0.         6.33839139 0.         8.80490588 3.51523267
 2.02072539 1.23468888 0.         6.47236463 1.39078752 5.04027618
 3.51418002 0.86595886 0.62062381 7.57097792 0.         0.
 0.         0.         0.02347418 0.28239992 8.02816901 0.
 0.         0.         0.         0.         0.         0.
 0.         0.         0.         0.         9.65299684 0.
 0.         0.         4.42622951 0.         0.         0.
 0.         0.         0.         0.         0.         0.
 0.         0.         0.         0.         0.         0.
 0.         0.         0.         0.         0.         0.
 0.         0.         0.         0.         0.         0.
 0.         0.         0.         0.         0.         0.
 0.         0.         0.         0.         0.         0.
 0.         0.         0.         0.         0.         0.
 0.         0.         0.         0.         0.         0.
 0.         0.         0.         0.         0.         0.
 0.         0.         0.         0.         0.         0.
 0.         0.         0.         0.         3.74519797 1.
 5.64803932 3.08705186 6.75373967 0.         0.         0.
 0.         0.         3.51523267 0.         6.96686888]",Z3,0.41733574867248535,unsat,"['Z3', 'BOOLECTOR', 'CVC4', 'MathSAT', 'Bitwuzla', 'YICES']",[0.2750380039215088]
./tmp/QF_AUFBV/opStructure_MBA_6.smt2,"[3.09999990e+01 1.65474538e-03 9.99999999e-01 0.00000000e+00
 0.00000000e+00 0.00000000e+00 0.00000000e+00 1.31451417e-02
 0.00000000e+00 0.00000000e+00 0.00000000e+00 0.00000000e+00
 0.00000000e+00 0.00000000e+00 9.99999999e-01 0.00000000e+00
 0.00000000e+00 0.00000000e+00 0.00000000e+00 0.00000000e+00
 0.00000000e+00 0.00000000e+00 0.00000000e+00 0.00000000e+00
 0.00000000e+00 0.00000000e+00 0.00000000e+00 0.00000000e+00
 0.00000000e+00 0.00000000e+00 0.00000000e+00 1.17424242e+00
 9.99999999e-01 0.00000000e+00 0.00000000e+00 0.00000000e+00
 5.79006350e-02 0.00000000e+00 0.00000000e+00 0.00000000e+00
 0.00000000e+00 0.00000000e+00 0.00000000e+00 0.00000000e+00
 1.15857533e-03 0.00000000e+00 0.00000000e+00 0.00000000e+00
 3.70307167e-01 1.41115266e-01 0.00000000e+00 3.04497299e-02
 1.92262256e-01 0.00000000e+00 0.00000000e+00 1.37077161e-02
 1.47924288e-02 0.00000000e+00 2.82009029e+01 1.91754173e+01
 0.00000000e+00 0.00000000e+00 6.65625610e-02 0.00000000e+00
 0.00000000e+00 0.00000000e+00 0.00000000e+00 6.08081601e-02
 0.00000000e+00 0.00000000e+00 3.06635007e+01 0.00000000e+00
 0.00000000e+00 0.00000000e+00 0.00000000e+00 0.00000000e+00
 0.00000000e+00 0.00000000e+00 0.00000000e+00 0.00000000e+00
 0.00000000e+00 0.00000000e+00 0.00000000e+00 0.00000000e+00
 0.00000000e+00 0.00000000e+00 0.00000000e+00 0.00000000e+00
 0.00000000e+00 0.00000000e+00 0.00000000e+00 0.00000000e+00
 0.00000000e+00 0.00000000e+00 0.00000000e+00 0.00000000e+00
 0.00000000e+00 0.00000000e+00 0.00000000e+00 0.00000000e+00
 0.00000000e+00 0.00000000e+00 0.00000000e+00 0.00000000e+00
 0.00000000e+00 0.00000000e+00 0.00000000e+00 0.00000000e+00
 0.00000000e+00 0.00000000e+00 0.00000000e+00 0.00000000e+00
 0.00000000e+00 0.00000000e+00 0.00000000e+00 0.00000000e+00
 0.00000000e+00 0.00000000e+00 0.00000000e+00 0.00000000e+00
 0.00000000e+00 0.00000000e+00 0.00000000e+00 0.00000000e+00
 0.00000000e+00 0.00000000e+00 0.00000000e+00 0.00000000e+00
 0.00000000e+00 0.00000000e+00 0.00000000e+00 0.00000000e+00
 0.00000000e+00 0.00000000e+00 0.00000000e+00 3.09999990e+01
 0.00000000e+00 0.00000000e+00 0.00000000e+00 0.00000000e+00
 0.00000000e+00 0.00000000e+00 0.00000000e+00 0.00000000e+00
 0.00000000e+00 0.00000000e+00 0.00000000e+00 0.00000000e+00
 5.52069856e+00 1.00000000e+00 1.65607137e-03 9.55016019e+00
 1.61410295e-02 0.00000000e+00 0.00000000e+00 0.00000000e+00
 0.00000000e+00 0.00000000e+00 0.00000000e+00 0.00000000e+00
 0.00000000e+00]",Z3,57.153916120529175,sat,"['Bitwuzla', 'MathSAT', 'Z3', 'BOOLECTOR', 'YICES', 'CVC4']","[3, 53, 1.0855309963226318]"
./tmp/QF_AUFBV/com.galois.ecc.P384ECC64.mod_div12.short.smt2,"[0.         0.26930609 1.         0.         0.         0.
 0.         0.22711416 0.         0.         0.         0.
 0.         0.         1.         0.         0.         0.
 0.         0.         0.         0.         0.         0.
 0.         0.         0.         0.         0.         0.
 0.         0.94117647 1.         0.         0.         0.
 0.         1.18518518 0.         0.26826347 1.33333333 0.15936255
 0.160401   0.         0.2091115  0.         0.05012103 0.18109188
 0.74666667 2.1407767  0.         0.27820281 3.01337614 0.03678161
 0.23500612 0.02474318 0.03558945 0.         0.         0.
 0.         0.         0.         0.01216614 0.         0.
 0.         0.         0.         0.         0.02603037 0.
 0.         0.         0.         0.         0.10062893 0.
 0.         0.         0.21709634 0.         0.         0.
 0.         0.         0.         0.         0.         0.
 0.         0.         0.         0.         0.         0.
 0.         0.         0.         0.         0.         0.
 0.         0.         0.         0.         0.         0.
 0.         0.         0.         0.         0.         0.
 0.         0.         0.         0.         0.         0.
 0.         0.         0.         0.         0.         0.
 0.         0.         0.         0.         0.         0.
 0.         0.         0.         0.         0.         0.
 0.         0.         0.         0.         0.         0.
 0.         0.         0.         0.         0.25720127 1.
 0.26783917 0.13130949 0.23157584 0.         0.         0.
 0.         0.         0.18109188 0.         0.20769587]",Bitwuzla,0.14915990829467773,unsat,"['Bitwuzla', 'YICES', 'CVC4', 'MathSAT', 'Z3', 'BOOLECTOR']",[0.14065098762512207]
./tmp/QF_AUFBV/com.galois.ecc.P384ECC64.mul_inner3.short.smt2,"[0.00000000e+00 2.34128653e-01 9.99999999e-01 0.00000000e+00
 0.00000000e+00 0.00000000e+00 0.00000000e+00 1.67853510e-01
 0.00000000e+00 0.00000000e+00 0.00000000e+00 0.00000000e+00
 0.00000000e+00 0.00000000e+00 9.99999999e-01 0.00000000e+00
 0.00000000e+00 0.00000000e+00 0.00000000e+00 0.00000000e+00
 0.00000000e+00 0.00000000e+00 0.00000000e+00 0.00000000e+00
 0.00000000e+00 0.00000000e+00 0.00000000e+00 0.00000000e+00
 0.00000000e+00 0.00000000e+00 0.00000000e+00 9.42857143e-01
 9.99999999e-01 0.00000000e+00 0.00000000e+00 0.00000000e+00
 0.00000000e+00 1.17857143e+00 0.00000000e+00 2.35434007e-01
 1.32000000e+00 3.25443787e-01 1.91860465e-01 0.00000000e+00
 1.74287192e-01 0.00000000e+00 6.56529771e-02 2.39920687e-01
 2.18543046e-01 4.00569459e-01 1.64999999e+01 1.66701266e-01
 2.01808030e-01 1.10000000e+00 2.00729927e-01 4.73196559e-02
 3.66608475e-02 0.00000000e+00 4.38130643e-03 2.35394821e-03
 0.00000000e+00 0.00000000e+00 0.00000000e+00 0.00000000e+00
 0.00000000e+00 0.00000000e+00 0.00000000e+00 0.00000000e+00
 0.00000000e+00 0.00000000e+00 0.00000000e+00 0.00000000e+00
 0.00000000e+00 0.00000000e+00 0.00000000e+00 0.00000000e+00
 0.00000000e+00 7.61538460e+00 0.00000000e+00 0.00000000e+00
 0.00000000e+00 0.00000000e+00 0.00000000e+00 0.00000000e+00
 1.05000000e+01 0.00000000e+00 0.00000000e+00 0.00000000e+00
 0.00000000e+00 0.00000000e+00 0.00000000e+00 0.00000000e+00
 0.00000000e+00 0.00000000e+00 0.00000000e+00 0.00000000e+00
 0.00000000e+00 0.00000000e+00 0.00000000e+00 0.00000000e+00
 0.00000000e+00 0.00000000e+00 0.00000000e+00 0.00000000e+00
 0.00000000e+00 0.00000000e+00 0.00000000e+00 0.00000000e+00
 0.00000000e+00 0.00000000e+00 0.00000000e+00 0.00000000e+00
 0.00000000e+00 0.00000000e+00 0.00000000e+00 0.00000000e+00
 0.00000000e+00 0.00000000e+00 0.00000000e+00 0.00000000e+00
 0.00000000e+00 0.00000000e+00 0.00000000e+00 0.00000000e+00
 0.00000000e+00 0.00000000e+00 0.00000000e+00 0.00000000e+00
 0.00000000e+00 0.00000000e+00 0.00000000e+00 0.00000000e+00
 0.00000000e+00 0.00000000e+00 0.00000000e+00 0.00000000e+00
 0.00000000e+00 0.00000000e+00 0.00000000e+00 0.00000000e+00
 0.00000000e+00 0.00000000e+00 0.00000000e+00 0.00000000e+00
 0.00000000e+00 0.00000000e+00 0.00000000e+00 0.00000000e+00
 1.19555022e-01 1.00000000e+00 2.32602178e-01 1.14261037e-01
 1.50396942e-01 0.00000000e+00 0.00000000e+00 0.00000000e+00
 0.00000000e+00 0.00000000e+00 2.39920687e-01 0.00000000e+00
 1.47230769e-01]",Bitwuzla,0.6071987152099609,sat,"['Bitwuzla', 'MathSAT', 'Z3', 'BOOLECTOR', 'CVC4', 'YICES']",[0.6011910438537598]
./tmp/QF_AUFBV/com.galois.ecc.P384ECC64.ec_twin_mul_aux11.short.smt2,"[0.         2.23372287 1.         0.         0.         0.
 0.         2.19090807 0.         0.         0.         0.
 0.         0.         1.         0.         0.         0.
 0.         0.         0.         0.         0.         0.
 0.         0.         0.         0.         0.         0.
 0.         0.94444444 1.         0.         0.         0.
 0.         1.17241379 0.         3.38543897 1.30769231 3.05206463
 4.3577118  0.         2.08514474 0.         0.80199806 3.69543446
 2.59938838 1.79531583 0.         1.86145997 1.27891505 4.77363897
 3.42231947 0.37093607 0.92899043 0.21316614 0.         0.
 0.         0.         0.         0.         0.         0.
 0.         0.         0.         0.         0.         0.
 0.         0.         0.         0.         0.         0.
 0.         0.         0.         0.         0.         0.
 0.         0.         0.         0.         0.         0.
 0.         0.         0.         0.         0.         0.
 0.         0.         0.         0.         0.         0.
 0.         0.         0.         0.         0.         0.
 0.         0.         0.         0.         0.         0.
 0.         0.         0.         0.         0.         0.
 0.         0.         0.         0.         0.         0.
 0.         0.         0.         0.         0.         0.
 0.         0.         0.         0.         0.         0.
 0.         0.         0.         0.         0.         0.
 0.         0.         0.         0.         1.10229988 1.
 2.23402791 0.94295651 1.84147952 0.         0.         0.
 0.         0.         3.69543446 0.         1.80537548]",MathSAT,3.7482237815856934,unsat,"['Z3', 'MathSAT', 'Bitwuzla', 'BOOLECTOR', 'CVC4', 'YICES']","[3, 0.6927158832550049]"
./tmp/QF_AUFBV/opStructure_MBA_7.smt2,"[0.00000000e+00 1.71846615e-03 9.99999999e-01 0.00000000e+00
 0.00000000e+00 0.00000000e+00 0.00000000e+00 1.37108960e-02
 0.00000000e+00 0.00000000e+00 0.00000000e+00 0.00000000e+00
 0.00000000e+00 0.00000000e+00 9.99999999e-01 0.00000000e+00
 0.00000000e+00 0.00000000e+00 0.00000000e+00 0.00000000e+00
 0.00000000e+00 0.00000000e+00 0.00000000e+00 0.00000000e+00
 0.00000000e+00 0.00000000e+00 0.00000000e+00 0.00000000e+00
 0.00000000e+00 0.00000000e+00 0.00000000e+00 1.17449664e+00
 9.99999999e-01 0.00000000e+00 0.00000000e+00 0.00000000e+00
 7.17614166e-02 0.00000000e+00 5.83333330e+00 0.00000000e+00
 0.00000000e+00 0.00000000e+00 0.00000000e+00 0.00000000e+00
 2.42659549e-03 0.00000000e+00 0.00000000e+00 0.00000000e+00
 3.70650529e-01 1.38555069e-01 0.00000000e+00 3.20219579e-02
 1.87070501e-01 0.00000000e+00 0.00000000e+00 1.52671756e-02
 2.15982721e-02 0.00000000e+00 2.61591797e+01 2.09902064e+01
 0.00000000e+00 0.00000000e+00 2.84607938e-01 0.00000000e+00
 0.00000000e+00 0.00000000e+00 0.00000000e+00 6.85199687e-02
 0.00000000e+00 0.00000000e+00 2.05518245e+01 0.00000000e+00
 0.00000000e+00 0.00000000e+00 0.00000000e+00 0.00000000e+00
 0.00000000e+00 0.00000000e+00 0.00000000e+00 0.00000000e+00
 0.00000000e+00 0.00000000e+00 0.00000000e+00 0.00000000e+00
 0.00000000e+00 0.00000000e+00 0.00000000e+00 0.00000000e+00
 0.00000000e+00 0.00000000e+00 0.00000000e+00 0.00000000e+00
 0.00000000e+00 0.00000000e+00 0.00000000e+00 0.00000000e+00
 0.00000000e+00 0.00000000e+00 0.00000000e+00 0.00000000e+00
 0.00000000e+00 0.00000000e+00 0.00000000e+00 0.00000000e+00
 0.00000000e+00 0.00000000e+00 0.00000000e+00 0.00000000e+00
 0.00000000e+00 0.00000000e+00 0.00000000e+00 0.00000000e+00
 0.00000000e+00 0.00000000e+00 0.00000000e+00 0.00000000e+00
 0.00000000e+00 0.00000000e+00 0.00000000e+00 0.00000000e+00
 0.00000000e+00 0.00000000e+00 0.00000000e+00 0.00000000e+00
 0.00000000e+00 0.00000000e+00 0.00000000e+00 0.00000000e+00
 0.00000000e+00 0.00000000e+00 0.00000000e+00 0.00000000e+00
 0.00000000e+00 0.00000000e+00 0.00000000e+00 1.74999997e+01
 0.00000000e+00 0.00000000e+00 0.00000000e+00 0.00000000e+00
 0.00000000e+00 0.00000000e+00 0.00000000e+00 0.00000000e+00
 0.00000000e+00 0.00000000e+00 0.00000000e+00 0.00000000e+00
 1.14057316e+01 1.00000000e+00 1.71998624e-03 1.61903079e+01
 1.70257123e-02 0.00000000e+00 0.00000000e+00 0.00000000e+00
 0.00000000e+00 0.00000000e+00 0.00000000e+00 0.00000000e+00
 0.00000000e+00]",BOOLECTOR,60.21248507499695,timeout (3.0 s),"['Bitwuzla', 'YICES', 'CVC4', 'BOOLECTOR', 'MathSAT', 'Z3']","[3, 1, 53, 3]"
./tmp/QF_AUFBV/com.galois.ecc.P384ECC64.signHash5.short.smt2,"[0.         2.05971393 1.         0.         0.         0.
 0.         1.98360742 0.         0.         0.         0.
 0.         0.         1.         0.         0.         0.
 0.         0.         0.         0.         0.         0.
 0.         0.         0.         0.         0.         0.
 0.         0.94117647 1.         0.         0.         0.
 0.         1.2        0.         4.18921476 1.33333333 4.04462151
 2.96611296 0.         1.65946893 0.         0.59443231 3.6837652
 2.95       2.34130866 0.         1.6349345  1.82652815 0.0686368
 4.23938224 0.54516164 0.67574932 2.42105263 0.         0.
 0.         0.         0.         0.         2.58823529 0.
 0.         0.         0.         0.         0.02416107 0.
 0.         0.         0.         0.         0.         0.
 0.         0.         7.19218241 0.         0.         0.
 0.         0.         0.         0.         0.         0.
 0.         0.         0.         0.         0.         0.
 0.         0.         0.         0.         0.         0.
 0.         0.         0.         0.         0.         0.
 0.         0.         0.         0.         0.         0.
 0.         0.         0.         0.         0.         0.
 0.         0.         0.         0.         0.         0.
 0.         0.         0.         0.         0.         0.
 0.         0.         0.         0.         0.         0.
 0.         0.         0.         0.         0.         0.
 0.         0.         0.         0.         0.72017092 1.
 2.05985915 0.45483905 1.53751996 0.         0.         0.
 0.         0.         3.6837652  0.         1.46646171]",Z3,0.6073858737945557,unsat,"['Z3', 'YICES', 'Bitwuzla', 'CVC4', 'MathSAT', 'BOOLECTOR']",[0.5397729873657227]
./tmp/QF_AUFBV/com.galois.ecc.P384ECC64.ec_twin_mul_init2.short.smt2,"[0.         0.67098446 1.         0.         0.         0.
 0.         0.32580324 0.         0.         0.         0.
 0.         0.         1.         0.         0.         0.
 0.         0.         0.         0.         0.         0.
 0.         0.         0.         0.         0.         0.
 0.         0.94267516 1.         0.         0.         0.
 0.         1.19354839 0.         0.34676664 1.32142857 0.23436263
 0.38921762 0.         0.52943286 0.         0.08563649 0.32005242
 2.67010309 1.89339019 0.         0.453694   0.97482945 0.28003784
 0.31866029 0.03176306 0.08939897 0.21511628 0.         0.
 0.         0.         0.         0.         0.         0.
 0.         0.         0.         0.         0.         0.
 0.         0.         0.         0.         0.         0.
 0.         0.         0.         0.         0.         0.
 0.         0.         0.         0.         0.         0.
 0.         0.         0.         0.         0.         0.
 0.         0.         0.         0.         0.         0.
 0.         0.         0.         0.         0.         0.
 0.         0.         0.         0.         0.         0.
 0.         0.         0.         0.         0.         0.
 0.         0.         0.         0.         0.         0.
 0.         0.         0.         0.         0.         0.
 0.         0.         0.         0.         0.         0.
 0.         0.         0.         0.         0.         0.
 0.         0.         0.         0.         0.24677128 1.
 0.66991175 0.15878768 0.32207861 0.         0.         0.
 0.         0.         0.32005242 0.         0.19544064]",Bitwuzla,0.1180422306060791,unsat,"['Bitwuzla', 'BOOLECTOR', 'Z3', 'YICES', 'CVC4', 'MathSAT']",[0.1007530689239502]
./tmp/QF_AUFBV/com.galois.ecc.P384ECC64.verifySignature.short.smt2,"[0.00000000e+00 1.92336570e+00 9.99999999e-01 0.00000000e+00
 0.00000000e+00 0.00000000e+00 0.00000000e+00 1.80961414e+00
 0.00000000e+00 0.00000000e+00 0.00000000e+00 0.00000000e+00
 0.00000000e+00 0.00000000e+00 9.99999999e-01 0.00000000e+00
 0.00000000e+00 0.00000000e+00 0.00000000e+00 0.00000000e+00
 0.00000000e+00 0.00000000e+00 0.00000000e+00 0.00000000e+00
 0.00000000e+00 0.00000000e+00 0.00000000e+00 0.00000000e+00
 0.00000000e+00 0.00000000e+00 0.00000000e+00 9.44099379e-01
 9.99999999e-01 0.00000000e+00 0.00000000e+00 0.00000000e+00
 0.00000000e+00 1.18750000e+00 0.00000000e+00 2.98618307e+00
 1.31034483e+00 3.17126270e+00 2.92839806e+00 0.00000000e+00
 1.58798176e+00 0.00000000e+00 5.50650745e-01 3.04219918e+00
 3.10295858e+00 2.46052786e+00 0.00000000e+00 1.57987362e+00
 1.91824883e+00 4.26566885e-01 3.01321586e+00 4.63218147e-01
 7.15068899e-01 1.78947368e+00 1.59290403e-03 0.00000000e+00
 0.00000000e+00 0.00000000e+00 0.00000000e+00 0.00000000e+00
 5.87845304e+00 0.00000000e+00 0.00000000e+00 0.00000000e+00
 0.00000000e+00 0.00000000e+00 8.49921718e-03 0.00000000e+00
 0.00000000e+00 0.00000000e+00 0.00000000e+00 0.00000000e+00
 0.00000000e+00 0.00000000e+00 0.00000000e+00 0.00000000e+00
 3.75538160e+00 0.00000000e+00 0.00000000e+00 0.00000000e+00
 0.00000000e+00 0.00000000e+00 0.00000000e+00 0.00000000e+00
 0.00000000e+00 0.00000000e+00 0.00000000e+00 0.00000000e+00
 0.00000000e+00 0.00000000e+00 0.00000000e+00 0.00000000e+00
 0.00000000e+00 0.00000000e+00 0.00000000e+00 0.00000000e+00
 0.00000000e+00 0.00000000e+00 0.00000000e+00 0.00000000e+00
 0.00000000e+00 0.00000000e+00 0.00000000e+00 0.00000000e+00
 0.00000000e+00 0.00000000e+00 0.00000000e+00 0.00000000e+00
 0.00000000e+00 0.00000000e+00 0.00000000e+00 0.00000000e+00
 0.00000000e+00 0.00000000e+00 0.00000000e+00 0.00000000e+00
 0.00000000e+00 0.00000000e+00 0.00000000e+00 0.00000000e+00
 0.00000000e+00 0.00000000e+00 0.00000000e+00 0.00000000e+00
 0.00000000e+00 0.00000000e+00 0.00000000e+00 0.00000000e+00
 0.00000000e+00 0.00000000e+00 0.00000000e+00 0.00000000e+00
 0.00000000e+00 0.00000000e+00 0.00000000e+00 0.00000000e+00
 0.00000000e+00 0.00000000e+00 0.00000000e+00 0.00000000e+00
 0.00000000e+00 0.00000000e+00 0.00000000e+00 0.00000000e+00
 7.12003575e-01 1.00000000e+00 1.92346895e+00 4.54637855e-01
 1.43705584e+00 0.00000000e+00 0.00000000e+00 0.00000000e+00
 0.00000000e+00 0.00000000e+00 3.04219918e+00 0.00000000e+00
 1.34267516e+00]",CVC4,5.246856689453125,unsat,"['Z3', 'CVC4', 'Bitwuzla', 'YICES', 'BOOLECTOR', 'MathSAT']","[3, 2.1977739334106445]"
./tmp/QF_AUFBV/com.galois.ecc.P384ECC64.ec_full_add1.short.smt2,"[0.         0.32210716 1.         0.         0.         0.
 0.         0.14159952 0.         0.         0.         0.
 0.         0.         1.         0.         0.         0.
 0.         0.         0.         0.         0.         0.
 0.         0.         0.         0.         0.         0.
 0.         0.94545455 1.         0.         0.         0.
 0.         2.29411764 0.         0.20103093 1.3        0.14099783
 0.07086614 0.         0.25051978 0.         0.03659517 0.121875
 1.03341014 1.01588027 0.         0.20163328 0.65942029 0.
 0.17105263 0.02065897 0.0173282  0.         0.         0.
 0.         0.         0.         0.         0.         0.
 0.         0.         0.         0.         0.         0.
 0.         0.         0.         0.         0.         0.
 0.         0.         0.         0.         0.         0.
 0.         0.         0.         0.         0.         0.
 0.         0.         0.         0.         0.         0.
 0.         0.         0.         0.         0.         0.
 0.         0.         0.         0.         0.         0.
 0.         0.         0.         0.         0.         0.
 0.         0.         0.         0.         0.         0.
 0.         0.         0.         0.         0.         0.
 0.         0.         0.         0.         0.         0.
 0.         0.         0.         0.         0.         0.
 0.         0.         0.         0.         0.         0.
 0.         0.         0.         0.         0.12883729 1.
 0.32074017 0.08830872 0.14054498 0.         0.         0.
 0.         0.         0.121875   0.         0.08870159]",Bitwuzla,0.06993484497070312,unsat,"['Bitwuzla', 'CVC4', 'BOOLECTOR', 'YICES', 'MathSAT', 'Z3']",[0.061296939849853516]
./tmp/QF_AUFBV/com.galois.ecc.P384ECC64.ec_twin_mul_init1.short.smt2,"[0.         0.67151933 1.         0.         0.         0.
 0.         0.33145901 0.         0.         0.         0.
 0.         0.         1.         0.         0.         0.
 0.         0.         0.         0.         0.         0.
 0.         0.         0.         0.         0.         0.
 0.         0.94674556 1.         0.         0.         0.
 0.         1.14285714 0.         0.3407155  1.29032258 0.23005032
 0.38392322 0.         0.53759491 0.         0.09094557 0.3148104
 2.42424242 1.78146491 0.         0.46225319 0.96013716 0.29712163
 0.31331593 0.03387319 0.09456265 0.22038567 0.         0.
 0.         0.         0.         0.         0.         0.
 0.         0.         0.         0.         0.         0.
 0.         0.         0.         0.         0.         0.
 0.         0.         0.         0.         0.         0.
 0.         0.         0.         0.         0.         0.
 0.         0.         0.         0.         0.         0.
 0.         0.         0.         0.         0.         0.
 0.         0.         0.         0.         0.         0.
 0.         0.         0.         0.         0.         0.
 0.         0.         0.         0.         0.         0.
 0.         0.         0.         0.         0.         0.
 0.         0.         0.         0.         0.         0.
 0.         0.         0.         0.         0.         0.
 0.         0.         0.         0.         0.         0.
 0.         0.         0.         0.         0.25922542 1.
 0.67048518 0.16851161 0.33105524 0.         0.         0.
 0.         0.         0.3148104  0.         0.20232945]",Bitwuzla,0.07917499542236328,unsat,"['Bitwuzla', 'Z3', 'MathSAT', 'BOOLECTOR', 'YICES', 'CVC4']",[0.06233096122741699]
