./tmp/QF_AUFBV/com.galois.ecc.P384ECC64.sq_inner23.short.smt2,"[0. 1. 1. 0. 0. 0. 0. 1. 0. 0. 0. 0. 0. 0. 1. 0. 0. 0. 0. 0. 0. 0. 0. 0.
 0. 0. 0. 0. 0. 0. 0. 1. 1. 0. 0. 0. 0. 1. 0. 1. 1. 1. 0. 0. 1. 0. 1. 1.
 1. 1. 0. 1. 1. 1. 1. 1. 0. 1. 1. 1. 0. 0. 1. 1. 0. 0. 0. 0. 0. 0. 0. 0.
 0. 0. 0. 0. 1. 1. 0. 0. 0. 0. 0. 0. 1. 0. 0. 0. 0. 0. 0. 0. 0. 0. 0. 0.
 0. 0. 0. 0. 0. 0. 0. 0. 0. 0. 0. 0. 0. 0. 0. 0. 0. 0. 0. 0. 0. 0. 0. 0.
 0. 0. 0. 0. 0. 0. 0. 0. 0. 0. 0. 0. 0. 0. 0. 0. 0. 0. 0. 0. 0. 0. 0. 0.
 0. 0. 0. 0. 1. 1. 1. 1. 1. 0. 0. 0. 0. 0. 1. 0. 1.]",Bitwuzla,0.1450059413909912,sat,"['Bitwuzla', 'MathSAT', 'BOOLECTOR', 'CVC4', 'Z3', 'YICES']",[0.14131593704223633]
./tmp/QF_AUFBV/com.galois.ecc.P384ECC64.ec_mul_aux2.short.smt2,"[0.         1.97755961 1.         0.         0.         0.
 0.         1.97949018 0.         0.         0.         0.
 0.         0.         1.         0.         0.         0.
 0.         0.         0.         0.         0.         0.
 0.         0.         0.         0.         0.         0.
 0.         1.         1.         0.         0.         0.
 0.         1.         0.         1.95833333 1.         1.96923077
 2.         0.         1.98594766 0.         1.99612027 1.98300283
 1.95       1.76842105 0.         1.97619813 1.74301676 1.97297297
 1.97916667 1.95505618 2.         1.95121951 0.         0.
 0.         0.         1.6        1.96039604 2.         0.
 0.         0.         0.         0.         0.         0.
 0.         0.         0.         0.         1.94285714 0.
 0.         0.         2.         0.         0.         0.
 0.         0.         0.         0.         0.         0.
 0.         0.         0.         0.         0.         0.
 0.         0.         0.         0.         0.         0.
 0.         0.         0.         0.         0.         0.
 0.         0.         0.         0.         0.         0.
 0.         0.         0.         0.         0.         0.
 0.         0.         0.         0.         0.         0.
 0.         0.         0.         0.         0.         0.
 0.         0.         0.         0.         0.         0.
 0.         0.         0.         0.         0.         0.
 0.         0.         0.         0.         1.97348869 1.
 1.97810834 1.95702794 1.97971204 0.         0.         0.
 0.         0.         1.98300283 0.         1.9801061 ]",YICES,0.27896595001220703,unsat,"['YICES', 'Z3', 'MathSAT', 'BOOLECTOR', 'CVC4', 'Bitwuzla']",[0.13610291481018066]
./tmp/QF_AUFBV/opStructure_MBA_7.smt2,"[0.00000000e+00 8.41278744e-04 9.99999999e-01 0.00000000e+00
 0.00000000e+00 0.00000000e+00 0.00000000e+00 6.14035088e-03
 0.00000000e+00 0.00000000e+00 0.00000000e+00 0.00000000e+00
 0.00000000e+00 0.00000000e+00 9.99999999e-01 0.00000000e+00
 0.00000000e+00 0.00000000e+00 0.00000000e+00 0.00000000e+00
 0.00000000e+00 0.00000000e+00 0.00000000e+00 0.00000000e+00
 0.00000000e+00 0.00000000e+00 0.00000000e+00 0.00000000e+00
 0.00000000e+00 0.00000000e+00 0.00000000e+00 1.15384615e+00
 9.99999999e-01 0.00000000e+00 0.00000000e+00 0.00000000e+00
 3.00000000e+00 0.00000000e+00 2.99999999e+00 0.00000000e+00
 0.00000000e+00 0.00000000e+00 0.00000000e+00 0.00000000e+00
 1.05355575e-03 0.00000000e+00 0.00000000e+00 0.00000000e+00
 4.46808511e-01 2.68370607e-01 0.00000000e+00 1.34486071e-02
 3.15000000e-01 0.00000000e+00 0.00000000e+00 4.42804428e-02
 8.95522388e-02 0.00000000e+00 2.99989905e+00 2.99971437e+00
 0.00000000e+00 0.00000000e+00 2.68085106e+00 0.00000000e+00
 0.00000000e+00 0.00000000e+00 0.00000000e+00 3.00000000e+00
 0.00000000e+00 0.00000000e+00 3.00000000e+00 0.00000000e+00
 0.00000000e+00 0.00000000e+00 0.00000000e+00 0.00000000e+00
 0.00000000e+00 0.00000000e+00 0.00000000e+00 0.00000000e+00
 0.00000000e+00 0.00000000e+00 0.00000000e+00 0.00000000e+00
 0.00000000e+00 0.00000000e+00 0.00000000e+00 0.00000000e+00
 0.00000000e+00 0.00000000e+00 0.00000000e+00 0.00000000e+00
 0.00000000e+00 0.00000000e+00 0.00000000e+00 0.00000000e+00
 0.00000000e+00 0.00000000e+00 0.00000000e+00 0.00000000e+00
 0.00000000e+00 0.00000000e+00 0.00000000e+00 0.00000000e+00
 0.00000000e+00 0.00000000e+00 0.00000000e+00 0.00000000e+00
 0.00000000e+00 0.00000000e+00 0.00000000e+00 0.00000000e+00
 0.00000000e+00 0.00000000e+00 0.00000000e+00 0.00000000e+00
 0.00000000e+00 0.00000000e+00 0.00000000e+00 0.00000000e+00
 0.00000000e+00 0.00000000e+00 0.00000000e+00 0.00000000e+00
 0.00000000e+00 0.00000000e+00 0.00000000e+00 0.00000000e+00
 0.00000000e+00 0.00000000e+00 0.00000000e+00 0.00000000e+00
 0.00000000e+00 0.00000000e+00 0.00000000e+00 2.99999999e+00
 0.00000000e+00 0.00000000e+00 0.00000000e+00 0.00000000e+00
 0.00000000e+00 0.00000000e+00 0.00000000e+00 0.00000000e+00
 0.00000000e+00 0.00000000e+00 0.00000000e+00 0.00000000e+00
 2.48815242e+00 1.00000000e+00 8.41750842e-04 2.77374215e+00
 6.85602351e-03 0.00000000e+00 0.00000000e+00 0.00000000e+00
 0.00000000e+00 0.00000000e+00 0.00000000e+00 0.00000000e+00
 0.00000000e+00]",BOOLECTOR,57.552284955978394,error,"['BOOLECTOR', 'CVC4', 'YICES', 'Bitwuzla', 'Z3', 'MathSAT']",[57.35759401321411]
./tmp/QF_AUFBV/opStructure_O_16_24_2_2.smt2,"[0.00000000e+00 1.12139052e-03 9.99999999e-01 0.00000000e+00
 0.00000000e+00 0.00000000e+00 0.00000000e+00 2.33781414e-03
 0.00000000e+00 0.00000000e+00 0.00000000e+00 0.00000000e+00
 0.00000000e+00 0.00000000e+00 9.99999999e-01 0.00000000e+00
 0.00000000e+00 0.00000000e+00 0.00000000e+00 0.00000000e+00
 0.00000000e+00 0.00000000e+00 0.00000000e+00 0.00000000e+00
 0.00000000e+00 0.00000000e+00 0.00000000e+00 0.00000000e+00
 0.00000000e+00 0.00000000e+00 0.00000000e+00 1.11111111e+00
 9.99999999e-01 0.00000000e+00 0.00000000e+00 0.00000000e+00
 3.94685990e+00 0.00000000e+00 2.00000000e+00 0.00000000e+00
 0.00000000e+00 3.05343511e-02 0.00000000e+00 0.00000000e+00
 2.10600211e-03 0.00000000e+00 0.00000000e+00 0.00000000e+00
 1.63265306e-01 9.96884735e-02 0.00000000e+00 5.11672530e-03
 1.16504854e-01 0.00000000e+00 0.00000000e+00 3.23822909e+00
 3.40576497e+00 0.00000000e+00 1.82230311e-02 1.49750263e-01
 0.00000000e+00 0.00000000e+00 3.76932515e+00 3.75305623e+00
 0.00000000e+00 0.00000000e+00 0.00000000e+00 3.94858612e+00
 0.00000000e+00 0.00000000e+00 0.00000000e+00 0.00000000e+00
 0.00000000e+00 0.00000000e+00 0.00000000e+00 0.00000000e+00
 0.00000000e+00 0.00000000e+00 0.00000000e+00 0.00000000e+00
 0.00000000e+00 0.00000000e+00 0.00000000e+00 0.00000000e+00
 0.00000000e+00 0.00000000e+00 0.00000000e+00 0.00000000e+00
 0.00000000e+00 0.00000000e+00 0.00000000e+00 0.00000000e+00
 0.00000000e+00 0.00000000e+00 0.00000000e+00 0.00000000e+00
 0.00000000e+00 0.00000000e+00 0.00000000e+00 0.00000000e+00
 0.00000000e+00 0.00000000e+00 0.00000000e+00 0.00000000e+00
 0.00000000e+00 0.00000000e+00 0.00000000e+00 0.00000000e+00
 0.00000000e+00 0.00000000e+00 0.00000000e+00 0.00000000e+00
 0.00000000e+00 0.00000000e+00 0.00000000e+00 0.00000000e+00
 0.00000000e+00 0.00000000e+00 0.00000000e+00 0.00000000e+00
 0.00000000e+00 0.00000000e+00 0.00000000e+00 0.00000000e+00
 0.00000000e+00 0.00000000e+00 0.00000000e+00 0.00000000e+00
 0.00000000e+00 0.00000000e+00 0.00000000e+00 0.00000000e+00
 0.00000000e+00 0.00000000e+00 0.00000000e+00 0.00000000e+00
 0.00000000e+00 0.00000000e+00 0.00000000e+00 0.00000000e+00
 0.00000000e+00 0.00000000e+00 0.00000000e+00 0.00000000e+00
 0.00000000e+00 0.00000000e+00 0.00000000e+00 0.00000000e+00
 2.64006099e-01 1.00000000e+00 2.24340998e-03 1.78808099e-01
 2.61011419e-03 0.00000000e+00 0.00000000e+00 0.00000000e+00
 0.00000000e+00 0.00000000e+00 0.00000000e+00 0.00000000e+00
 0.00000000e+00]",BOOLECTOR,60.018083810806274,timeout (60.0 s),"['BOOLECTOR', 'MathSAT', 'Z3', 'Bitwuzla', 'CVC4', 'YICES']",[60]
./tmp/QF_AUFBV/com.galois.ecc.P384ECC64.ec_full_add2.short.smt2,"[0.         0.43628454 1.         0.         0.         0.
 0.         0.30461032 0.         0.         0.         0.
 0.         0.         1.         0.         0.         0.
 0.         0.         0.         0.         0.         0.
 0.         0.         0.         0.         0.         0.
 0.         0.90909091 1.         0.         0.         0.
 0.         1.66666666 0.         0.78947368 1.66666666 0.60402685
 0.94339623 0.         0.34096484 0.         0.07640879 0.77751196
 1.59722222 2.31155779 0.         0.28071235 1.86930091 0.19480519
 0.75221239 0.06245663 0.16094421 0.         0.         0.
 0.         0.         0.         0.         0.         0.
 0.         0.         0.         0.         0.         0.
 0.         0.         0.         0.         0.         0.
 0.         0.         0.         0.         0.         0.
 0.         0.         0.         0.         0.         0.
 0.         0.         0.         0.         0.         0.
 0.         0.         0.         0.         0.         0.
 0.         0.         0.         0.         0.         0.
 0.         0.         0.         0.         0.         0.
 0.         0.         0.         0.         0.         0.
 0.         0.         0.         0.         0.         0.
 0.         0.         0.         0.         0.         0.
 0.         0.         0.         0.         0.         0.
 0.         0.         0.         0.         0.         0.
 0.         0.         0.         0.         0.07294785 1.
 0.43522785 0.03716403 0.2377253  0.         0.         0.
 0.         0.         0.77751196 0.         0.20661157]",BOOLECTOR,0.1273818016052246,unsat,"['BOOLECTOR', 'Bitwuzla', 'Z3', 'CVC4', 'YICES', 'MathSAT']",[0.11310696601867676]
./tmp/QF_AUFBV/com.galois.ecc.P384ECC64.ec_twin_mul_init.short.smt2,"[0.         0.55583933 1.         0.         0.         0.
 0.         0.26442812 0.         0.         0.         0.
 0.         0.         1.         0.         0.         0.
 0.         0.         0.         0.         0.         0.
 0.         0.         0.         0.         0.         0.
 0.         0.92307692 1.         0.         0.         0.
 0.         1.5        0.         0.48387097 1.5        0.30573248
 0.54857143 0.         0.40189197 0.         0.04831833 0.43902439
 2.625      2.4358209  0.         0.33997722 1.52380952 0.2962963
 0.44262295 0.03312629 0.10126582 0.14285714 0.         0.
 0.         0.         0.         0.         0.         0.
 0.         0.         0.         0.         0.         0.
 0.         0.         0.         0.         0.         0.
 0.         0.         0.         0.         0.         0.
 0.         0.         0.         0.         0.         0.
 0.         0.         0.         0.         0.         0.
 0.         0.         0.         0.         0.         0.
 0.         0.         0.         0.         0.         0.
 0.         0.         0.         0.         0.         0.
 0.         0.         0.         0.         0.         0.
 0.         0.         0.         0.         0.         0.
 0.         0.         0.         0.         0.         0.
 0.         0.         0.         0.         0.         0.
 0.         0.         0.         0.         0.         0.
 0.         0.         0.         0.         0.09477108 1.
 0.55483271 0.04923054 0.23641791 0.         0.         0.
 0.         0.         0.43902439 0.         0.141527  ]",BOOLECTOR,0.09599614143371582,unsat,"['BOOLECTOR', 'CVC4', 'Bitwuzla', 'YICES', 'Z3', 'MathSAT']",[0.08004999160766602]
./tmp/QF_AUFBV/com.galois.ecc.P384ECC64.ec_twin_mul_init2.short.smt2,"[0.         0.59349766 1.         0.         0.         0.
 0.         0.29547739 0.         0.         0.         0.
 0.         0.         1.         0.         0.         0.
 0.         0.         0.         0.         0.         0.
 0.         0.         0.         0.         0.         0.
 0.         0.93333333 1.         0.         0.         0.
 0.         1.4        0.         0.52238806 1.4        0.33939394
 0.58638743 0.         0.43943944 0.         0.05592105 0.47727273
 2.13043478 2.02123142 0.         0.37537052 1.41772152 0.32941176
 0.48091603 0.03843514 0.11618257 0.1627907  0.         0.
 0.         0.         0.         0.         0.         0.
 0.         0.         0.         0.         0.         0.
 0.         0.         0.         0.         0.         0.
 0.         0.         0.         0.         0.         0.
 0.         0.         0.         0.         0.         0.
 0.         0.         0.         0.         0.         0.
 0.         0.         0.         0.         0.         0.
 0.         0.         0.         0.         0.         0.
 0.         0.         0.         0.         0.         0.
 0.         0.         0.         0.         0.         0.
 0.         0.         0.         0.         0.         0.
 0.         0.         0.         0.         0.         0.
 0.         0.         0.         0.         0.         0.
 0.         0.         0.         0.         0.         0.
 0.         0.         0.         0.         0.108847   1.
 0.59251382 0.0569682  0.26536473 0.         0.         0.
 0.         0.         0.47727273 0.         0.16130988]",BOOLECTOR,0.08481311798095703,unsat,"['BOOLECTOR', 'MathSAT', 'CVC4', 'Z3', 'YICES', 'Bitwuzla']",[0.06903600692749023]
./tmp/QF_AUFBV/com.galois.ecc.P384ECC64.mod_div12.short.smt2,"[0.         0.2614594  1.         0.         0.         0.
 0.         0.23035627 0.         0.         0.         0.
 0.         0.         1.         0.         0.         0.
 0.         0.         0.         0.         0.         0.
 0.         0.         0.         0.         0.         0.
 0.         0.94117647 1.         0.         0.         0.
 0.         1.33333333 0.         0.39716312 1.33333333 0.23529412
 0.24365482 0.         0.19640117 0.         0.04114072 0.27145709
 0.56565657 1.90291262 0.         0.26068822 3.11160221 0.04678363
 0.35036496 0.03825137 0.0576725  0.         0.         0.
 0.         0.         0.         0.0195122  0.         0.
 0.         0.         0.         0.         0.0045723  0.
 0.         0.         0.         0.         0.0754717  0.
 0.         0.         0.3539823  0.         0.         0.
 0.         0.         0.         0.         0.         0.
 0.         0.         0.         0.         0.         0.
 0.         0.         0.         0.         0.         0.
 0.         0.         0.         0.         0.         0.
 0.         0.         0.         0.         0.         0.
 0.         0.         0.         0.         0.         0.
 0.         0.         0.         0.         0.         0.
 0.         0.         0.         0.         0.         0.
 0.         0.         0.         0.         0.         0.
 0.         0.         0.         0.         0.         0.
 0.         0.         0.         0.         0.09373176 1.
 0.2600823  0.03174179 0.21899441 0.         0.         0.
 0.         0.         0.27145709 0.         0.19869899]",BOOLECTOR,0.06791472434997559,unsat,"['BOOLECTOR', 'CVC4', 'YICES', 'MathSAT', 'Bitwuzla', 'Z3']",[0.05993986129760742]
./tmp/QF_AUFBV/opStructure_O_16_32_2_2.smt2,"[0.00000000e+00 1.84956843e-03 9.99999999e-01 0.00000000e+00
 0.00000000e+00 0.00000000e+00 0.00000000e+00 4.39024390e-03
 0.00000000e+00 0.00000000e+00 0.00000000e+00 0.00000000e+00
 0.00000000e+00 0.00000000e+00 9.99999999e-01 0.00000000e+00
 0.00000000e+00 0.00000000e+00 0.00000000e+00 0.00000000e+00
 0.00000000e+00 0.00000000e+00 0.00000000e+00 0.00000000e+00
 0.00000000e+00 0.00000000e+00 0.00000000e+00 0.00000000e+00
 0.00000000e+00 0.00000000e+00 0.00000000e+00 1.15384615e+00
 9.99999999e-01 0.00000000e+00 0.00000000e+00 0.00000000e+00
 5.11267606e+00 0.00000000e+00 2.99999999e+00 0.00000000e+00
 0.00000000e+00 5.26315789e-02 0.00000000e+00 0.00000000e+00
 3.76464027e-03 0.00000000e+00 0.00000000e+00 0.00000000e+00
 9.00000000e-02 3.86680988e-02 0.00000000e+00 9.37500000e-03
 5.92755214e-02 0.00000000e+00 0.00000000e+00 4.60800000e+00
 4.61954887e+00 0.00000000e+00 5.43390195e-02 4.27767109e-01
 0.00000000e+00 0.00000000e+00 5.01141925e+00 4.99674532e+00
 0.00000000e+00 0.00000000e+00 0.00000000e+00 5.11431743e+00
 0.00000000e+00 0.00000000e+00 0.00000000e+00 0.00000000e+00
 0.00000000e+00 0.00000000e+00 0.00000000e+00 0.00000000e+00
 0.00000000e+00 0.00000000e+00 0.00000000e+00 0.00000000e+00
 0.00000000e+00 0.00000000e+00 0.00000000e+00 0.00000000e+00
 0.00000000e+00 0.00000000e+00 0.00000000e+00 0.00000000e+00
 0.00000000e+00 0.00000000e+00 0.00000000e+00 0.00000000e+00
 0.00000000e+00 0.00000000e+00 0.00000000e+00 0.00000000e+00
 0.00000000e+00 0.00000000e+00 0.00000000e+00 0.00000000e+00
 0.00000000e+00 0.00000000e+00 0.00000000e+00 0.00000000e+00
 0.00000000e+00 0.00000000e+00 0.00000000e+00 0.00000000e+00
 0.00000000e+00 0.00000000e+00 0.00000000e+00 0.00000000e+00
 0.00000000e+00 0.00000000e+00 0.00000000e+00 0.00000000e+00
 0.00000000e+00 0.00000000e+00 0.00000000e+00 0.00000000e+00
 0.00000000e+00 0.00000000e+00 0.00000000e+00 0.00000000e+00
 0.00000000e+00 0.00000000e+00 0.00000000e+00 0.00000000e+00
 0.00000000e+00 0.00000000e+00 0.00000000e+00 0.00000000e+00
 0.00000000e+00 0.00000000e+00 0.00000000e+00 0.00000000e+00
 0.00000000e+00 0.00000000e+00 0.00000000e+00 0.00000000e+00
 0.00000000e+00 0.00000000e+00 0.00000000e+00 0.00000000e+00
 0.00000000e+00 0.00000000e+00 0.00000000e+00 0.00000000e+00
 6.89171754e-01 1.00000000e+00 3.70218017e-03 4.92512829e-01
 5.02512563e-03 0.00000000e+00 0.00000000e+00 0.00000000e+00
 0.00000000e+00 0.00000000e+00 0.00000000e+00 0.00000000e+00
 0.00000000e+00]",BOOLECTOR,60.024380922317505,timeout (60.0 s),"['BOOLECTOR', 'MathSAT', 'Bitwuzla', 'YICES', 'CVC4', 'Z3']",[60]
./tmp/QF_AUFBV/com.galois.ecc.P384ECC64.ec_twin_mul_aux11.short.smt2,"[0.         2.15667311 1.         0.         0.         0.
 0.         2.19196344 0.         0.         0.         0.
 0.         0.         1.         0.         0.         0.
 0.         0.         0.         0.         0.         0.
 0.         0.         0.         0.         0.         0.
 0.         0.93023256 1.         0.         0.         0.
 0.         1.42857143 0.         3.97435897 1.42857143 3.6900369
 4.73262032 0.         1.97852589 0.         0.73624946 4.24137931
 2.         1.66517457 0.         1.78960872 1.38941399 4.62264151
 4.01746725 0.32258065 0.81491713 0.22727273 0.         0.
 0.         0.         0.         0.         0.         0.
 0.         0.         0.         0.         0.         0.
 0.         0.         0.         0.         0.         0.
 0.         0.         0.         0.         0.         0.
 0.         0.         0.         0.         0.         0.
 0.         0.         0.         0.         0.         0.
 0.         0.         0.         0.         0.         0.
 0.         0.         0.         0.         0.         0.
 0.         0.         0.         0.         0.         0.
 0.         0.         0.         0.         0.         0.
 0.         0.         0.         0.         0.         0.
 0.         0.         0.         0.         0.         0.
 0.         0.         0.         0.         0.         0.
 0.         0.         0.         0.         0.         0.
 0.         0.         0.         0.         0.43307043 1.
 2.15679948 0.25495983 1.78628755 0.         0.         0.
 0.         0.         4.24137931 0.         1.77329117]",YICES,0.2441420555114746,unsat,"['YICES', 'Z3', 'Bitwuzla', 'CVC4', 'BOOLECTOR', 'MathSAT']",[0.1915738582611084]
./tmp/QF_AUFBV/com.galois.ecc.P384ECC64.ec_full_sub2.short.smt2,"[0.         0.21043478 1.         0.         0.         0.
 0.         0.11812359 0.         0.         0.         0.
 0.         0.         1.         0.         0.         0.
 0.         0.         0.         0.         0.         0.
 0.         0.         0.         0.         0.         0.
 0.         0.93617021 1.         0.         0.         0.
 0.         2.44444444 0.         0.09322034 1.375      0.04044118
 0.05851064 0.         0.15644983 0.         0.02850972 0.05034325
 0.70037453 0.8538398  0.         0.16677195 1.01886792 0.13664596
 0.04782609 0.00354724 0.0101196  0.12359551 0.         0.
 0.         0.         0.         0.         0.         0.
 0.         0.         0.         0.         0.00418968 0.
 0.         0.         0.         0.         0.         0.
 0.         0.         0.         0.         0.         0.
 0.         0.         0.         0.         0.         0.
 0.         0.         0.         0.         0.         0.
 0.         0.         0.         0.         0.         0.
 0.         0.         0.         0.         0.         0.
 0.         0.         0.         0.         0.         0.
 0.         0.         0.         0.         0.         0.
 0.         0.         0.         0.         0.         0.
 0.         0.         0.         0.         0.         0.
 0.         0.         0.         0.         0.         0.
 0.         0.         0.         0.         0.         0.
 0.         0.         0.         0.         0.05724247 1.
 0.20889381 0.03221939 0.12961704 0.         0.         0.
 0.         0.         0.05034325 0.         0.09286059]",BOOLECTOR,1.499345064163208,unsat,"['BOOLECTOR', 'YICES', 'Bitwuzla', 'MathSAT', 'CVC4', 'Z3']",[1.4936180114746094]
./tmp/QF_AUFBV/com.galois.ecc.P384ECC64.ec_full_add1.short.smt2,"[0.         0.35532372 1.         0.         0.         0.
 0.         0.16279502 0.         0.         0.         0.
 0.         0.         1.         0.         0.         0.
 0.         0.         0.         0.         0.         0.
 0.         0.         0.         0.         0.         0.
 0.         0.94117647 1.         0.         0.         0.
 0.         2.18181818 0.         0.29752066 1.33333333 0.2166065
 0.09498681 0.         0.26775897 0.         0.03617571 0.17587373
 0.95172414 1.03245283 0.         0.21831714 0.74336283 0.
 0.25531915 0.01931745 0.01653652 0.         0.         0.
 0.         0.         0.         0.         0.         0.
 0.         0.         0.         0.         0.         0.
 0.         0.         0.         0.         0.         0.
 0.         0.         0.         0.         0.         0.
 0.         0.         0.         0.         0.         0.
 0.         0.         0.         0.         0.         0.
 0.         0.         0.         0.         0.         0.
 0.         0.         0.         0.         0.         0.
 0.         0.         0.         0.         0.         0.
 0.         0.         0.         0.         0.         0.
 0.         0.         0.         0.         0.         0.
 0.         0.         0.         0.         0.         0.
 0.         0.         0.         0.         0.         0.
 0.         0.         0.         0.         0.         0.
 0.         0.         0.         0.         0.08152016 1.
 0.35386269 0.04762842 0.15302013 0.         0.         0.
 0.         0.         0.17587373 0.         0.09760766]",BOOLECTOR,0.0658559799194336,unsat,"['BOOLECTOR', 'Z3', 'CVC4', 'Bitwuzla', 'MathSAT', 'YICES']",[0.05785703659057617]
./tmp/QF_AUFBV/opStructure_NPT_1.smt2,"[0.         0.00199417 1.         0.         0.         0.
 0.         0.00483002 0.         0.         0.         0.
 0.         0.         1.         0.         0.         0.
 0.         0.         0.         0.         0.         0.
 0.         0.         0.         0.         0.         0.
 0.         1.16071429 1.         0.         0.         0.
 0.11427094 0.         0.         0.         0.         0.04676259
 0.         0.         0.00280203 0.         0.         0.
 0.0890411  0.03912716 0.         0.01074158 0.06244996 0.
 0.         0.         0.         0.         0.00432704 0.00963845
 0.         0.         0.         0.05267423 0.         0.
 0.         0.         0.         0.         0.         0.
 0.         0.         0.         0.         0.         0.
 0.         0.         0.         0.         0.         0.
 0.         0.         0.         0.         0.         0.
 0.         0.         0.         0.         0.         0.
 0.         0.         0.         0.         0.         0.
 0.         0.         0.         0.         0.         0.
 0.         0.         0.         0.         0.         0.
 0.         0.         0.         0.         0.         0.
 0.         0.         0.         0.         0.         0.
 0.         0.         0.         0.         0.         0.
 0.         0.         0.         0.         0.         0.
 0.         0.         0.         0.         0.         0.
 0.         0.         0.         0.         0.01180111 1.
 0.00399202 0.00766894 0.00581395 0.         0.         0.
 0.         0.         0.         0.         0.        ]",BOOLECTOR,60.00095582008362,timeout (60.0 s),"['BOOLECTOR', 'CVC4', 'Z3', 'MathSAT', 'Bitwuzla', 'YICES']",[60]
./tmp/QF_AUFBV/opStructure_O_32_16_2_2.smt2,"[0.00000000e+00 2.14723926e-03 9.99999999e-01 0.00000000e+00
 0.00000000e+00 0.00000000e+00 0.00000000e+00 5.19962860e-03
 0.00000000e+00 0.00000000e+00 0.00000000e+00 0.00000000e+00
 0.00000000e+00 0.00000000e+00 9.99999999e-01 0.00000000e+00
 0.00000000e+00 0.00000000e+00 0.00000000e+00 0.00000000e+00
 0.00000000e+00 0.00000000e+00 0.00000000e+00 0.00000000e+00
 0.00000000e+00 0.00000000e+00 0.00000000e+00 0.00000000e+00
 0.00000000e+00 0.00000000e+00 0.00000000e+00 1.14754098e+00
 9.99999999e-01 0.00000000e+00 0.00000000e+00 0.00000000e+00
 4.94750919e+00 0.00000000e+00 3.49999999e+00 0.00000000e+00
 0.00000000e+00 5.01792115e-02 0.00000000e+00 0.00000000e+00
 4.52488688e-03 0.00000000e+00 0.00000000e+00 0.00000000e+00
 9.52380952e-02 4.20105026e-02 0.00000000e+00 1.15583075e-02
 6.69322709e-02 0.00000000e+00 0.00000000e+00 4.63248600e+00
 4.47860044e+00 0.00000000e+00 8.15363064e-02 6.16943217e-01
 0.00000000e+00 0.00000000e+00 5.00733496e+00 4.98486693e+00
 0.00000000e+00 0.00000000e+00 0.00000000e+00 5.07289455e+00
 0.00000000e+00 0.00000000e+00 0.00000000e+00 0.00000000e+00
 0.00000000e+00 0.00000000e+00 0.00000000e+00 0.00000000e+00
 0.00000000e+00 0.00000000e+00 0.00000000e+00 0.00000000e+00
 0.00000000e+00 0.00000000e+00 0.00000000e+00 0.00000000e+00
 0.00000000e+00 0.00000000e+00 0.00000000e+00 0.00000000e+00
 0.00000000e+00 0.00000000e+00 0.00000000e+00 0.00000000e+00
 0.00000000e+00 0.00000000e+00 0.00000000e+00 0.00000000e+00
 0.00000000e+00 0.00000000e+00 0.00000000e+00 0.00000000e+00
 0.00000000e+00 0.00000000e+00 0.00000000e+00 0.00000000e+00
 0.00000000e+00 0.00000000e+00 0.00000000e+00 0.00000000e+00
 0.00000000e+00 0.00000000e+00 0.00000000e+00 0.00000000e+00
 0.00000000e+00 0.00000000e+00 0.00000000e+00 0.00000000e+00
 0.00000000e+00 0.00000000e+00 0.00000000e+00 0.00000000e+00
 0.00000000e+00 0.00000000e+00 0.00000000e+00 0.00000000e+00
 0.00000000e+00 0.00000000e+00 0.00000000e+00 0.00000000e+00
 0.00000000e+00 0.00000000e+00 0.00000000e+00 0.00000000e+00
 0.00000000e+00 0.00000000e+00 0.00000000e+00 0.00000000e+00
 0.00000000e+00 0.00000000e+00 0.00000000e+00 0.00000000e+00
 0.00000000e+00 0.00000000e+00 0.00000000e+00 0.00000000e+00
 0.00000000e+00 0.00000000e+00 0.00000000e+00 0.00000000e+00
 9.35197865e-01 1.00000000e+00 4.29777437e-03 6.99657296e-01
 6.25838176e-03 0.00000000e+00 0.00000000e+00 0.00000000e+00
 0.00000000e+00 0.00000000e+00 0.00000000e+00 0.00000000e+00
 0.00000000e+00]",BOOLECTOR,60.021892070770264,timeout (60.0 s),"['BOOLECTOR', 'CVC4', 'MathSAT', 'Z3', 'Bitwuzla', 'YICES']",[60]
./tmp/QF_AUFBV/com.galois.ecc.P384ECC64.ec_twin_mul_init1.short.smt2,"[0.         0.86500939 1.         0.         0.         0.
 0.         0.45380875 0.         0.         0.         0.
 0.         0.         1.         0.         0.         0.
 0.         0.         0.         0.         0.         0.
 0.         0.         0.         0.         0.         0.
 0.         0.92307692 1.         0.         0.         0.
 0.         1.25       0.         0.5952381  1.5        0.41811847
 0.60759494 0.         0.67739944 0.         0.10902095 0.53804348
 2.4        1.99089135 0.         0.59179223 1.22896854 0.36363636
 0.55327869 0.02580645 0.07460367 0.32967033 0.         0.
 0.         0.         0.         0.         0.         0.
 0.         0.         0.         0.         0.         0.
 0.         0.         0.         0.         0.         0.
 0.         0.         0.         0.         0.         0.
 0.         0.         0.         0.         0.         0.
 0.         0.         0.         0.         0.         0.
 0.         0.         0.         0.         0.         0.
 0.         0.         0.         0.         0.         0.
 0.         0.         0.         0.         0.         0.
 0.         0.         0.         0.         0.         0.
 0.         0.         0.         0.         0.         0.
 0.         0.         0.         0.         0.         0.
 0.         0.         0.         0.         0.         0.
 0.         0.         0.         0.         0.         0.
 0.         0.         0.         0.         0.1852772  1.
 0.86359034 0.10487498 0.42987408 0.         0.         0.
 0.         0.         0.53804348 0.         0.26785714]",BOOLECTOR,0.05660843849182129,unsat,"['BOOLECTOR', 'YICES', 'Bitwuzla', 'MathSAT', 'CVC4', 'Z3']",[0.039388179779052734]
./tmp/QF_AUFBV/com.galois.ecc.P384ECC64.group_red1.short.smt2,"[0.00000000e+00 4.51685393e-01 9.99999999e-01 0.00000000e+00
 0.00000000e+00 0.00000000e+00 0.00000000e+00 5.50860720e-01
 0.00000000e+00 0.00000000e+00 0.00000000e+00 0.00000000e+00
 0.00000000e+00 0.00000000e+00 9.99999999e-01 0.00000000e+00
 0.00000000e+00 0.00000000e+00 0.00000000e+00 0.00000000e+00
 0.00000000e+00 0.00000000e+00 0.00000000e+00 0.00000000e+00
 0.00000000e+00 0.00000000e+00 0.00000000e+00 0.00000000e+00
 0.00000000e+00 0.00000000e+00 0.00000000e+00 9.27536232e-01
 9.99999999e-01 0.00000000e+00 0.00000000e+00 0.00000000e+00
 0.00000000e+00 1.23076923e+00 0.00000000e+00 6.10687023e-01
 1.45454545e+00 6.42140468e-01 7.71084337e-01 0.00000000e+00
 3.98033905e-01 0.00000000e+00 1.62505290e-01 6.82622268e-01
 4.55840456e-02 8.28478964e-02 0.00000000e+00 5.00864221e-01
 1.27721335e-01 1.33333333e+00 5.69169960e-01 4.11840412e-02
 9.88569663e-02 2.39252336e+00 8.82378893e-04 0.00000000e+00
 0.00000000e+00 0.00000000e+00 0.00000000e+00 0.00000000e+00
 0.00000000e+00 0.00000000e+00 0.00000000e+00 0.00000000e+00
 0.00000000e+00 0.00000000e+00 3.64810944e-02 0.00000000e+00
 0.00000000e+00 0.00000000e+00 0.00000000e+00 0.00000000e+00
 0.00000000e+00 5.33333330e+00 0.00000000e+00 0.00000000e+00
 5.47008547e-01 0.00000000e+00 0.00000000e+00 0.00000000e+00
 0.00000000e+00 0.00000000e+00 0.00000000e+00 0.00000000e+00
 0.00000000e+00 0.00000000e+00 0.00000000e+00 0.00000000e+00
 0.00000000e+00 0.00000000e+00 0.00000000e+00 0.00000000e+00
 0.00000000e+00 0.00000000e+00 0.00000000e+00 0.00000000e+00
 0.00000000e+00 0.00000000e+00 0.00000000e+00 0.00000000e+00
 0.00000000e+00 0.00000000e+00 0.00000000e+00 0.00000000e+00
 0.00000000e+00 0.00000000e+00 0.00000000e+00 0.00000000e+00
 0.00000000e+00 0.00000000e+00 0.00000000e+00 0.00000000e+00
 0.00000000e+00 0.00000000e+00 0.00000000e+00 0.00000000e+00
 0.00000000e+00 0.00000000e+00 0.00000000e+00 0.00000000e+00
 0.00000000e+00 0.00000000e+00 0.00000000e+00 0.00000000e+00
 0.00000000e+00 0.00000000e+00 0.00000000e+00 0.00000000e+00
 0.00000000e+00 0.00000000e+00 0.00000000e+00 0.00000000e+00
 0.00000000e+00 0.00000000e+00 0.00000000e+00 0.00000000e+00
 0.00000000e+00 0.00000000e+00 0.00000000e+00 0.00000000e+00
 0.00000000e+00 0.00000000e+00 0.00000000e+00 0.00000000e+00
 9.88506180e-02 1.00000000e+00 4.49880500e-01 6.10725938e-02
 5.24149517e-01 0.00000000e+00 0.00000000e+00 0.00000000e+00
 0.00000000e+00 0.00000000e+00 6.82622268e-01 0.00000000e+00
 5.62230787e-01]",BOOLECTOR,0.11230683326721191,unsat,"['BOOLECTOR', 'CVC4', 'Bitwuzla', 'Z3', 'MathSAT', 'YICES']",[0.10292792320251465]
./tmp/QF_AUFBV/com.galois.ecc.P384ECC64.mul_inner3.short.smt2,"[0.00000000e+00 3.16333563e-01 9.99999999e-01 0.00000000e+00
 0.00000000e+00 0.00000000e+00 0.00000000e+00 2.47601097e-01
 0.00000000e+00 0.00000000e+00 0.00000000e+00 0.00000000e+00
 0.00000000e+00 0.00000000e+00 9.99999999e-01 0.00000000e+00
 0.00000000e+00 0.00000000e+00 0.00000000e+00 0.00000000e+00
 0.00000000e+00 0.00000000e+00 0.00000000e+00 0.00000000e+00
 0.00000000e+00 0.00000000e+00 0.00000000e+00 0.00000000e+00
 0.00000000e+00 0.00000000e+00 0.00000000e+00 9.31506849e-01
 9.99999999e-01 0.00000000e+00 0.00000000e+00 0.00000000e+00
 0.00000000e+00 1.21428571e+00 0.00000000e+00 3.80597015e-01
 1.41666666e+00 5.50161812e-01 2.81990521e-01 0.00000000e+00
 2.40407437e-01 0.00000000e+00 1.00126210e-01 3.80467955e-01
 1.91549296e-01 4.34247871e-01 1.69999999e+01 2.35037879e-01
 2.79086367e-01 1.30769231e+00 3.29457364e-01 4.72727273e-02
 3.66831073e-02 0.00000000e+00 7.49988971e-04 7.08717222e-04
 0.00000000e+00 0.00000000e+00 0.00000000e+00 0.00000000e+00
 0.00000000e+00 0.00000000e+00 0.00000000e+00 0.00000000e+00
 0.00000000e+00 0.00000000e+00 0.00000000e+00 0.00000000e+00
 0.00000000e+00 0.00000000e+00 0.00000000e+00 0.00000000e+00
 0.00000000e+00 8.49999998e+00 0.00000000e+00 0.00000000e+00
 0.00000000e+00 0.00000000e+00 0.00000000e+00 0.00000000e+00
 1.32222222e+01 0.00000000e+00 0.00000000e+00 0.00000000e+00
 0.00000000e+00 0.00000000e+00 0.00000000e+00 0.00000000e+00
 0.00000000e+00 0.00000000e+00 0.00000000e+00 0.00000000e+00
 0.00000000e+00 0.00000000e+00 0.00000000e+00 0.00000000e+00
 0.00000000e+00 0.00000000e+00 0.00000000e+00 0.00000000e+00
 0.00000000e+00 0.00000000e+00 0.00000000e+00 0.00000000e+00
 0.00000000e+00 0.00000000e+00 0.00000000e+00 0.00000000e+00
 0.00000000e+00 0.00000000e+00 0.00000000e+00 0.00000000e+00
 0.00000000e+00 0.00000000e+00 0.00000000e+00 0.00000000e+00
 0.00000000e+00 0.00000000e+00 0.00000000e+00 0.00000000e+00
 0.00000000e+00 0.00000000e+00 0.00000000e+00 0.00000000e+00
 0.00000000e+00 0.00000000e+00 0.00000000e+00 0.00000000e+00
 0.00000000e+00 0.00000000e+00 0.00000000e+00 0.00000000e+00
 0.00000000e+00 0.00000000e+00 0.00000000e+00 0.00000000e+00
 0.00000000e+00 0.00000000e+00 0.00000000e+00 0.00000000e+00
 0.00000000e+00 0.00000000e+00 0.00000000e+00 0.00000000e+00
 7.16732543e-02 1.00000000e+00 3.14336967e-01 4.89322091e-02
 2.18490879e-01 0.00000000e+00 0.00000000e+00 0.00000000e+00
 0.00000000e+00 0.00000000e+00 3.80467955e-01 0.00000000e+00
 2.20631014e-01]",CVC4,0.40948009490966797,sat,"['CVC4', 'Bitwuzla', 'YICES', 'BOOLECTOR', 'MathSAT', 'Z3']",[0.40311503410339355]
./tmp/QF_AUFBV/com.galois.ecc.P384ECC64.signHash5.short.smt2,"[ 0.          2.62018608  1.          0.          0.          0.
  0.          2.72695551  0.          0.          0.          0.
  0.          0.          1.          0.          0.          0.
  0.          0.          0.          0.          0.          0.
  0.          0.          0.          0.          0.          0.
  0.          0.93506493  1.          0.          0.          0.
  0.          1.2         0.          5.66240409  1.38461538  5.64
  4.08791209  0.          2.18077525  0.          0.87189752  5.08467153
  2.56521739  2.41769042  0.          2.18109188  2.34636872  0.09183673
  5.77894737  0.52699336  0.66270784  3.18461538  0.          0.
  0.          0.          0.          0.          4.04081633  0.
  0.          0.          0.          0.          0.02049725  0.
  0.          0.          0.          0.          0.          0.
  0.          0.         11.00332226  0.          0.          0.
  0.          0.          0.          0.          0.          0.
  0.          0.          0.          0.          0.          0.
  0.          0.          0.          0.          0.          0.
  0.          0.          0.          0.          0.          0.
  0.          0.          0.          0.          0.          0.
  0.          0.          0.          0.          0.          0.
  0.          0.          0.          0.          0.          0.
  0.          0.          0.          0.          0.          0.
  0.          0.          0.          0.          0.          0.
  0.          0.          0.          0.          0.          0.
  0.          0.          0.          0.          0.63252124  1.
  2.62084414  0.35913691  2.11416026  0.          0.          0.
  0.          0.          5.08467153  0.          2.07719715]",YICES,0.2055530548095703,unsat,"['YICES', 'CVC4', 'MathSAT', 'Bitwuzla', 'Z3', 'BOOLECTOR']",[0.15848994255065918]
./tmp/QF_AUFBV/com.galois.ecc.P384ECC64.ec_full_add4.short.smt2,"[0.         0.805684   1.         0.         0.         0.
 0.         0.64836399 0.         0.         0.         0.
 0.         0.         1.         0.         0.         0.
 0.         0.         0.         0.         0.         0.
 0.         0.         0.         0.         0.         0.
 0.         0.9382716  1.         0.         0.         0.
 0.         1.1875     0.         0.83618582 1.35714286 0.73076923
 1.05190311 0.         0.7242936  0.         0.25513428 0.88587335
 1.04109589 1.7174075  0.         0.63577864 1.995      0.28643216
 0.81360202 0.07074886 0.17882353 0.         0.         0.
 0.         0.         0.         0.         0.         0.
 0.         0.         0.         0.         0.         0.
 0.         0.         0.         0.         0.         0.
 0.         0.         0.         0.         0.         0.
 0.         0.         0.         0.         0.         0.
 0.         0.         0.         0.         0.         0.
 0.         0.         0.         0.         0.         0.
 0.         0.         0.         0.         0.         0.
 0.         0.         0.         0.         0.         0.
 0.         0.         0.         0.         0.         0.
 0.         0.         0.         0.         0.         0.
 0.         0.         0.         0.         0.         0.
 0.         0.         0.         0.         0.         0.
 0.         0.         0.         0.         0.         0.
 0.         0.         0.         0.         0.23341494 1.
 0.80444846 0.12541138 0.57637041 0.         0.         0.
 0.         0.         0.88587335 0.         0.5372187 ]",BOOLECTOR,0.08136105537414551,unsat,"['BOOLECTOR', 'MathSAT', 'Bitwuzla', 'YICES', 'CVC4', 'Z3']",[0.06513285636901855]
./tmp/QF_AUFBV/com.galois.ecc.P384ECC64.signHash3.short.smt2,"[0.         2.68333171 1.         0.         0.         0.
 0.         2.84303096 0.         0.         0.         0.
 0.         0.         1.         0.         0.         0.
 0.         0.         0.         0.         0.         0.
 0.         0.         0.         0.         0.         0.
 0.         0.94117647 1.         0.         0.         0.
 0.         1.17647059 0.         4.73880597 1.33333333 4.92753623
 4.31478969 0.         2.32042566 0.         1.10447761 4.672
 2.37424547 2.17747289 0.         2.31830465 2.08955224 0.1
 4.81835564 0.61359535 0.89350941 3.00653595 0.         0.
 0.         0.         0.         0.         3.66666667 0.
 0.         0.         0.         0.         0.02274882 0.
 0.         0.         0.         0.         0.         0.
 0.         0.         8.12623274 0.         0.         0.
 0.         0.         0.         0.         0.         0.
 0.         0.         0.         0.         0.         0.
 0.         0.         0.         0.         0.         0.
 0.         0.         0.         0.         0.         0.
 0.         0.         0.         0.         0.         0.
 0.         0.         0.         0.         0.         0.
 0.         0.         0.         0.         0.         0.
 0.         0.         0.         0.         0.         0.
 0.         0.         0.         0.         0.         0.
 0.         0.         0.         0.         0.         0.
 0.         0.         0.         0.         0.74077971 1.
 2.68426197 0.43190897 2.29029218 0.         0.         0.
 0.         0.         4.672      0.         2.28318283]",YICES,0.20961427688598633,unsat,"['YICES', 'Bitwuzla', 'BOOLECTOR', 'Z3', 'CVC4', 'MathSAT']",[0.15448713302612305]
./tmp/QF_AUFBV/opStructure_MBA_6.smt2,"[2.09999996e+01 2.05038078e-03 9.99999999e-01 0.00000000e+00
 0.00000000e+00 0.00000000e+00 0.00000000e+00 1.76937891e-02
 0.00000000e+00 0.00000000e+00 0.00000000e+00 0.00000000e+00
 0.00000000e+00 0.00000000e+00 9.99999999e-01 0.00000000e+00
 0.00000000e+00 0.00000000e+00 0.00000000e+00 0.00000000e+00
 0.00000000e+00 0.00000000e+00 0.00000000e+00 0.00000000e+00
 0.00000000e+00 0.00000000e+00 0.00000000e+00 0.00000000e+00
 0.00000000e+00 0.00000000e+00 0.00000000e+00 1.16666667e+00
 9.99999999e-01 0.00000000e+00 0.00000000e+00 0.00000000e+00
 6.99766744e-02 0.00000000e+00 0.00000000e+00 0.00000000e+00
 0.00000000e+00 0.00000000e+00 0.00000000e+00 0.00000000e+00
 1.55176236e-03 0.00000000e+00 0.00000000e+00 0.00000000e+00
 2.91666667e-01 1.29316033e-01 0.00000000e+00 4.17317246e-02
 2.17134417e-01 0.00000000e+00 0.00000000e+00 1.68302945e-02
 1.76866929e-02 0.00000000e+00 4.87400908e+00 5.57569355e+00
 0.00000000e+00 0.00000000e+00 8.03757829e-02 0.00000000e+00
 0.00000000e+00 0.00000000e+00 0.00000000e+00 7.40479549e-02
 0.00000000e+00 0.00000000e+00 8.58127803e+00 0.00000000e+00
 0.00000000e+00 0.00000000e+00 0.00000000e+00 0.00000000e+00
 0.00000000e+00 0.00000000e+00 0.00000000e+00 0.00000000e+00
 0.00000000e+00 0.00000000e+00 0.00000000e+00 0.00000000e+00
 0.00000000e+00 0.00000000e+00 0.00000000e+00 0.00000000e+00
 0.00000000e+00 0.00000000e+00 0.00000000e+00 0.00000000e+00
 0.00000000e+00 0.00000000e+00 0.00000000e+00 0.00000000e+00
 0.00000000e+00 0.00000000e+00 0.00000000e+00 0.00000000e+00
 0.00000000e+00 0.00000000e+00 0.00000000e+00 0.00000000e+00
 0.00000000e+00 0.00000000e+00 0.00000000e+00 0.00000000e+00
 0.00000000e+00 0.00000000e+00 0.00000000e+00 0.00000000e+00
 0.00000000e+00 0.00000000e+00 0.00000000e+00 0.00000000e+00
 0.00000000e+00 0.00000000e+00 0.00000000e+00 0.00000000e+00
 0.00000000e+00 0.00000000e+00 0.00000000e+00 0.00000000e+00
 0.00000000e+00 0.00000000e+00 0.00000000e+00 0.00000000e+00
 0.00000000e+00 0.00000000e+00 0.00000000e+00 0.00000000e+00
 0.00000000e+00 0.00000000e+00 0.00000000e+00 1.04999999e+01
 0.00000000e+00 0.00000000e+00 0.00000000e+00 0.00000000e+00
 0.00000000e+00 0.00000000e+00 0.00000000e+00 0.00000000e+00
 0.00000000e+00 0.00000000e+00 0.00000000e+00 0.00000000e+00
 3.32292586e+00 1.00000000e+00 2.05258528e-03 4.09325069e+00
 2.30660599e-02 0.00000000e+00 0.00000000e+00 0.00000000e+00
 0.00000000e+00 0.00000000e+00 0.00000000e+00 0.00000000e+00
 0.00000000e+00]",BOOLECTOR,52.94108176231384,error,"['BOOLECTOR', 'MathSAT', 'Z3', 'Bitwuzla', 'YICES', 'CVC4']",[52.87152695655823]
./tmp/QF_AUFBV/com.galois.ecc.P384ECC64.mod_div14.short.smt2,"[0.         0.33423077 1.         0.         0.         0.
 0.         0.30551929 0.         0.         0.         0.
 0.         0.         1.         0.         0.         0.
 0.         0.         0.         0.         0.         0.
 0.         0.         0.         0.         0.         0.
 0.         0.93617021 1.         0.         0.         0.
 0.         1.22222222 0.         0.24354244 1.375      0.17571885
 0.17765814 0.         0.28085789 0.         0.09806835 0.1861449
 0.59459459 1.94506816 0.         0.38354254 3.24968527 0.05486284
 0.20833333 0.03081232 0.04314934 0.         0.         0.
 0.         0.         0.         0.01529637 0.         0.
 0.         0.         0.         0.         0.00739662 0.
 0.         0.         0.         0.         0.20560748 0.
 0.         0.         0.25730994 0.         0.         0.
 0.         0.         0.         0.         0.         0.
 0.         0.         0.         0.         0.         0.
 0.         0.         0.         0.         0.         0.
 0.         0.         0.         0.         0.         0.
 0.         0.         0.         0.         0.         0.
 0.         0.         0.         0.         0.         0.
 0.         0.         0.         0.         0.         0.
 0.         0.         0.         0.         0.         0.
 0.         0.         0.         0.         0.         0.
 0.         0.         0.         0.         0.         0.
 0.         0.         0.         0.         0.15718099 1.
 0.33249904 0.05699039 0.3331788  0.         0.         0.
 0.         0.         0.1861449  0.         0.31043172]",BOOLECTOR,0.10979795455932617,unsat,"['BOOLECTOR', 'YICES', 'Bitwuzla', 'Z3', 'CVC4', 'MathSAT']",[0.10140800476074219]
./tmp/QF_AUFBV/com.galois.ecc.P384ECC64.mod_div1.short.smt2,"[0.         0.33345968 1.         0.         0.         0.
 0.         0.30174534 0.         0.         0.         0.
 0.         0.         1.         0.         0.         0.
 0.         0.         0.         0.         0.         0.
 0.         0.         0.         0.         0.         0.
 0.         0.93877551 1.         0.         0.         0.
 0.         1.21052631 0.         0.21023766 1.35294117 0.14603175
 0.18424566 0.         0.28174088 0.         0.0935997  0.16902887
 0.60526316 1.91490535 0.         0.38480527 3.04042243 0.05721393
 0.17293233 0.02757794 0.04502237 0.         0.         0.
 0.         0.         0.         0.01598055 0.         0.
 0.         0.         0.         0.         0.00515406 0.
 0.         0.         0.         0.         0.21296296 0.
 0.         0.         0.17794971 0.         0.         0.
 0.         0.         0.         0.         0.         0.
 0.         0.         0.         0.         0.         0.
 0.         0.         0.         0.         0.         0.
 0.         0.         0.         0.         0.         0.
 0.         0.         0.         0.         0.         0.
 0.         0.         0.         0.         0.         0.
 0.         0.         0.         0.         0.         0.
 0.         0.         0.         0.         0.         0.
 0.         0.         0.         0.         0.         0.
 0.         0.         0.         0.         0.         0.
 0.         0.         0.         0.         0.16342831 1.
 0.3316888  0.05786991 0.3327749  0.         0.         0.
 0.         0.         0.16902887 0.         0.30875041]",BOOLECTOR,0.06789016723632812,unsat,"['BOOLECTOR', 'CVC4', 'MathSAT', 'YICES', 'Bitwuzla', 'Z3']",[0.06002306938171387]
./tmp/QF_AUFBV/com.galois.ecc.P384ECC64.sq_inner22.short.smt2,"[0.00000000e+00 1.71605984e-01 9.99999999e-01 0.00000000e+00
 0.00000000e+00 0.00000000e+00 0.00000000e+00 8.96253939e-02
 0.00000000e+00 0.00000000e+00 0.00000000e+00 0.00000000e+00
 0.00000000e+00 0.00000000e+00 9.99999999e-01 0.00000000e+00
 0.00000000e+00 0.00000000e+00 0.00000000e+00 0.00000000e+00
 0.00000000e+00 0.00000000e+00 0.00000000e+00 0.00000000e+00
 0.00000000e+00 0.00000000e+00 0.00000000e+00 0.00000000e+00
 0.00000000e+00 0.00000000e+00 0.00000000e+00 9.41176470e-01
 9.99999999e-01 0.00000000e+00 0.00000000e+00 0.00000000e+00
 0.00000000e+00 1.20000000e+00 0.00000000e+00 8.74316940e-02
 1.33333333e+00 7.59493671e-02 0.00000000e+00 0.00000000e+00
 1.30715207e-01 0.00000000e+00 3.54636129e-02 3.77358491e-02
 1.34579439e-01 3.17736670e-01 7.99999994e+00 1.17903930e-01
 1.99349946e-01 1.56279070e+00 4.50281426e-02 2.87425150e-02
 0.00000000e+00 0.00000000e+00 4.06524722e-04 7.34866346e-04
 0.00000000e+00 0.00000000e+00 8.34782609e-03 0.00000000e+00
 0.00000000e+00 0.00000000e+00 0.00000000e+00 0.00000000e+00
 0.00000000e+00 0.00000000e+00 0.00000000e+00 0.00000000e+00
 0.00000000e+00 0.00000000e+00 0.00000000e+00 0.00000000e+00
 2.20183486e-01 5.99999998e+00 0.00000000e+00 0.00000000e+00
 0.00000000e+00 0.00000000e+00 0.00000000e+00 0.00000000e+00
 4.36363636e+00 0.00000000e+00 0.00000000e+00 0.00000000e+00
 0.00000000e+00 0.00000000e+00 0.00000000e+00 0.00000000e+00
 0.00000000e+00 0.00000000e+00 0.00000000e+00 0.00000000e+00
 0.00000000e+00 0.00000000e+00 0.00000000e+00 0.00000000e+00
 0.00000000e+00 0.00000000e+00 0.00000000e+00 0.00000000e+00
 0.00000000e+00 0.00000000e+00 0.00000000e+00 0.00000000e+00
 0.00000000e+00 0.00000000e+00 0.00000000e+00 0.00000000e+00
 0.00000000e+00 0.00000000e+00 0.00000000e+00 0.00000000e+00
 0.00000000e+00 0.00000000e+00 0.00000000e+00 0.00000000e+00
 0.00000000e+00 0.00000000e+00 0.00000000e+00 0.00000000e+00
 0.00000000e+00 0.00000000e+00 0.00000000e+00 0.00000000e+00
 0.00000000e+00 0.00000000e+00 0.00000000e+00 0.00000000e+00
 0.00000000e+00 0.00000000e+00 0.00000000e+00 0.00000000e+00
 0.00000000e+00 0.00000000e+00 0.00000000e+00 0.00000000e+00
 0.00000000e+00 0.00000000e+00 0.00000000e+00 0.00000000e+00
 0.00000000e+00 0.00000000e+00 0.00000000e+00 0.00000000e+00
 4.54940845e-02 1.00000000e+00 1.69571361e-01 3.42744278e-02
 1.01910828e-01 0.00000000e+00 0.00000000e+00 0.00000000e+00
 0.00000000e+00 0.00000000e+00 3.77358491e-02 0.00000000e+00
 9.90262420e-02]",CVC4,0.2988717555999756,sat,"['CVC4', 'BOOLECTOR', 'YICES', 'Z3', 'Bitwuzla', 'MathSAT']",[0.2944300174713135]
./tmp/QF_AUFBV/com.galois.ecc.P384ECC64.ec_full_add3.short.smt2,"[0.         0.89358614 1.         0.         0.         0.
 0.         0.74170536 0.         0.         0.         0.
 0.         0.         1.         0.         0.         0.
 0.         0.         0.         0.         0.         0.
 0.         0.         0.         0.         0.         0.
 0.         0.94339623 1.         0.         0.         0.
 0.         1.19047619 0.         0.79365079 1.31578947 0.69230769
 1.02432778 0.         0.82131966 0.         0.3101058  0.84810127
 1.07334526 1.64351067 0.         0.75757576 1.77013423 0.3440367
 0.77272727 0.08949881 0.22172949 0.16233766 0.         0.
 0.         0.         0.         0.         0.         0.
 0.         0.         0.         0.         0.         0.
 0.         0.         0.         0.         0.         0.
 0.         0.         0.         0.         0.         0.
 0.         0.         0.         0.         0.         0.
 0.         0.         0.         0.         0.         0.
 0.         0.         0.         0.         0.         0.
 0.         0.         0.         0.         0.         0.
 0.         0.         0.         0.         0.         0.
 0.         0.         0.         0.         0.         0.
 0.         0.         0.         0.         0.         0.
 0.         0.         0.         0.         0.         0.
 0.         0.         0.         0.         0.         0.
 0.         0.         0.         0.         0.         0.
 0.         0.         0.         0.         0.257133   1.
 0.8925327  0.13409925 0.69659443 0.         0.         0.
 0.         0.         0.84810127 0.         0.66275707]",BOOLECTOR,0.10941600799560547,unsat,"['BOOLECTOR', 'YICES', 'CVC4', 'Z3', 'Bitwuzla', 'MathSAT']",[0.09217405319213867]
./tmp/QF_AUFBV/com.galois.ecc.P384ECC64.ec_mul_aux4.short.smt2,"[ 0.          6.29983503  1.          0.          0.          0.
  0.          7.19370956  0.          0.          0.          0.
  0.          0.          1.          0.          0.          0.
  0.          0.          0.          0.          0.          0.
  0.          0.          0.          0.          0.          0.
  0.          0.94545455  1.          0.          0.          0.
  0.          1.18181818  0.          3.69742814  1.3         4.27763496
  3.68571429  0.          7.31925701  0.         11.14982288  3.91397849
  1.69565217  1.06467338  0.          7.5145357   1.29336735  6.52233677
  3.82945736  1.28304027  0.90422686  8.88888889  0.          0.
  0.          0.          0.03612365  0.43954918 10.08163265  0.
  0.          0.          0.          0.          0.          0.
  0.          0.          0.          0.         12.56872038  0.
  0.          0.          4.4928      0.          0.          0.
  0.          0.          0.          0.          0.          0.
  0.          0.          0.          0.          0.          0.
  0.          0.          0.          0.          0.          0.
  0.          0.          0.          0.          0.          0.
  0.          0.          0.          0.          0.          0.
  0.          0.          0.          0.          0.          0.
  0.          0.          0.          0.          0.          0.
  0.          0.          0.          0.          0.          0.
  0.          0.          0.          0.          0.          0.
  0.          0.          0.          0.          0.          0.
  0.          0.          0.          0.          2.12009815  1.
  6.30498211  1.10806861  8.01896411  0.          0.          0.
  0.          0.          3.91397849  0.          8.42953312]",YICES,0.34764885902404785,unsat,"['YICES', 'MathSAT', 'Z3', 'BOOLECTOR', 'Bitwuzla', 'CVC4']",[0.20634889602661133]
./tmp/QF_AUFBV/com.galois.ecc.P384ECC64.mul_inner4.short.smt2,"[0.00000000e+00 1.62339437e-01 9.99999999e-01 0.00000000e+00
 0.00000000e+00 0.00000000e+00 0.00000000e+00 1.86676428e-01
 0.00000000e+00 0.00000000e+00 0.00000000e+00 0.00000000e+00
 0.00000000e+00 0.00000000e+00 9.99999999e-01 0.00000000e+00
 0.00000000e+00 0.00000000e+00 0.00000000e+00 0.00000000e+00
 0.00000000e+00 0.00000000e+00 0.00000000e+00 0.00000000e+00
 0.00000000e+00 0.00000000e+00 0.00000000e+00 0.00000000e+00
 0.00000000e+00 0.00000000e+00 0.00000000e+00 9.47368421e-01
 9.99999999e-01 0.00000000e+00 0.00000000e+00 0.00000000e+00
 0.00000000e+00 1.17391304e+00 0.00000000e+00 2.42878561e-01
 1.28571428e+00 3.42639594e-01 2.06106870e-01 0.00000000e+00
 1.28463102e-01 0.00000000e+00 7.85372948e-02 2.53089050e-01
 4.50751252e-02 1.44011637e-01 0.00000000e+00 1.76652024e-01
 1.96581197e-01 1.38461538e-01 2.07692308e-01 6.62014334e-02
 5.04672897e-02 2.28813559e-01 9.14649638e-04 8.26699326e-04
 0.00000000e+00 0.00000000e+00 0.00000000e+00 9.21816320e-03
 0.00000000e+00 0.00000000e+00 0.00000000e+00 0.00000000e+00
 0.00000000e+00 0.00000000e+00 0.00000000e+00 0.00000000e+00
 0.00000000e+00 0.00000000e+00 0.00000000e+00 0.00000000e+00
 2.53521127e-01 7.36363635e+00 0.00000000e+00 0.00000000e+00
 0.00000000e+00 0.00000000e+00 0.00000000e+00 0.00000000e+00
 1.05000000e+01 0.00000000e+00 0.00000000e+00 0.00000000e+00
 0.00000000e+00 0.00000000e+00 0.00000000e+00 0.00000000e+00
 0.00000000e+00 0.00000000e+00 0.00000000e+00 0.00000000e+00
 0.00000000e+00 0.00000000e+00 0.00000000e+00 0.00000000e+00
 0.00000000e+00 0.00000000e+00 0.00000000e+00 0.00000000e+00
 0.00000000e+00 0.00000000e+00 0.00000000e+00 0.00000000e+00
 0.00000000e+00 0.00000000e+00 0.00000000e+00 0.00000000e+00
 0.00000000e+00 0.00000000e+00 0.00000000e+00 0.00000000e+00
 0.00000000e+00 0.00000000e+00 0.00000000e+00 0.00000000e+00
 0.00000000e+00 0.00000000e+00 0.00000000e+00 0.00000000e+00
 0.00000000e+00 0.00000000e+00 0.00000000e+00 0.00000000e+00
 0.00000000e+00 0.00000000e+00 0.00000000e+00 0.00000000e+00
 0.00000000e+00 0.00000000e+00 0.00000000e+00 0.00000000e+00
 0.00000000e+00 0.00000000e+00 0.00000000e+00 0.00000000e+00
 0.00000000e+00 0.00000000e+00 0.00000000e+00 0.00000000e+00
 0.00000000e+00 0.00000000e+00 0.00000000e+00 0.00000000e+00
 5.65246443e-02 1.00000000e+00 1.60681305e-01 4.17558443e-02
 1.69604863e-01 0.00000000e+00 0.00000000e+00 0.00000000e+00
 0.00000000e+00 0.00000000e+00 2.53089050e-01 0.00000000e+00
 1.77650739e-01]",BOOLECTOR,1.5464913845062256,sat,"['BOOLECTOR', 'Z3', 'Bitwuzla', 'CVC4', 'YICES', 'MathSAT']",[1.541823148727417]
./tmp/QF_AUFBV/com.galois.ecc.P384ECC64.mod_div10.short.smt2,"[0.         0.24651226 1.         0.         0.         0.
 0.         0.20124364 0.         0.         0.         0.
 0.         0.         1.         0.         0.         0.
 0.         0.         0.         0.         0.         0.
 0.         0.         0.         0.         0.         0.
 0.         0.94915254 1.         0.         0.         0.
 0.         1.16666667 0.         0.12537313 1.27272727 0.07088608
 0.15184382 0.         0.19567892 0.         0.05226047 0.10696095
 0.63947798 1.81164021 0.         0.26955475 2.728      0.
 0.08588957 0.01583412 0.03733333 0.         0.         0.
 0.         0.         0.         0.01433203 0.         0.
 0.         0.         0.         0.         0.0062731  0.
 0.         0.         0.         0.         0.         0.
 0.         0.         0.17806041 0.         0.         0.
 0.         0.         0.         0.         0.         0.
 0.         0.         0.         0.         0.         0.
 0.         0.         0.         0.         0.         0.
 0.         0.         0.         0.         0.         0.
 0.         0.         0.         0.         0.         0.
 0.         0.         0.         0.         0.         0.
 0.         0.         0.         0.         0.         0.
 0.         0.         0.         0.         0.         0.
 0.         0.         0.         0.         0.         0.
 0.         0.         0.         0.         0.         0.
 0.         0.         0.         0.         0.16068748 1.
 0.24491456 0.05813104 0.21674877 0.         0.         0.
 0.         0.         0.10696095 0.         0.1889865 ]",BOOLECTOR,0.04840898513793945,unsat,"['BOOLECTOR', 'YICES', 'Z3', 'MathSAT', 'CVC4', 'Bitwuzla']",[0.0413820743560791]
./tmp/QF_AUFBV/com.galois.ecc.P384ECC64.verifySignature.short.smt2,"[0.00000000e+00 2.13419913e+00 9.99999999e-01 0.00000000e+00
 0.00000000e+00 0.00000000e+00 0.00000000e+00 2.07437955e+00
 0.00000000e+00 0.00000000e+00 0.00000000e+00 0.00000000e+00
 0.00000000e+00 0.00000000e+00 9.99999999e-01 0.00000000e+00
 0.00000000e+00 0.00000000e+00 0.00000000e+00 0.00000000e+00
 0.00000000e+00 0.00000000e+00 0.00000000e+00 0.00000000e+00
 0.00000000e+00 0.00000000e+00 0.00000000e+00 0.00000000e+00
 0.00000000e+00 0.00000000e+00 0.00000000e+00 9.50819672e-01
 9.99999999e-01 0.00000000e+00 0.00000000e+00 0.00000000e+00
 0.00000000e+00 1.16000000e+00 0.00000000e+00 3.46780552e+00
 1.26086956e+00 3.68508287e+00 3.51096282e+00 0.00000000e+00
 1.79166089e+00 0.00000000e+00 6.35294118e-01 3.58184524e+00
 2.93401760e+00 2.23357053e+00 0.00000000e+00 1.77422439e+00
 1.75899087e+00 5.82914573e-01 3.51752022e+00 6.15313653e-01
 9.49961310e-01 1.94861660e+00 1.22794983e-03 0.00000000e+00
 0.00000000e+00 0.00000000e+00 0.00000000e+00 0.00000000e+00
 6.44444444e+00 0.00000000e+00 0.00000000e+00 0.00000000e+00
 0.00000000e+00 0.00000000e+00 6.49568821e-03 0.00000000e+00
 0.00000000e+00 0.00000000e+00 0.00000000e+00 0.00000000e+00
 0.00000000e+00 0.00000000e+00 0.00000000e+00 0.00000000e+00
 4.01232877e+00 0.00000000e+00 0.00000000e+00 0.00000000e+00
 0.00000000e+00 0.00000000e+00 0.00000000e+00 0.00000000e+00
 0.00000000e+00 0.00000000e+00 0.00000000e+00 0.00000000e+00
 0.00000000e+00 0.00000000e+00 0.00000000e+00 0.00000000e+00
 0.00000000e+00 0.00000000e+00 0.00000000e+00 0.00000000e+00
 0.00000000e+00 0.00000000e+00 0.00000000e+00 0.00000000e+00
 0.00000000e+00 0.00000000e+00 0.00000000e+00 0.00000000e+00
 0.00000000e+00 0.00000000e+00 0.00000000e+00 0.00000000e+00
 0.00000000e+00 0.00000000e+00 0.00000000e+00 0.00000000e+00
 0.00000000e+00 0.00000000e+00 0.00000000e+00 0.00000000e+00
 0.00000000e+00 0.00000000e+00 0.00000000e+00 0.00000000e+00
 0.00000000e+00 0.00000000e+00 0.00000000e+00 0.00000000e+00
 0.00000000e+00 0.00000000e+00 0.00000000e+00 0.00000000e+00
 0.00000000e+00 0.00000000e+00 0.00000000e+00 0.00000000e+00
 0.00000000e+00 0.00000000e+00 0.00000000e+00 0.00000000e+00
 0.00000000e+00 0.00000000e+00 0.00000000e+00 0.00000000e+00
 0.00000000e+00 0.00000000e+00 0.00000000e+00 0.00000000e+00
 6.79433317e-01 1.00000000e+00 2.13492462e+00 4.05056182e-01
 1.63938158e+00 0.00000000e+00 0.00000000e+00 0.00000000e+00
 0.00000000e+00 0.00000000e+00 3.58184524e+00 0.00000000e+00
 1.54984282e+00]",YICES,21.59472107887268,unsat,"['YICES', 'Bitwuzla', 'CVC4', 'Z3', 'MathSAT', 'BOOLECTOR']",[21.54926586151123]
./tmp/QF_AUFBV/opStructure_C_16_32_2_2.smt2,"[0.00000000e+00 1.88205772e-03 9.99999999e-01 0.00000000e+00
 0.00000000e+00 0.00000000e+00 0.00000000e+00 4.49808831e-03
 0.00000000e+00 0.00000000e+00 0.00000000e+00 0.00000000e+00
 0.00000000e+00 0.00000000e+00 9.99999999e-01 0.00000000e+00
 0.00000000e+00 0.00000000e+00 0.00000000e+00 0.00000000e+00
 0.00000000e+00 0.00000000e+00 0.00000000e+00 0.00000000e+00
 0.00000000e+00 0.00000000e+00 0.00000000e+00 0.00000000e+00
 0.00000000e+00 0.00000000e+00 0.00000000e+00 1.18110236e+00
 9.99999999e-01 0.00000000e+00 0.00000000e+00 0.00000000e+00
 2.23010487e+00 0.00000000e+00 5.99999996e+00 0.00000000e+00
 0.00000000e+00 6.61521499e-02 0.00000000e+00 0.00000000e+00
 5.53991044e-03 0.00000000e+00 0.00000000e+00 0.00000000e+00
 8.77192982e-02 3.34494774e-02 0.00000000e+00 1.04248111e-02
 4.82315113e-02 0.00000000e+00 0.00000000e+00 1.76102813e+00
 1.63862473e+00 0.00000000e+00 3.04560798e-02 2.18844985e-01
 0.00000000e+00 0.00000000e+00 2.23722276e+00 2.16558493e+00
 0.00000000e+00 0.00000000e+00 0.00000000e+00 2.19607843e+00
 0.00000000e+00 0.00000000e+00 0.00000000e+00 0.00000000e+00
 0.00000000e+00 0.00000000e+00 0.00000000e+00 0.00000000e+00
 0.00000000e+00 0.00000000e+00 0.00000000e+00 0.00000000e+00
 0.00000000e+00 0.00000000e+00 0.00000000e+00 0.00000000e+00
 0.00000000e+00 0.00000000e+00 0.00000000e+00 0.00000000e+00
 0.00000000e+00 0.00000000e+00 0.00000000e+00 0.00000000e+00
 0.00000000e+00 0.00000000e+00 0.00000000e+00 0.00000000e+00
 0.00000000e+00 0.00000000e+00 0.00000000e+00 0.00000000e+00
 0.00000000e+00 0.00000000e+00 0.00000000e+00 0.00000000e+00
 0.00000000e+00 0.00000000e+00 0.00000000e+00 0.00000000e+00
 0.00000000e+00 0.00000000e+00 0.00000000e+00 0.00000000e+00
 0.00000000e+00 0.00000000e+00 0.00000000e+00 0.00000000e+00
 0.00000000e+00 0.00000000e+00 0.00000000e+00 0.00000000e+00
 0.00000000e+00 0.00000000e+00 0.00000000e+00 0.00000000e+00
 0.00000000e+00 0.00000000e+00 0.00000000e+00 0.00000000e+00
 0.00000000e+00 0.00000000e+00 0.00000000e+00 0.00000000e+00
 0.00000000e+00 0.00000000e+00 0.00000000e+00 0.00000000e+00
 0.00000000e+00 0.00000000e+00 0.00000000e+00 0.00000000e+00
 0.00000000e+00 0.00000000e+00 0.00000000e+00 0.00000000e+00
 0.00000000e+00 0.00000000e+00 0.00000000e+00 0.00000000e+00
 2.95264412e-01 1.00000000e+00 5.65220122e-03 2.36304324e-01
 5.68990043e-03 0.00000000e+00 0.00000000e+00 0.00000000e+00
 0.00000000e+00 0.00000000e+00 0.00000000e+00 0.00000000e+00
 0.00000000e+00]",BOOLECTOR,60.00542402267456,timeout (60.0 s),"['BOOLECTOR', 'Z3', 'MathSAT', 'Bitwuzla', 'YICES', 'CVC4']",[60]
./tmp/QF_AUFBV/com.galois.ecc.P384ECC64.sq_inner13.short.smt2,"[0.00000000e+00 5.82341891e-02 9.99999999e-01 0.00000000e+00
 0.00000000e+00 0.00000000e+00 0.00000000e+00 5.56761206e-02
 0.00000000e+00 0.00000000e+00 0.00000000e+00 0.00000000e+00
 0.00000000e+00 0.00000000e+00 9.99999999e-01 0.00000000e+00
 0.00000000e+00 0.00000000e+00 0.00000000e+00 0.00000000e+00
 0.00000000e+00 0.00000000e+00 0.00000000e+00 0.00000000e+00
 0.00000000e+00 0.00000000e+00 0.00000000e+00 0.00000000e+00
 0.00000000e+00 0.00000000e+00 0.00000000e+00 9.46564885e-01
 9.99999999e-01 0.00000000e+00 0.00000000e+00 0.00000000e+00
 0.00000000e+00 1.19230769e+00 0.00000000e+00 8.12581913e-02
 1.29166666e+00 6.82068207e-02 0.00000000e+00 0.00000000e+00
 4.28749251e-02 0.00000000e+00 2.51317390e-02 3.45596433e-02
 4.52554745e-02 1.41925638e-01 0.00000000e+00 6.71809986e-02
 1.89880160e-01 1.03505843e-01 4.17227456e-02 1.61430307e-02
 0.00000000e+00 1.22047244e-01 2.62258468e-04 0.00000000e+00
 0.00000000e+00 0.00000000e+00 9.96143959e-03 4.90661602e-03
 0.00000000e+00 0.00000000e+00 0.00000000e+00 0.00000000e+00
 0.00000000e+00 0.00000000e+00 0.00000000e+00 0.00000000e+00
 0.00000000e+00 0.00000000e+00 0.00000000e+00 0.00000000e+00
 2.88372093e-01 2.58333333e+00 0.00000000e+00 0.00000000e+00
 0.00000000e+00 0.00000000e+00 0.00000000e+00 0.00000000e+00
 3.10000000e+00 0.00000000e+00 0.00000000e+00 0.00000000e+00
 0.00000000e+00 0.00000000e+00 0.00000000e+00 0.00000000e+00
 0.00000000e+00 0.00000000e+00 0.00000000e+00 0.00000000e+00
 0.00000000e+00 0.00000000e+00 0.00000000e+00 0.00000000e+00
 0.00000000e+00 0.00000000e+00 0.00000000e+00 0.00000000e+00
 0.00000000e+00 0.00000000e+00 0.00000000e+00 0.00000000e+00
 0.00000000e+00 0.00000000e+00 0.00000000e+00 0.00000000e+00
 0.00000000e+00 0.00000000e+00 0.00000000e+00 0.00000000e+00
 0.00000000e+00 0.00000000e+00 0.00000000e+00 0.00000000e+00
 0.00000000e+00 0.00000000e+00 0.00000000e+00 0.00000000e+00
 0.00000000e+00 0.00000000e+00 0.00000000e+00 0.00000000e+00
 0.00000000e+00 0.00000000e+00 0.00000000e+00 0.00000000e+00
 0.00000000e+00 0.00000000e+00 0.00000000e+00 0.00000000e+00
 0.00000000e+00 0.00000000e+00 0.00000000e+00 0.00000000e+00
 0.00000000e+00 0.00000000e+00 0.00000000e+00 0.00000000e+00
 0.00000000e+00 0.00000000e+00 0.00000000e+00 0.00000000e+00
 2.63942488e-02 1.00000000e+00 5.63565697e-02 2.42180976e-02
 5.86843351e-02 0.00000000e+00 0.00000000e+00 0.00000000e+00
 0.00000000e+00 0.00000000e+00 3.45596433e-02 0.00000000e+00
 5.96153846e-02]",BOOLECTOR,0.13656282424926758,sat,"['BOOLECTOR', 'Bitwuzla', 'YICES', 'MathSAT', 'CVC4', 'Z3']",[0.134552001953125]
./tmp/QF_AUFBV/com.galois.ecc.P384ECC64.ec_twin_mul_aux1.short.smt2,"[0.         2.47376936 1.         0.         0.         0.
 0.         2.53768775 0.         0.         0.         0.
 0.         0.         1.         0.         0.         0.
 0.         0.         0.         0.         0.         0.
 0.         0.         0.         0.         0.         0.
 0.         0.94814815 1.         0.         0.         0.
 0.         1.18518518 0.         3.47663551 1.28       3.17145689
 4.61990212 0.         2.41295823 0.         1.06583072 3.85882353
 2.17687075 1.57044855 0.         2.16471349 1.20553562 6.30563003
 3.5257485  0.54598191 1.32398317 0.25       0.         0.
 0.         0.         0.         0.         0.         0.
 0.         0.         0.         0.         0.         0.
 0.         0.         0.         0.         0.         0.
 0.         0.         0.         0.         0.         0.
 0.         0.         0.         0.         0.         0.
 0.         0.         0.         0.         0.         0.
 0.         0.         0.         0.         0.         0.
 0.         0.         0.         0.         0.         0.
 0.         0.         0.         0.         0.         0.
 0.         0.         0.         0.         0.         0.
 0.         0.         0.         0.         0.         0.
 0.         0.         0.         0.         0.         0.
 0.         0.         0.         0.         0.         0.
 0.         0.         0.         0.         0.         0.
 0.         0.         0.         0.         0.80560807 1.
 2.47463705 0.52735607 2.19746121 0.         0.         0.
 0.         0.         3.85882353 0.         2.19888774]",YICES,0.24194598197937012,unsat,"['YICES', 'CVC4', 'MathSAT', 'BOOLECTOR', 'Bitwuzla', 'Z3']",[0.19033098220825195]
./tmp/QF_AUFBV/com.galois.ecc.P384ECC64.ec_twin_mul_aux12.short.smt2,"[0.         2.36801459 1.         0.         0.         0.
 0.         2.42470476 0.         0.         0.         0.
 0.         0.         1.         0.         0.         0.
 0.         0.         0.         0.         0.         0.
 0.         0.         0.         0.         0.         0.
 0.         0.94964029 1.         0.         0.         0.
 0.         1.17857143 0.         3.23393045 1.26923077 2.97565374
 4.16322167 0.         2.31388482 0.         1.06370876 3.5511811
 2.10191083 1.54376258 0.         2.09091597 1.1980736  5.43225084
 3.27508091 0.55359839 1.31111111 0.25581395 0.         0.
 0.         0.         0.         0.         0.         0.
 0.         0.         0.         0.         0.         0.
 0.         0.         0.         0.         0.         0.
 0.         0.         0.         0.         0.         0.
 0.         0.         0.         0.         0.         0.
 0.         0.         0.         0.         0.         0.
 0.         0.         0.         0.         0.         0.
 0.         0.         0.         0.         0.         0.
 0.         0.         0.         0.         0.         0.
 0.         0.         0.         0.         0.         0.
 0.         0.         0.         0.         0.         0.
 0.         0.         0.         0.         0.         0.
 0.         0.         0.         0.         0.         0.
 0.         0.         0.         0.         0.         0.
 0.         0.         0.         0.         0.81038176 1.
 2.36878557 0.5350189  2.12051472 0.         0.         0.
 0.         0.         3.5511811  0.         2.12180279]",YICES,0.24285316467285156,unsat,"['YICES', 'CVC4', 'Bitwuzla', 'BOOLECTOR', 'Z3', 'MathSAT']",[0.1890101432800293]
./tmp/QF_AUFBV/opStructure_O_32_32_2_2.smt2,"[0.00000000e+00 1.82334960e-03 9.99999999e-01 0.00000000e+00
 0.00000000e+00 0.00000000e+00 0.00000000e+00 4.34033318e-03
 0.00000000e+00 0.00000000e+00 0.00000000e+00 0.00000000e+00
 0.00000000e+00 0.00000000e+00 9.99999999e-01 0.00000000e+00
 0.00000000e+00 0.00000000e+00 0.00000000e+00 0.00000000e+00
 0.00000000e+00 0.00000000e+00 0.00000000e+00 0.00000000e+00
 0.00000000e+00 0.00000000e+00 0.00000000e+00 0.00000000e+00
 0.00000000e+00 0.00000000e+00 0.00000000e+00 1.18055556e+00
 9.99999999e-01 0.00000000e+00 0.00000000e+00 0.00000000e+00
 1.34158730e+01 0.00000000e+00 5.66666663e+00 0.00000000e+00
 0.00000000e+00 3.06306306e-02 0.00000000e+00 0.00000000e+00
 4.04248573e-03 0.00000000e+00 0.00000000e+00 0.00000000e+00
 8.64040661e-02 3.41708543e-02 0.00000000e+00 1.02921144e-02
 5.03082614e-02 0.00000000e+00 0.00000000e+00 1.15629359e+01
 1.07076734e+01 0.00000000e+00 3.01056515e-01 2.05186645e+00
 0.00000000e+00 0.00000000e+00 1.34945736e+01 1.33707865e+01
 0.00000000e+00 0.00000000e+00 0.00000000e+00 1.36319499e+01
 0.00000000e+00 0.00000000e+00 0.00000000e+00 0.00000000e+00
 0.00000000e+00 0.00000000e+00 0.00000000e+00 0.00000000e+00
 0.00000000e+00 0.00000000e+00 0.00000000e+00 0.00000000e+00
 0.00000000e+00 0.00000000e+00 0.00000000e+00 0.00000000e+00
 0.00000000e+00 0.00000000e+00 0.00000000e+00 0.00000000e+00
 0.00000000e+00 0.00000000e+00 0.00000000e+00 0.00000000e+00
 0.00000000e+00 0.00000000e+00 0.00000000e+00 0.00000000e+00
 0.00000000e+00 0.00000000e+00 0.00000000e+00 0.00000000e+00
 0.00000000e+00 0.00000000e+00 0.00000000e+00 0.00000000e+00
 0.00000000e+00 0.00000000e+00 0.00000000e+00 0.00000000e+00
 0.00000000e+00 0.00000000e+00 0.00000000e+00 0.00000000e+00
 0.00000000e+00 0.00000000e+00 0.00000000e+00 0.00000000e+00
 0.00000000e+00 0.00000000e+00 0.00000000e+00 0.00000000e+00
 0.00000000e+00 0.00000000e+00 0.00000000e+00 0.00000000e+00
 0.00000000e+00 0.00000000e+00 0.00000000e+00 0.00000000e+00
 0.00000000e+00 0.00000000e+00 0.00000000e+00 0.00000000e+00
 0.00000000e+00 0.00000000e+00 0.00000000e+00 0.00000000e+00
 0.00000000e+00 0.00000000e+00 0.00000000e+00 0.00000000e+00
 0.00000000e+00 0.00000000e+00 0.00000000e+00 0.00000000e+00
 0.00000000e+00 0.00000000e+00 0.00000000e+00 0.00000000e+00
 2.57869961e+00 1.00000000e+00 3.65041872e-03 2.14316417e+00
 5.60824742e-03 0.00000000e+00 0.00000000e+00 0.00000000e+00
 0.00000000e+00 0.00000000e+00 0.00000000e+00 0.00000000e+00
 0.00000000e+00]",BOOLECTOR,60.06442308425903,timeout (60.0 s),"['BOOLECTOR', 'Bitwuzla', 'YICES', 'MathSAT', 'CVC4', 'Z3']",[60]
./tmp/QF_AUFBV/opStructure_NPT_2.smt2,"[0.         0.00187688 1.         0.         0.         0.
 0.         0.00446742 0.         0.         0.         0.
 0.         0.         1.         0.         0.         0.
 0.         0.         0.         0.         0.         0.
 0.         0.         0.         0.         0.         0.
 0.         1.17449664 1.         0.         0.         0.
 0.06523765 0.         0.         0.         0.         0.03150315
 0.         0.         0.00277404 0.         0.         0.
 0.0887199  0.03514056 0.         0.01059162 0.0517114  0.
 0.         0.         0.         0.         0.00528178 0.00999343
 0.         0.         0.         0.03022453 0.         0.
 0.         0.         0.         0.         0.         0.
 0.         0.         0.         0.         0.         0.
 0.         0.         0.         0.         0.         0.
 0.         0.         0.         0.         0.         0.
 0.         0.         0.         0.         0.         0.
 0.         0.         0.         0.         0.         0.
 0.         0.         0.         0.         0.         0.
 0.         0.         0.         0.         0.         0.
 0.         0.         0.         0.         0.         0.
 0.         0.         0.         0.         0.         0.
 0.         0.         0.         0.         0.         0.
 0.         0.         0.         0.         0.         0.
 0.         0.         0.         0.         0.         0.
 0.         0.         0.         0.         0.01212367 1.
 0.00375738 0.00883054 0.00577224 0.         0.         0.
 0.         0.         0.         0.         0.        ]",BOOLECTOR,60.00140166282654,timeout (60.0 s),"['BOOLECTOR', 'Z3', 'MathSAT', 'CVC4', 'YICES', 'Bitwuzla']",[60]
./tmp/QF_AUFBV/com.galois.ecc.P384ECC64.ec_full_sub3.short.smt2,"[0.         0.23208482 1.         0.         0.         0.
 0.         0.13048455 0.         0.         0.         0.
 0.         0.         1.         0.         0.         0.
 0.         0.         0.         0.         0.         0.
 0.         0.         0.         0.         0.         0.
 0.         0.94117647 1.         0.         0.         0.
 0.         2.4        0.         0.07570978 1.33333333 0.0323741
 0.05124555 0.         0.18310137 0.         0.04090909 0.04194582
 0.75930521 0.82981854 0.         0.19503386 0.93259775 0.16053512
 0.0387931  0.00398495 0.01106841 0.13899614 0.         0.
 0.         0.         0.         0.         0.         0.
 0.         0.         0.         0.         0.00806181 0.
 0.         0.         0.         0.         0.         0.
 0.         0.         0.         0.         0.         0.
 0.         0.         0.         0.         0.         0.
 0.         0.         0.         0.         0.         0.
 0.         0.         0.         0.         0.         0.
 0.         0.         0.         0.         0.         0.
 0.         0.         0.         0.         0.         0.
 0.         0.         0.         0.         0.         0.
 0.         0.         0.         0.         0.         0.
 0.         0.         0.         0.         0.         0.
 0.         0.         0.         0.         0.         0.
 0.         0.         0.         0.         0.         0.
 0.         0.         0.         0.         0.09838243 1.
 0.2304     0.06288388 0.1537072  0.         0.         0.
 0.         0.         0.04194582 0.         0.11078871]",BOOLECTOR,1.449368953704834,unsat,"['BOOLECTOR', 'CVC4', 'Bitwuzla', 'Z3', 'MathSAT', 'YICES']",[1.443289041519165]
./tmp/QF_AUFBV/com.galois.ecc.P384ECC64.ec_mul_aux3.short.smt2,"[ 0.          5.85022876  1.          0.          0.          0.
  0.          6.5423995   0.          0.          0.          0.
  0.          0.          1.          0.          0.          0.
  0.          0.          0.          0.          0.          0.
  0.          0.          0.          0.          0.          0.
  0.          0.94267516  1.          0.          0.          0.
  0.          1.19354839  0.          3.32822966  1.32142857  3.81935484
  3.11147327  0.          6.74364844  0.         10.37694195  3.42320909
  1.70769231  1.10894386  0.          6.94682802  1.33456647  5.17929051
  3.43597263  1.03894567  0.72494348  8.73156342  0.          0.
  0.          0.          0.02865995  0.34816082  8.57317073  0.
  0.          0.          0.          0.          0.          0.
  0.          0.          0.          0.         11.90536277  0.
  0.          0.          4.76849642  0.          0.          0.
  0.          0.          0.          0.          0.          0.
  0.          0.          0.          0.          0.          0.
  0.          0.          0.          0.          0.          0.
  0.          0.          0.          0.          0.          0.
  0.          0.          0.          0.          0.          0.
  0.          0.          0.          0.          0.          0.
  0.          0.          0.          0.          0.          0.
  0.          0.          0.          0.          0.          0.
  0.          0.          0.          0.          0.          0.
  0.          0.          0.          0.          0.          0.
  0.          0.          0.          0.          2.37127855  1.
  5.8538206   1.33926229  7.36154959  0.          0.          0.
  0.          0.          3.42320909  0.          7.6942684 ]",YICES,0.3656270503997803,unsat,"['YICES', 'CVC4', 'MathSAT', 'Bitwuzla', 'BOOLECTOR', 'Z3']",[0.20838189125061035]
./tmp/QF_AUFBV/com.galois.ecc.P384ECC64.signHash4.short.smt2,"[0.         2.06633865 1.         0.         0.         0.
 0.         2.04754358 0.         0.         0.         0.
 0.         0.         1.         0.         0.         0.
 0.         0.         0.         0.         0.         0.
 0.         0.         0.         0.         0.         0.
 0.         0.94409938 1.         0.         0.         0.
 0.         1.1875     0.         4.05982906 1.31034483 4.0518732
 2.98978979 0.         1.69604189 0.         0.65648855 3.65838509
 2.4800885  2.10067416 0.         1.68247664 1.75964719 0.07272727
 4.10810811 0.59557344 0.73573751 2.41436464 0.         0.
 0.         0.         0.         0.         3.56906077 0.
 0.         0.         0.         0.         0.03825503 0.
 0.         0.         0.         0.         0.         0.
 0.         0.         6.84148728 0.         0.         0.
 0.         0.         0.         0.         0.         0.
 0.         0.         0.         0.         0.         0.
 0.         0.         0.         0.         0.         0.
 0.         0.         0.         0.         0.         0.
 0.         0.         0.         0.         0.         0.
 0.         0.         0.         0.         0.         0.
 0.         0.         0.         0.         0.         0.
 0.         0.         0.         0.         0.         0.
 0.         0.         0.         0.         0.         0.
 0.         0.         0.         0.         0.         0.
 0.         0.         0.         0.         0.76192851 1.
 2.06656761 0.48876676 1.60846561 0.         0.         0.
 0.         0.         3.65838509 0.         1.55583756]",YICES,0.20149779319763184,unsat,"['YICES', 'BOOLECTOR', 'Bitwuzla', 'CVC4', 'Z3', 'MathSAT']",[0.14079785346984863]
./tmp/QF_AUFBV/com.galois.ecc.P384ECC64.sq_inner12.short.smt2,"[0.00000000e+00 1.15452931e-01 9.99999999e-01 0.00000000e+00
 0.00000000e+00 0.00000000e+00 0.00000000e+00 4.82267399e-02
 0.00000000e+00 0.00000000e+00 0.00000000e+00 0.00000000e+00
 0.00000000e+00 0.00000000e+00 9.99999999e-01 0.00000000e+00
 0.00000000e+00 0.00000000e+00 0.00000000e+00 0.00000000e+00
 0.00000000e+00 0.00000000e+00 0.00000000e+00 0.00000000e+00
 0.00000000e+00 0.00000000e+00 0.00000000e+00 0.00000000e+00
 0.00000000e+00 0.00000000e+00 0.00000000e+00 9.45454545e-01
 9.99999999e-01 0.00000000e+00 0.00000000e+00 0.00000000e+00
 0.00000000e+00 1.18181818e+00 0.00000000e+00 6.65529010e-02
 1.30000000e+00 5.61151079e-02 0.00000000e+00 0.00000000e+00
 8.39096358e-02 0.00000000e+00 2.08807389e-02 2.79302936e-02
 1.28996692e-01 3.17285189e-01 9.74999990e+00 6.36808957e-02
 1.96796841e-01 1.01770736e+00 3.39721254e-02 1.23861952e-02
 0.00000000e+00 0.00000000e+00 3.26964512e-04 0.00000000e+00
 0.00000000e+00 0.00000000e+00 7.55082285e-03 0.00000000e+00
 0.00000000e+00 0.00000000e+00 0.00000000e+00 0.00000000e+00
 0.00000000e+00 0.00000000e+00 0.00000000e+00 0.00000000e+00
 0.00000000e+00 0.00000000e+00 0.00000000e+00 0.00000000e+00
 1.22641509e-01 2.99999999e+00 0.00000000e+00 0.00000000e+00
 0.00000000e+00 0.00000000e+00 0.00000000e+00 0.00000000e+00
 3.54545454e+00 0.00000000e+00 0.00000000e+00 0.00000000e+00
 0.00000000e+00 0.00000000e+00 0.00000000e+00 0.00000000e+00
 0.00000000e+00 0.00000000e+00 0.00000000e+00 0.00000000e+00
 0.00000000e+00 0.00000000e+00 0.00000000e+00 0.00000000e+00
 0.00000000e+00 0.00000000e+00 0.00000000e+00 0.00000000e+00
 0.00000000e+00 0.00000000e+00 0.00000000e+00 0.00000000e+00
 0.00000000e+00 0.00000000e+00 0.00000000e+00 0.00000000e+00
 0.00000000e+00 0.00000000e+00 0.00000000e+00 0.00000000e+00
 0.00000000e+00 0.00000000e+00 0.00000000e+00 0.00000000e+00
 0.00000000e+00 0.00000000e+00 0.00000000e+00 0.00000000e+00
 0.00000000e+00 0.00000000e+00 0.00000000e+00 0.00000000e+00
 0.00000000e+00 0.00000000e+00 0.00000000e+00 0.00000000e+00
 0.00000000e+00 0.00000000e+00 0.00000000e+00 0.00000000e+00
 0.00000000e+00 0.00000000e+00 0.00000000e+00 0.00000000e+00
 0.00000000e+00 0.00000000e+00 0.00000000e+00 0.00000000e+00
 0.00000000e+00 0.00000000e+00 0.00000000e+00 0.00000000e+00
 4.78096614e-02 1.00000000e+00 1.13909583e-01 4.17075261e-02
 5.15191546e-02 0.00000000e+00 0.00000000e+00 0.00000000e+00
 0.00000000e+00 0.00000000e+00 2.79302936e-02 0.00000000e+00
 4.68312208e-02]",CVC4,0.3614048957824707,sat,"['CVC4', 'MathSAT', 'YICES', 'Bitwuzla', 'Z3', 'BOOLECTOR']",[0.35766100883483887]
./tmp/QF_AUFBV/com.galois.ecc.P384ECC64.ec_full_sub1.short.smt2,"[0.         0.20364371 1.         0.         0.         0.
 0.         0.11245931 0.         0.         0.         0.
 0.         0.         1.         0.         0.         0.
 0.         0.         0.         0.         0.         0.
 0.         0.         0.         0.         0.         0.
 0.         0.94674556 1.         0.         0.         0.
 0.         2.28571428 0.         0.0681431  1.29032258 0.02875629
 0.0479904  0.         0.15797208 0.         0.03209844 0.03815884
 0.73593074 0.82087108 0.         0.16724739 0.92584655 0.14856082
 0.03481288 0.00423415 0.01182033 0.11019284 0.         0.
 0.         0.         0.         0.         0.         0.
 0.         0.         0.         0.         0.00894654 0.
 0.         0.         0.         0.         0.         0.
 0.         0.         0.         0.         0.         0.
 0.         0.         0.         0.         0.         0.
 0.         0.         0.         0.         0.         0.
 0.         0.         0.         0.         0.         0.
 0.         0.         0.         0.         0.         0.
 0.         0.         0.         0.         0.         0.
 0.         0.         0.         0.         0.         0.
 0.         0.         0.         0.         0.         0.
 0.         0.         0.         0.         0.         0.
 0.         0.         0.         0.         0.         0.
 0.         0.         0.         0.         0.         0.
 0.         0.         0.         0.         0.09988374 1.
 0.20215633 0.06629459 0.1304157  0.         0.         0.
 0.         0.         0.03815884 0.         0.09317804]",BOOLECTOR,0.396744966506958,unsat,"['BOOLECTOR', 'CVC4', 'YICES', 'MathSAT', 'Bitwuzla', 'Z3']",[0.39084911346435547]
