./tmp/QF_AUFBV/com.galois.ecc.P384ECC64.ec_full_add3.short.smt2,"[0. 1. 1. 0. 0. 0. 0. 1. 0. 0. 0. 0. 0. 0. 1. 0. 0. 0. 0. 0. 0. 0. 0. 0.
 0. 0. 0. 0. 0. 0. 0. 1. 1. 0. 0. 0. 0. 1. 0. 1. 1. 1. 1. 0. 1. 0. 1. 1.
 1. 1. 0. 1. 1. 1. 1. 1. 1. 1. 0. 0. 0. 0. 0. 0. 0. 0. 0. 0. 0. 0. 0. 0.
 0. 0. 0. 0. 0. 0. 0. 0. 0. 0. 0. 0. 0. 0. 0. 0. 0. 0. 0. 0. 0. 0. 0. 0.
 0. 0. 0. 0. 0. 0. 0. 0. 0. 0. 0. 0. 0. 0. 0. 0. 0. 0. 0. 0. 0. 0. 0. 0.
 0. 0. 0. 0. 0. 0. 0. 0. 0. 0. 0. 0. 0. 0. 0. 0. 0. 0. 0. 0. 0. 0. 0. 0.
 0. 0. 0. 0. 1. 1. 1. 1. 1. 0. 0. 0. 0. 0. 1. 0. 1.]",YICES,0.10329294204711914,unsat,"['YICES', 'CVC4', 'Z3', 'BOOLECTOR', 'Bitwuzla', 'MathSAT']",[0.08387994766235352]
./tmp/QF_AUFBV/opStructure_NPT_2.smt2,"[0.         0.00506329 1.         0.         0.         0.
 0.         0.01515152 0.         0.         0.         0.
 0.         0.         1.         0.         0.         0.
 0.         0.         0.         0.         0.         0.
 0.         0.         0.         0.         0.         0.
 0.         1.11111111 1.         0.         0.         0.
 2.         0.         0.         0.         0.         0.10526316
 0.         0.         0.00840336 0.         0.         0.
 0.15384615 0.04040404 0.         0.03433476 0.05529954 0.
 0.         0.         0.         0.         2.         2.
 0.         0.         0.         2.         0.         0.
 0.         0.         0.         0.         0.         0.
 0.         0.         0.         0.         0.         0.
 0.         0.         0.         0.         0.         0.
 0.         0.         0.         0.         0.         0.
 0.         0.         0.         0.         0.         0.
 0.         0.         0.         0.         0.         0.
 0.         0.         0.         0.         0.         0.
 0.         0.         0.         0.         0.         0.
 0.         0.         0.         0.         0.         0.
 0.         0.         0.         0.         0.         0.
 0.         0.         0.         0.         0.         0.
 0.         0.         0.         0.         0.         0.
 0.         0.         0.         0.         0.         0.
 0.         0.         0.         0.         0.08345568 1.
 0.01012658 0.10544218 0.02094241 0.         0.         0.
 0.         0.         0.         0.         0.        ]",YICES,30.15496301651001,sat,"['CVC4', 'YICES', 'Bitwuzla', 'Z3', 'BOOLECTOR', 'MathSAT']","[30, 0.15368890762329102]"
./tmp/QF_AUFBV/com.galois.ecc.P384ECC64.signHash4.short.smt2,"[0.         2.29338104 1.         0.         0.         0.
 0.         2.41420118 0.         0.         0.         0.
 0.         0.         1.         0.         0.         0.
 0.         0.         0.         0.         0.         0.
 0.         0.         0.         0.         0.         0.
 0.         0.92307692 1.         0.         0.         0.
 0.         1.5        0.         2.62237762 1.5        2.65868263
 2.41104294 0.         2.25818182 0.         2.37423313 2.57234043
 2.08235294 1.66216216 0.         2.29465187 1.47540984 0.75
 2.63829787 2.6746988  2.41104294 2.875      0.         0.
 0.         0.         0.         0.         3.         0.
 0.         0.         0.         0.         3.         0.
 0.         0.         0.         0.         0.         0.
 0.         0.         3.         0.         0.         0.
 0.         0.         0.         0.         0.         0.
 0.         0.         0.         0.         0.         0.
 0.         0.         0.         0.         0.         0.
 0.         0.         0.         0.         0.         0.
 0.         0.         0.         0.         0.         0.
 0.         0.         0.         0.         0.         0.
 0.         0.         0.         0.         0.         0.
 0.         0.         0.         0.         0.         0.
 0.         0.         0.         0.         0.         0.
 0.         0.         0.         0.         0.         0.
 0.         0.         0.         0.         2.17601239 1.
 2.29295943 2.21669627 2.33603708 0.         0.         0.
 0.         0.         2.57234043 0.         2.36375321]",BOOLECTOR,4.02010178565979,unsat,"['BOOLECTOR', 'MathSAT', 'YICES', 'Z3', 'CVC4', 'Bitwuzla']",[3.9702558517456055]
./tmp/QF_AUFBV/com.galois.ecc.P384ECC64.signHash3.short.smt2,"[0.         1.8013766  1.         0.         0.         0.
 0.         1.86413902 0.         0.         0.         0.
 0.         0.         1.         0.         0.         0.
 0.         0.         0.         0.         0.         0.
 0.         0.         0.         0.         0.         0.
 0.         0.94117647 1.         0.         0.         0.
 0.         1.33333333 0.         1.88148148 1.33333333 1.9125
 1.97515528 0.         1.79685265 0.         1.90353698 1.92951542
 1.63888889 1.42608696 0.         1.80509413 1.31868132 0.8
 1.88764045 1.9184953  1.97515528 1.95744681 0.         0.
 0.         0.         0.         0.         1.57142857 0.
 0.         0.         0.         0.         1.6        0.
 0.         0.         0.         0.         0.         0.
 0.         0.         2.11282051 0.         0.         0.
 0.         0.         0.         0.         0.         0.
 0.         0.         0.         0.         0.         0.
 0.         0.         0.         0.         0.         0.
 0.         0.         0.         0.         0.         0.
 0.         0.         0.         0.         0.         0.
 0.         0.         0.         0.         0.         0.
 0.         0.         0.         0.         0.         0.
 0.         0.         0.         0.         0.         0.
 0.         0.         0.         0.         0.         0.
 0.         0.         0.         0.         0.         0.
 0.         0.         0.         0.         1.74895787 1.
 1.80124631 1.76808722 1.83165829 0.         0.         0.
 0.         0.         1.92951542 0.         1.85082873]",MathSAT,0.44676804542541504,unsat,"['MathSAT', 'BOOLECTOR', 'Bitwuzla', 'CVC4', 'Z3', 'YICES']",[0.3995349407196045]
./tmp/QF_AUFBV/com.galois.ecc.P384ECC64.signHash5.short.smt2,"[0.         1.44156753 1.         0.         0.         0.
 0.         1.45775042 0.         0.         0.         0.
 0.         0.         1.         0.         0.         0.
 0.         0.         0.         0.         0.         0.
 0.         0.         0.         0.         0.         0.
 0.         0.95238095 1.         0.         0.         0.
 0.         1.25       0.         1.5648855  1.25       1.52928416
 1.39013453 0.         1.42564942 0.         1.40046296 1.49420849
 1.45320197 1.31410256 0.         1.43646409 1.23966942 0.83333333
 1.56812339 1.5326087  1.39013453 1.64285714 0.         0.
 0.         0.         0.         0.         1.41025641 0.
 0.         0.         0.         0.         1.42857143 0.
 0.         0.         0.         0.         0.         0.
 0.         0.         1.60278746 0.         0.         0.
 0.         0.         0.         0.         0.         0.
 0.         0.         0.         0.         0.         0.
 0.         0.         0.         0.         0.         0.
 0.         0.         0.         0.         0.         0.
 0.         0.         0.         0.         0.         0.
 0.         0.         0.         0.         0.         0.
 0.         0.         0.         0.         0.         0.
 0.         0.         0.         0.         0.         0.
 0.         0.         0.         0.         0.         0.
 0.         0.         0.         0.         0.         0.
 0.         0.         0.         0.         1.41461681 1.
 1.4414099  1.42071657 1.43688451 0.         0.         0.
 0.         0.         1.49420849 0.         1.43525357]",MathSAT,0.6531960964202881,unsat,"['MathSAT', 'YICES', 'Bitwuzla', 'Z3', 'BOOLECTOR', 'CVC4']",[0.6054940223693848]
./tmp/QF_AUFBV/com.galois.ecc.P384ECC64.group_red1.short.smt2,"[0.         0.26871658 1.         0.         0.         0.
 0.         0.31495228 0.         0.         0.         0.
 0.         0.         1.         0.         0.         0.
 0.         0.         0.         0.         0.         0.
 0.         0.         0.         0.         0.         0.
 0.         0.96       1.         0.         0.         0.
 0.         1.2        0.         0.14888337 1.2        0.15221987
 0.25751073 0.         0.28966323 0.         0.31578947 0.18413174
 0.02941176 0.05084746 0.         0.36262514 0.07692308 4.28571429
 0.13567839 0.15254237 0.25751073 1.11627907 1.30434783 0.
 0.         0.         0.         0.         0.         0.
 0.         0.         0.         0.         2.18181818 0.
 0.         0.         0.         0.         0.         5.99999996
 0.         0.         0.04152249 0.         0.         0.
 0.         0.         0.         0.         0.         0.
 0.         0.         0.         0.         0.         0.
 0.         0.         0.         0.         0.         0.
 0.         0.         0.         0.         0.         0.
 0.         0.         0.         0.         0.         0.
 0.         0.         0.         0.         0.         0.
 0.         0.         0.         0.         0.         0.
 0.         0.         0.         0.         0.         0.
 0.         0.         0.         0.         0.         0.
 0.         0.         0.         0.         0.         0.
 0.         0.         0.         0.         0.27367251 1.
 0.2676182  0.30265263 0.3916318  0.         0.         0.
 0.         0.         0.18413174 0.         0.42543458]",YICES,1.3968162536621094,unsat,"['YICES', 'MathSAT', 'Bitwuzla', 'Z3', 'CVC4', 'BOOLECTOR']",[1.388655185699463]
./tmp/QF_AUFBV/com.galois.ecc.P384ECC64.ec_twin_mul_init2.short.smt2,"[0.         0.57151627 1.         0.         0.         0.
 0.         0.29847716 0.         0.         0.         0.
 0.         0.         1.         0.         0.         0.
 0.         0.         0.         0.         0.         0.
 0.         0.         0.         0.         0.         0.
 0.         0.96551724 1.         0.         0.         0.
 0.         1.16666667 0.         0.16949153 1.16666667 0.11642412
 0.23236515 0.         0.55111191 0.         0.25158562 0.1687363
 1.50769231 1.24390244 0.         0.48100829 0.80824742 1.12
 0.15479115 0.11666667 0.23236515 0.15909091 0.         0.
 0.         0.         0.         0.         0.         0.
 0.         0.         0.         0.         0.         0.
 0.         0.         0.         0.         0.         0.
 0.         0.         0.         0.         0.         0.
 0.         0.         0.         0.         0.         0.
 0.         0.         0.         0.         0.         0.
 0.         0.         0.         0.         0.         0.
 0.         0.         0.         0.         0.         0.
 0.         0.         0.         0.         0.         0.
 0.         0.         0.         0.         0.         0.
 0.         0.         0.         0.         0.         0.
 0.         0.         0.         0.         0.         0.
 0.         0.         0.         0.         0.         0.
 0.         0.         0.         0.         0.         0.
 0.         0.         0.         0.         0.58167632 1.
 0.57066776 0.58999075 0.36637589 0.         0.         0.
 0.         0.         0.1687363  0.         0.2351901 ]",MathSAT,0.27533602714538574,unsat,"['MathSAT', 'BOOLECTOR', 'YICES', 'Bitwuzla', 'Z3', 'CVC4']",[0.2599329948425293]
./tmp/QF_AUFBV/com.galois.ecc.P384ECC64.sq_inner12.short.smt2,"[0.         0.11297156 1.         0.         0.         0.
 0.         0.05044136 0.         0.         0.         0.
 0.         0.         1.         0.         0.         0.
 0.         0.         0.         0.         0.         0.
 0.         0.         0.         0.         0.         0.
 0.         0.96969697 1.         0.         0.         0.
 0.         1.14285714 0.         0.03855422 1.14285714 0.03312629
 0.         0.         0.09918526 0.         0.06708595 0.01749271
 0.09125475 0.24651752 7.99999994 0.07660739 0.18529708 2.87179487
 0.01960784 0.04968944 0.         0.         0.33333333 0.
 0.         0.         7.99999994 0.         0.         0.
 0.         0.         0.         0.         0.         0.
 0.         0.         0.         0.         7.99999994 3.99999998
 0.         0.         0.         0.         0.         0.
 7.99999999 0.         0.         0.         0.         0.
 0.         0.         0.         0.         0.         0.
 0.         0.         0.         0.         0.         0.
 0.         0.         0.         0.         0.         0.
 0.         0.         0.         0.         0.         0.
 0.         0.         0.         0.         0.         0.
 0.         0.         0.         0.         0.         0.
 0.         0.         0.         0.         0.         0.
 0.         0.         0.         0.         0.         0.
 0.         0.         0.         0.         0.         0.
 0.         0.         0.         0.         0.12349924 1.
 0.11149263 0.16730842 0.0660637  0.         0.         0.
 0.         0.         0.01749271 0.         0.06315789]",YICES,0.14873743057250977,sat,"['YICES', 'MathSAT', 'BOOLECTOR', 'Bitwuzla', 'CVC4', 'Z3']",[0.1454761028289795]
./tmp/QF_AUFBV/com.galois.ecc.P384ECC64.ec_full_add1.short.smt2,"[0.         0.33728155 1.         0.         0.         0.
 0.         0.16270431 0.         0.         0.         0.
 0.         0.         1.         0.         0.         0.
 0.         0.         0.         0.         0.         0.
 0.         0.         0.         0.         0.         0.
 0.         0.97297297 1.         0.         0.         0.
 0.         2.         0.         0.12826603 1.125      0.09221311
 0.0556701  0.         0.31829831 0.         0.13016529 0.08447653
 0.72377622 0.79014247 0.         0.26294821 0.64766355 0.
 0.10895884 0.09221311 0.0556701  0.         0.         0.
 0.         0.         0.         0.         0.         0.
 0.         0.         0.         0.         0.         0.
 0.         0.         0.         0.         0.         0.
 0.         0.         0.         0.         0.         0.
 0.         0.         0.         0.         0.         0.
 0.         0.         0.         0.         0.         0.
 0.         0.         0.         0.         0.         0.
 0.         0.         0.         0.         0.         0.
 0.         0.         0.         0.         0.         0.
 0.         0.         0.         0.         0.         0.
 0.         0.         0.         0.         0.         0.
 0.         0.         0.         0.         0.         0.
 0.         0.         0.         0.         0.         0.
 0.         0.         0.         0.         0.         0.
 0.         0.         0.         0.         0.35807412 1.
 0.33599067 0.38069414 0.19730769 0.         0.         0.
 0.         0.         0.08447653 0.         0.13223855]",Z3,0.07258296012878418,unsat,"['Z3', 'YICES', 'MathSAT', 'Bitwuzla', 'CVC4', 'BOOLECTOR']",[0.06543707847595215]
./tmp/QF_AUFBV/com.galois.ecc.P384ECC64.ec_twin_mul_init.short.smt2,"[0.         0.71904848 1.         0.         0.         0.
 0.         0.39942939 0.         0.         0.         0.
 0.         0.         1.         0.         0.         0.
 0.         0.         0.         0.         0.         0.
 0.         0.         0.         0.         0.         0.
 0.         0.97560976 1.         0.         0.         0.
 0.         1.         0.         0.23201856 1.11111111 0.16129032
 0.31936128 0.         0.69771138 0.         0.33932136 0.23272214
 1.6374269  1.3577371  0.         0.61974463 0.94754653 0.93023256
 0.21327014 0.16129032 0.31936128 0.22222222 0.         0.
 0.         0.         0.         0.         0.         0.
 0.         0.         0.         0.         0.         0.
 0.         0.         0.         0.         0.         0.
 0.         0.         0.         0.         0.         0.
 0.         0.         0.         0.         0.         0.
 0.         0.         0.         0.         0.         0.
 0.         0.         0.         0.         0.         0.
 0.         0.         0.         0.         0.         0.
 0.         0.         0.         0.         0.         0.
 0.         0.         0.         0.         0.         0.
 0.         0.         0.         0.         0.         0.
 0.         0.         0.         0.         0.         0.
 0.         0.         0.         0.         0.         0.
 0.         0.         0.         0.         0.         0.
 0.         0.         0.         0.         0.72836805 1.
 0.7182819  0.73242646 0.48316252 0.         0.         0.
 0.         0.         0.23272214 0.         0.31799163]",MathSAT,0.25070929527282715,unsat,"['MathSAT', 'Z3', 'BOOLECTOR', 'YICES', 'Bitwuzla', 'CVC4']",[0.23707199096679688]
./tmp/QF_AUFBV/com.galois.ecc.P384ECC64.verifySignature.short.smt2,"[0.         1.919518   1.         0.         0.         0.
 0.         2.03372093 0.         0.         0.         0.
 0.         0.         1.         0.         0.         0.
 0.         0.         0.         0.         0.         0.
 0.         0.         0.         0.         0.         0.
 0.         0.97777778 1.         0.         0.         0.
 0.         1.         0.         1.91762452 1.1        2.07037643
 2.22452229 0.         1.92896461 0.         1.95073892 2.08685714
 1.84671533 1.70705651 0.         1.97803321 1.765625   1.34693878
 1.93359375 2.07037643 2.22452229 1.74766355 1.89655172 0.
 0.         0.         0.         0.         4.59701492 0.
 0.         0.         0.         0.         0.62857143 0.
 0.         0.         0.         0.         0.         0.
 0.         0.         1.63622975 0.         0.         0.
 0.         0.         0.         0.         0.         0.
 0.         0.         0.         0.         0.         0.
 0.         0.         0.         0.         0.         0.
 0.         0.         0.         0.         0.         0.
 0.         0.         0.         0.         0.         0.
 0.         0.         0.         0.         0.         0.
 0.         0.         0.         0.         0.         0.
 0.         0.         0.         0.         0.         0.
 0.         0.         0.         0.         0.         0.
 0.         0.         0.         0.         0.         0.
 0.         0.         0.         0.         1.8980425  1.
 1.92045285 1.88393403 1.96995192 0.         0.         0.
 0.         0.         2.08685714 0.         1.98731574]",Z3,10.203320026397705,unsat,"['Z3', 'MathSAT', 'YICES', 'Bitwuzla', 'BOOLECTOR', 'CVC4']",[10.158458948135376]
./tmp/QF_AUFBV/com.galois.ecc.P384ECC64.mod_div12.short.smt2,"[0.         0.27728528 1.         0.         0.         0.
 0.         0.26828344 0.         0.         0.         0.
 0.         0.         1.         0.         0.         0.
 0.         0.         0.         0.         0.         0.
 0.         0.         0.         0.         0.         0.
 0.         0.97959184 1.         0.         0.         0.
 0.         1.         0.         0.15879017 1.09090909 0.0974026
 0.11356467 0.         0.27056111 0.         0.21290323 0.11544992
 0.39529412 1.32366183 0.         0.37128713 2.4        0.12121212
 0.13899614 0.13592233 0.13228346 0.         0.         0.
 0.         0.         0.         3.69230769 0.         0.
 0.         0.         0.         0.         0.94736842 0.
 0.         0.         0.         0.         5.99999996 0.
 0.         0.         0.0877193  0.         0.         0.
 0.         0.         0.         0.         0.         0.
 0.         0.         0.         0.         0.         0.
 0.         0.         0.         0.         0.         0.
 0.         0.         0.         0.         0.         0.
 0.         0.         0.         0.         0.         0.
 0.         0.         0.         0.         0.         0.
 0.         0.         0.         0.         0.         0.
 0.         0.         0.         0.         0.         0.
 0.         0.         0.         0.         0.         0.
 0.         0.         0.         0.         0.         0.
 0.         0.         0.         0.         0.52718126 1.
 0.27594237 0.34624097 0.34325744 0.         0.         0.
 0.         0.         0.11544992 0.         0.33588804]",Z3,0.05998992919921875,unsat,"['Z3', 'MathSAT', 'BOOLECTOR', 'YICES', 'CVC4', 'Bitwuzla']",[0.0518949031829834]
./tmp/QF_AUFBV/opStructure_O_32_16_2_2.smt2,"[0.00000000e+00 1.88898576e-03 9.99999999e-01 0.00000000e+00
 0.00000000e+00 0.00000000e+00 0.00000000e+00 4.92424242e-03
 0.00000000e+00 0.00000000e+00 0.00000000e+00 0.00000000e+00
 0.00000000e+00 0.00000000e+00 9.99999999e-01 0.00000000e+00
 0.00000000e+00 0.00000000e+00 0.00000000e+00 0.00000000e+00
 0.00000000e+00 0.00000000e+00 0.00000000e+00 0.00000000e+00
 0.00000000e+00 0.00000000e+00 0.00000000e+00 0.00000000e+00
 0.00000000e+00 0.00000000e+00 0.00000000e+00 1.20370370e+00
 9.99999999e-01 0.00000000e+00 0.00000000e+00 0.00000000e+00
 1.28781631e+01 0.00000000e+00 1.29999998e+01 0.00000000e+00
 0.00000000e+00 2.10696921e-02 0.00000000e+00 0.00000000e+00
 4.99423742e-03 0.00000000e+00 0.00000000e+00 0.00000000e+00
 6.08899297e-02 2.59610584e-02 0.00000000e+00 1.28585559e-02
 4.41676104e-02 0.00000000e+00 0.00000000e+00 9.27019499e+00
 8.02411091e+00 0.00000000e+00 1.23231598e+01 1.28781631e+01
 0.00000000e+00 0.00000000e+00 1.29873171e+01 1.29179612e+01
 0.00000000e+00 0.00000000e+00 0.00000000e+00 1.30000000e+01
 0.00000000e+00 0.00000000e+00 0.00000000e+00 0.00000000e+00
 0.00000000e+00 0.00000000e+00 0.00000000e+00 0.00000000e+00
 0.00000000e+00 0.00000000e+00 0.00000000e+00 0.00000000e+00
 0.00000000e+00 0.00000000e+00 0.00000000e+00 0.00000000e+00
 0.00000000e+00 0.00000000e+00 0.00000000e+00 0.00000000e+00
 0.00000000e+00 0.00000000e+00 0.00000000e+00 0.00000000e+00
 0.00000000e+00 0.00000000e+00 0.00000000e+00 0.00000000e+00
 0.00000000e+00 0.00000000e+00 0.00000000e+00 0.00000000e+00
 0.00000000e+00 0.00000000e+00 0.00000000e+00 0.00000000e+00
 0.00000000e+00 0.00000000e+00 0.00000000e+00 0.00000000e+00
 0.00000000e+00 0.00000000e+00 0.00000000e+00 0.00000000e+00
 0.00000000e+00 0.00000000e+00 0.00000000e+00 0.00000000e+00
 0.00000000e+00 0.00000000e+00 0.00000000e+00 0.00000000e+00
 0.00000000e+00 0.00000000e+00 0.00000000e+00 0.00000000e+00
 0.00000000e+00 0.00000000e+00 0.00000000e+00 0.00000000e+00
 0.00000000e+00 0.00000000e+00 0.00000000e+00 0.00000000e+00
 0.00000000e+00 0.00000000e+00 0.00000000e+00 0.00000000e+00
 0.00000000e+00 0.00000000e+00 0.00000000e+00 0.00000000e+00
 0.00000000e+00 0.00000000e+00 0.00000000e+00 0.00000000e+00
 0.00000000e+00 0.00000000e+00 0.00000000e+00 0.00000000e+00
 3.05942829e+00 1.00000000e+00 3.78291867e-03 3.83475285e+00
 7.58459743e-03 0.00000000e+00 0.00000000e+00 0.00000000e+00
 0.00000000e+00 0.00000000e+00 0.00000000e+00 0.00000000e+00
 0.00000000e+00]",MathSAT,60.02116513252258,timeout (30.0 s),"['BOOLECTOR', 'MathSAT', 'YICES', 'Bitwuzla', 'Z3', 'CVC4']","[30, 30]"
./tmp/QF_AUFBV/com.galois.ecc.P384ECC64.ec_full_add4.short.smt2,"[0.         0.72526867 1.         0.         0.         0.
 0.         0.61596958 0.         0.         0.         0.
 0.         0.         1.         0.         0.         0.
 0.         0.         0.         0.         0.         0.
 0.         0.         0.         0.         0.         0.
 0.         0.96551724 1.         0.         0.         0.
 0.         1.07692308 0.         0.4606947  1.16666667 0.39685039
 0.67267267 0.         0.77241379 0.         0.72782875 0.51145038
 0.74501109 1.16613272 0.         0.68485419 1.35345269 0.8
 0.44485981 0.1160221  0.26493199 0.         0.         0.
 0.         0.         0.         0.         0.         0.
 0.         0.         0.         0.         0.         0.
 0.         0.         0.         0.         0.         0.
 0.         0.         0.         0.         0.         0.
 0.         0.         0.         0.         0.         0.
 0.         0.         0.         0.         0.         0.
 0.         0.         0.         0.         0.         0.
 0.         0.         0.         0.         0.         0.
 0.         0.         0.         0.         0.         0.
 0.         0.         0.         0.         0.         0.
 0.         0.         0.         0.         0.         0.
 0.         0.         0.         0.         0.         0.
 0.         0.         0.         0.         0.         0.
 0.         0.         0.         0.         0.         0.
 0.         0.         0.         0.         0.62162439 1.
 0.72433775 0.54583988 0.66518477 0.         0.         0.
 0.         0.         0.51145038 0.         0.65374841]",Z3,0.09929966926574707,unsat,"['Z3', 'Bitwuzla', 'YICES', 'BOOLECTOR', 'MathSAT', 'CVC4']",[0.08424806594848633]
./tmp/QF_AUFBV/com.galois.ecc.P384ECC64.ec_twin_mul_aux11.short.smt2,"[0.         2.33480689 1.         0.         0.         0.
 0.         2.58690441 0.         0.         0.         0.
 0.         0.         1.         0.         0.         0.
 0.         0.         0.         0.         0.         0.
 0.         0.         0.         0.         0.         0.
 0.         0.96774194 1.         0.         0.         0.
 0.         1.07142857 0.         2.1796875  1.15384615 2.04081633
 3.14946619 0.         2.64450867 0.         3.09466019 2.51248298
 1.49700599 1.17671868 0.         2.46708587 1.04900095 8.75
 2.20095694 0.66021127 1.42130621 0.27522936 0.         0.
 0.         0.         0.         0.         0.         0.
 0.         0.         0.         0.         0.         0.
 0.         0.         0.         0.         0.         0.
 0.         0.         0.         0.         0.         0.
 0.         0.         0.         0.         0.         0.
 0.         0.         0.         0.         0.         0.
 0.         0.         0.         0.         0.         0.
 0.         0.         0.         0.         0.         0.
 0.         0.         0.         0.         0.         0.
 0.         0.         0.         0.         0.         0.
 0.         0.         0.         0.         0.         0.
 0.         0.         0.         0.         0.         0.
 0.         0.         0.         0.         0.         0.
 0.         0.         0.         0.         0.         0.
 0.         0.         0.         0.         1.77610566 1.
 2.33605125 1.80005788 2.66902695 0.         0.         0.
 0.         0.         2.51248298 0.         2.82047975]",Z3,4.897078990936279,unsat,"['Z3', 'YICES', 'BOOLECTOR', 'Bitwuzla', 'CVC4', 'MathSAT']",[4.847861051559448]
./tmp/QF_AUFBV/com.galois.ecc.P384ECC64.sq_inner23.short.smt2,"[0.         0.07410838 1.         0.         0.         0.
 0.         0.08346997 0.         0.         0.         0.
 0.         0.         1.         0.         0.         0.
 0.         0.         0.         0.         0.         0.
 0.         0.         0.         0.         0.         0.
 0.         0.96969697 1.         0.         0.         0.
 0.         1.06666667 0.         0.04984424 1.14285714 0.04341927
 0.         0.         0.06352988 0.         0.07729469 0.02175884
 0.03187251 0.11057592 0.         0.11548966 0.17317647 0.12598425
 0.02547771 0.04214223 0.         0.28828829 0.08571429 0.02993452
 0.         0.         0.01559454 0.01551891 0.         0.
 0.         0.         0.         0.         0.         0.
 0.         0.         0.         0.         9.59999997 7.99999997
 0.         0.         0.         0.         0.         0.
 7.99999999 0.         0.         0.         0.         0.
 0.         0.         0.         0.         0.         0.
 0.         0.         0.         0.         0.         0.
 0.         0.         0.         0.         0.         0.
 0.         0.         0.         0.         0.         0.
 0.         0.         0.         0.         0.         0.
 0.         0.         0.         0.         0.         0.
 0.         0.         0.         0.         0.         0.
 0.         0.         0.         0.         0.         0.
 0.         0.         0.         0.         0.         0.
 0.         0.         0.         0.         0.07666062 1.
 0.07235622 0.10376334 0.11249716 0.         0.         0.
 0.         0.         0.02175884 0.         0.12285641]",Z3,0.05556201934814453,sat,"['Z3', 'MathSAT', 'Bitwuzla', 'YICES', 'BOOLECTOR', 'CVC4']",[0.0525660514831543]
./tmp/QF_AUFBV/com.galois.ecc.P384ECC64.ec_twin_mul_init1.short.smt2,"[0.         0.75074709 1.         0.         0.         0.
 0.         0.41529737 0.         0.         0.         0.
 0.         0.         1.         0.         0.         0.
 0.         0.         0.         0.         0.         0.
 0.         0.         0.         0.         0.         0.
 0.         0.97142857 1.         0.         0.         0.
 0.         1.0625     0.         0.2607362  1.13333333 0.18255034
 0.31664726 0.         0.709883   0.         0.34201183 0.25055828
 1.70609319 1.33822111 0.         0.63530516 0.85113992 0.51908397
 0.24018838 0.05949256 0.14437367 0.30088496 0.         0.
 0.         0.         0.         0.         0.         0.
 0.         0.         0.         0.         0.         0.
 0.         0.         0.         0.         0.         0.
 0.         0.         0.         0.         0.         0.
 0.         0.         0.         0.         0.         0.
 0.         0.         0.         0.         0.         0.
 0.         0.         0.         0.         0.         0.
 0.         0.         0.         0.         0.         0.
 0.         0.         0.         0.         0.         0.
 0.         0.         0.         0.         0.         0.
 0.         0.         0.         0.         0.         0.
 0.         0.         0.         0.         0.         0.
 0.         0.         0.         0.         0.         0.
 0.         0.         0.         0.         0.         0.
 0.         0.         0.         0.         0.60562312 1.
 0.74994458 0.57357617 0.49416428 0.         0.         0.
 0.         0.         0.25055828 0.         0.32437861]",Z3,0.06634306907653809,unsat,"['Z3', 'YICES', 'Bitwuzla', 'CVC4', 'MathSAT', 'BOOLECTOR']",[0.051711082458496094]
./tmp/QF_AUFBV/com.galois.ecc.P384ECC64.ec_full_sub2.short.smt2,"[0.         0.2378768  1.         0.         0.         0.
 0.         0.14796654 0.         0.         0.         0.
 0.         0.         1.         0.         0.         0.
 0.         0.         0.         0.         0.         0.
 0.         0.         0.         0.         0.         0.
 0.         0.97297297 1.         0.         0.         0.
 0.         2.         0.         0.05504587 1.125      0.02412869
 0.04181185 0.         0.21819207 0.         0.12690952 0.03209987
 0.53217391 0.63005027 0.         0.24013341 0.82899787 0.27067669
 0.02821317 0.00787057 0.01908802 0.15789474 0.         0.
 0.         0.         0.         0.         0.         0.
 0.         0.         0.         0.         0.9        0.
 0.         0.         0.         0.         0.         0.
 0.         0.         0.         0.         0.         0.
 0.         0.         0.         0.         0.         0.
 0.         0.         0.         0.         0.         0.
 0.         0.         0.         0.         0.         0.
 0.         0.         0.         0.         0.         0.
 0.         0.         0.         0.         0.         0.
 0.         0.         0.         0.         0.         0.
 0.         0.         0.         0.         0.         0.
 0.         0.         0.         0.         0.         0.
 0.         0.         0.         0.         0.         0.
 0.         0.         0.         0.         0.         0.
 0.         0.         0.         0.         0.24373746 1.
 0.23627215 0.23579589 0.20378837 0.         0.         0.
 0.         0.         0.03209987 0.         0.15679443]",Z3,1.2427618503570557,unsat,"['Z3', 'YICES', 'MathSAT', 'Bitwuzla', 'BOOLECTOR', 'CVC4']",[1.237360954284668]
./tmp/QF_AUFBV/com.galois.ecc.P384ECC64.mul_inner4.short.smt2,"[ 0.          0.18087408  1.          0.          0.          0.
  0.          0.23008976  0.          0.          0.          0.
  0.          0.          1.          0.          0.          0.
  0.          0.          0.          0.          0.          0.
  0.          0.          0.          0.          0.          0.
  0.          0.97435897  1.          0.          0.          0.
  0.          1.          0.          0.17272727  1.11764706  0.25132275
  0.15322581  0.          0.16986403  0.          0.30751445  0.18454746
  0.03298611  0.11602517  0.          0.24327785  0.18454392  0.21189591
  0.14774495  0.1073913   0.07025885  0.32758621  0.13475177  0.01775701
  0.          0.          0.          0.01841085  0.          0.
  0.          0.          0.          0.          0.          0.
  0.          0.          0.          0.          5.42857141  8.14285712
  0.          0.          0.          0.          0.          0.
 12.09090908  0.          0.          0.          0.          0.
  0.          0.          0.          0.          0.          0.
  0.          0.          0.          0.          0.          0.
  0.          0.          0.          0.          0.          0.
  0.          0.          0.          0.          0.          0.
  0.          0.          0.          0.          0.          0.
  0.          0.          0.          0.          0.          0.
  0.          0.          0.          0.          0.          0.
  0.          0.          0.          0.          0.          0.
  0.          0.          0.          0.          0.          0.
  0.          0.          0.          0.          0.16442256  1.
  0.17910933  0.1925153   0.25306122  0.          0.          0.
  0.          0.          0.18454746  0.          0.28413827]",Z3,0.33891892433166504,sat,"['Z3', 'BOOLECTOR', 'YICES', 'CVC4', 'MathSAT', 'Bitwuzla']",[0.33505797386169434]
./tmp/QF_AUFBV/com.galois.ecc.P384ECC64.mod_div1.short.smt2,"[0.         0.32563584 1.         0.         0.         0.
 0.         0.31412144 0.         0.         0.         0.
 0.         0.         1.         0.         0.         0.
 0.         0.         0.         0.         0.         0.
 0.         0.         0.         0.         0.         0.
 0.         0.97560976 1.         0.         0.         0.
 0.         1.         0.         0.15037594 1.11111111 0.10526316
 0.13729977 0.         0.31169784 0.         0.25114155 0.1228609
 0.47457627 1.546867   0.         0.43657184 2.6583669  0.07407407
 0.1236476  0.05203816 0.07368421 0.         0.         0.
 0.         0.         0.         0.03868472 0.         0.
 0.         0.         0.         0.         0.95238095 0.
 0.         0.         0.         0.         2.49999999 0.
 0.         0.         0.11627907 0.         0.         0.
 0.         0.         0.         0.         0.         0.
 0.         0.         0.         0.         0.         0.
 0.         0.         0.         0.         0.         0.
 0.         0.         0.         0.         0.         0.
 0.         0.         0.         0.         0.         0.
 0.         0.         0.         0.         0.         0.
 0.         0.         0.         0.         0.         0.
 0.         0.         0.         0.         0.         0.
 0.         0.         0.         0.         0.         0.
 0.         0.         0.         0.         0.         0.
 0.         0.         0.         0.         0.51808365 1.
 0.32405927 0.30819477 0.4        0.         0.         0.
 0.         0.         0.1228609  0.         0.38942308]",MathSAT,0.19489789009094238,unsat,"['MathSAT', 'Bitwuzla', 'Z3', 'YICES', 'CVC4', 'BOOLECTOR']",[0.18733692169189453]
./tmp/QF_AUFBV/com.galois.ecc.P384ECC64.ec_full_sub3.short.smt2,"[0.         0.26696785 1.         0.         0.         0.
 0.         0.16652755 0.         0.         0.         0.
 0.         0.         1.         0.         0.         0.
 0.         0.         0.         0.         0.         0.
 0.         0.         0.         0.         0.         0.
 0.         0.97674419 1.         0.         0.         0.
 0.         1.90909091 0.         0.06296852 1.10526316 0.02759527
 0.04794521 0.         0.24544713 0.         0.14285714 0.03679369
 0.58813839 0.65310174 0.         0.26709062 0.79887284 0.30656934
 0.03240741 0.00910273 0.02208202 0.17948718 0.         0.
 0.         0.         0.         0.         0.         0.
 0.         0.         0.         0.         0.95454545 0.
 0.         0.         0.         0.         0.         0.
 0.         0.         0.         0.         0.         0.
 0.         0.         0.         0.         0.         0.
 0.         0.         0.         0.         0.         0.
 0.         0.         0.         0.         0.         0.
 0.         0.         0.         0.         0.         0.
 0.         0.         0.         0.         0.         0.
 0.         0.         0.         0.         0.         0.
 0.         0.         0.         0.         0.         0.
 0.         0.         0.         0.         0.         0.
 0.         0.         0.         0.         0.         0.
 0.         0.         0.         0.         0.         0.
 0.         0.         0.         0.         0.27105289 1.
 0.26523524 0.26473175 0.22740525 0.         0.         0.
 0.         0.         0.03679369 0.         0.17520858]",Z3,0.9923269748687744,unsat,"['Z3', 'BOOLECTOR', 'YICES', 'MathSAT', 'Bitwuzla', 'CVC4']",[0.9869508743286133]
./tmp/QF_AUFBV/com.galois.ecc.P384ECC64.sq_inner22.short.smt2,"[ 0.          0.17427559  1.          0.          0.          0.
  0.          0.09750693  0.          0.          0.          0.
  0.          0.          1.          0.          0.          0.
  0.          0.          0.          0.          0.          0.
  0.          0.          0.          0.          0.          0.
  0.          0.97777778  1.          0.          0.          0.
  0.          0.95652174  0.          0.06576981  1.1         0.0576671
  0.          0.          0.15045442  0.          0.0993228   0.02887139
  0.10819672  0.26250409 10.99999988  0.13902054  0.17679944  2.0397351
  0.03389831  0.05706874  0.          0.          0.07773852  0.02054155
  0.          0.          0.02142162  0.          0.          0.
  0.          0.          0.          0.          0.          0.
  0.          0.          0.          0.          2.44444444  4.88888888
  0.          0.          0.          0.          0.          0.
  3.38461538  0.          0.          0.          0.          0.
  0.          0.          0.          0.          0.          0.
  0.          0.          0.          0.          0.          0.
  0.          0.          0.          0.          0.          0.
  0.          0.          0.          0.          0.          0.
  0.          0.          0.          0.          0.          0.
  0.          0.          0.          0.          0.          0.
  0.          0.          0.          0.          0.          0.
  0.          0.          0.          0.          0.          0.
  0.          0.          0.          0.          0.          0.
  0.          0.          0.          0.          0.14933471  1.
  0.17230576  0.18863537  0.12753623  0.          0.          0.
  0.          0.          0.02887139  0.          0.13033175]",Z3,0.09088706970214844,sat,"['Z3', 'YICES', 'MathSAT', 'BOOLECTOR', 'CVC4', 'Bitwuzla']",[0.08736896514892578]
./tmp/QF_AUFBV/com.galois.ecc.P384ECC64.ec_twin_mul_aux1.short.smt2,"[0.         2.81503842 1.         0.         0.         0.
 0.         3.16246566 0.         0.         0.         0.
 0.         0.         1.         0.         0.         0.
 0.         0.         0.         0.         0.         0.
 0.         0.         0.         0.         0.         0.
 0.         0.9787234  1.         0.         0.         0.
 0.         0.95833333 0.         2.80708661 1.09523809 2.66512167
 3.86609687 0.         3.15843813 0.         3.70265152 3.19661017
 1.74242424 1.3183359  0.         2.94628099 1.12362911 7.53006681
 2.85560054 0.95317033 1.95815296 0.38655462 0.         0.
 0.         0.         0.         0.         0.         0.
 0.         0.         0.         0.         0.         0.
 0.         0.         0.         0.         0.         0.
 0.         0.         0.         0.         0.         0.
 0.         0.         0.         0.         0.         0.
 0.         0.         0.         0.         0.         0.
 0.         0.         0.         0.         0.         0.
 0.         0.         0.         0.         0.         0.
 0.         0.         0.         0.         0.         0.
 0.         0.         0.         0.         0.         0.
 0.         0.         0.         0.         0.         0.
 0.         0.         0.         0.         0.         0.
 0.         0.         0.         0.         0.         0.
 0.         0.         0.         0.         0.         0.
 0.         0.         0.         0.         2.20680946 1.
 2.81783194 2.25072764 3.19433054 0.         0.         0.
 0.         0.         3.19661017 0.         3.38795716]",Z3,4.788321018218994,unsat,"['Z3', 'MathSAT', 'CVC4', 'BOOLECTOR', 'YICES', 'Bitwuzla']",[4.741339921951294]
./tmp/QF_AUFBV/opStructure_NPT_1.smt2,"[0.         0.00219519 1.         0.         0.         0.
 0.         0.00573271 0.         0.         0.         0.
 0.         0.         1.         0.         0.         0.
 0.         0.         0.         0.         0.         0.
 0.         0.         0.         0.         0.         0.
 0.         1.21212121 1.         0.         0.         0.
 0.37638376 0.         0.         0.         0.         0.02777778
 0.         0.         0.00372555 0.         0.         0.
 0.07250755 0.02954755 0.         0.01468339 0.04776119 0.
 0.         0.         0.         0.         1.20805369 0.375
 0.         0.         0.         0.17282765 0.         0.
 0.         0.         0.         0.         0.         0.
 0.         0.         0.         0.         0.         0.
 0.         0.         0.         0.         0.         0.
 0.         0.         0.         0.         0.         0.
 0.         0.         0.         0.         0.         0.
 0.         0.         0.         0.         0.         0.
 0.         0.         0.         0.         0.         0.
 0.         0.         0.         0.         0.         0.
 0.         0.         0.         0.         0.         0.
 0.         0.         0.         0.         0.         0.
 0.         0.         0.         0.         0.         0.
 0.         0.         0.         0.         0.         0.
 0.         0.         0.         0.         0.         0.
 0.         0.         0.         0.         0.04879845 1.
 0.00439762 0.05462537 0.00855462 0.         0.         0.
 0.         0.         0.         0.         0.        ]",Bitwuzla,60.00112986564636,timeout (30.0 s),"['MathSAT', 'Bitwuzla', 'Z3', 'YICES', 'BOOLECTOR', 'CVC4']","[30, 30]"
./tmp/QF_AUFBV/com.galois.ecc.P384ECC64.ec_twin_mul_aux12.short.smt2,"[0.         2.72593921 1.         0.         0.         0.
 0.         3.02131457 0.         0.         0.         0.
 0.         0.         1.         0.         0.         0.
 0.         0.         0.         0.         0.         0.
 0.         0.         0.         0.         0.         0.
 0.         0.97087379 1.         0.         0.         0.
 0.         1.         0.         2.71929825 1.13636364 2.593361
 3.59756098 0.         3.01815328 0.         3.46655791 3.05059524
 1.75561798 1.35371179 0.         2.83728814 1.16223909 6.16610738
 2.76110444 0.9948269  1.96143617 0.41322314 0.         0.
 0.         0.         0.         0.         0.         0.
 0.         0.         0.         0.         0.         0.
 0.         0.         0.         0.         0.         0.
 0.         0.         0.         0.         0.         0.
 0.         0.         0.         0.         0.         0.
 0.         0.         0.         0.         0.         0.
 0.         0.         0.         0.         0.         0.
 0.         0.         0.         0.         0.         0.
 0.         0.         0.         0.         0.         0.
 0.         0.         0.         0.         0.         0.
 0.         0.         0.         0.         0.         0.
 0.         0.         0.         0.         0.         0.
 0.         0.         0.         0.         0.         0.
 0.         0.         0.         0.         0.         0.
 0.         0.         0.         0.         2.18464234 1.
 2.72812602 2.22375822 3.04773083 0.         0.         0.
 0.         0.         3.05059524 0.         3.20975696]",Z3,5.750267028808594,unsat,"['Z3', 'YICES', 'MathSAT', 'BOOLECTOR', 'Bitwuzla', 'CVC4']",[5.69962215423584]
./tmp/QF_AUFBV/opStructure_O_32_32_2_2.smt2,"[0.00000000e+00 2.11864407e-03 9.99999999e-01 0.00000000e+00
 0.00000000e+00 0.00000000e+00 0.00000000e+00 5.45874449e-03
 0.00000000e+00 0.00000000e+00 0.00000000e+00 0.00000000e+00
 0.00000000e+00 0.00000000e+00 9.99999999e-01 0.00000000e+00
 0.00000000e+00 0.00000000e+00 0.00000000e+00 0.00000000e+00
 0.00000000e+00 0.00000000e+00 0.00000000e+00 0.00000000e+00
 0.00000000e+00 0.00000000e+00 0.00000000e+00 0.00000000e+00
 0.00000000e+00 0.00000000e+00 0.00000000e+00 1.20370370e+00
 9.99999999e-01 0.00000000e+00 0.00000000e+00 0.00000000e+00
 1.71842352e+01 0.00000000e+00 1.29999998e+01 0.00000000e+00
 0.00000000e+00 2.69430052e-02 0.00000000e+00 0.00000000e+00
 5.32205240e-03 0.00000000e+00 0.00000000e+00 0.00000000e+00
 7.28291317e-02 3.02413492e-02 0.00000000e+00 1.40940507e-02
 4.92424242e-02 0.00000000e+00 0.00000000e+00 1.43011638e+01
 1.23717472e+01 0.00000000e+00 1.66198547e+01 1.71627616e+01
 0.00000000e+00 0.00000000e+00 1.73164228e+01 1.72337326e+01
 0.00000000e+00 0.00000000e+00 0.00000000e+00 1.73333333e+01
 0.00000000e+00 0.00000000e+00 0.00000000e+00 0.00000000e+00
 0.00000000e+00 0.00000000e+00 0.00000000e+00 0.00000000e+00
 0.00000000e+00 0.00000000e+00 0.00000000e+00 0.00000000e+00
 0.00000000e+00 0.00000000e+00 0.00000000e+00 0.00000000e+00
 0.00000000e+00 0.00000000e+00 0.00000000e+00 0.00000000e+00
 0.00000000e+00 0.00000000e+00 0.00000000e+00 0.00000000e+00
 0.00000000e+00 0.00000000e+00 0.00000000e+00 0.00000000e+00
 0.00000000e+00 0.00000000e+00 0.00000000e+00 0.00000000e+00
 0.00000000e+00 0.00000000e+00 0.00000000e+00 0.00000000e+00
 0.00000000e+00 0.00000000e+00 0.00000000e+00 0.00000000e+00
 0.00000000e+00 0.00000000e+00 0.00000000e+00 0.00000000e+00
 0.00000000e+00 0.00000000e+00 0.00000000e+00 0.00000000e+00
 0.00000000e+00 0.00000000e+00 0.00000000e+00 0.00000000e+00
 0.00000000e+00 0.00000000e+00 0.00000000e+00 0.00000000e+00
 0.00000000e+00 0.00000000e+00 0.00000000e+00 0.00000000e+00
 0.00000000e+00 0.00000000e+00 0.00000000e+00 0.00000000e+00
 0.00000000e+00 0.00000000e+00 0.00000000e+00 0.00000000e+00
 0.00000000e+00 0.00000000e+00 0.00000000e+00 0.00000000e+00
 0.00000000e+00 0.00000000e+00 0.00000000e+00 0.00000000e+00
 0.00000000e+00 0.00000000e+00 0.00000000e+00 0.00000000e+00
 5.87677227e+00 1.00000000e+00 4.24351232e-03 7.00943560e+00
 8.13516896e-03 0.00000000e+00 0.00000000e+00 0.00000000e+00
 0.00000000e+00 0.00000000e+00 0.00000000e+00 0.00000000e+00
 0.00000000e+00]",CVC4,60.047855854034424,timeout (30.0 s),"['Z3', 'CVC4', 'YICES', 'MathSAT', 'BOOLECTOR', 'Bitwuzla']","[30, 30]"
./tmp/QF_AUFBV/com.galois.ecc.P384ECC64.ec_mul_aux2.short.smt2,"[ 0.          6.02487814  1.          0.          0.          0.
  0.          7.06804092  0.          0.          0.          0.
  0.          0.          1.          0.          0.          0.
  0.          0.          0.          0.          0.          0.
  0.          0.          0.          0.          0.          0.
  0.          0.96428571  1.          0.          0.          0.
  0.          1.03846154  0.          2.6743941   1.17391304  3.16193962
  2.56291391  0.          7.51543651  0.         16.92021924  2.80082988
  1.39840637  0.9542777   0.          7.93646541  1.26714801  5.31266846
  2.76400862  1.20543962  0.79161028 10.74626866  0.          0.
  0.          0.          0.03507632  0.42584037  9.77142857  0.
  0.          0.          0.          0.          0.          0.
  0.          0.          0.          0.         24.8108108   0.
  0.          0.          3.66331658  0.          0.          0.
  0.          0.          0.          0.          0.          0.
  0.          0.          0.          0.          0.          0.
  0.          0.          0.          0.          0.          0.
  0.          0.          0.          0.          0.          0.
  0.          0.          0.          0.          0.          0.
  0.          0.          0.          0.          0.          0.
  0.          0.          0.          0.          0.          0.
  0.          0.          0.          0.          0.          0.
  0.          0.          0.          0.          0.          0.
  0.          0.          0.          0.          0.          0.
  0.          0.          0.          0.          4.58787673  1.
  6.03042211  3.74308336  8.67314431  0.          0.          0.
  0.          0.          2.80082988  0.          9.30540166]",YICES,0.25992488861083984,unsat,"['YICES', 'BOOLECTOR', 'Z3', 'Bitwuzla', 'MathSAT', 'CVC4']",[0.13610291481018066]
./tmp/QF_AUFBV/opStructure_MBA_7.smt2,"[0.00000000e+00 1.77237625e-03 9.99999999e-01 0.00000000e+00
 0.00000000e+00 0.00000000e+00 0.00000000e+00 1.51808535e-02
 0.00000000e+00 0.00000000e+00 0.00000000e+00 0.00000000e+00
 0.00000000e+00 0.00000000e+00 9.99999999e-01 0.00000000e+00
 0.00000000e+00 0.00000000e+00 0.00000000e+00 0.00000000e+00
 0.00000000e+00 0.00000000e+00 0.00000000e+00 0.00000000e+00
 0.00000000e+00 0.00000000e+00 0.00000000e+00 0.00000000e+00
 0.00000000e+00 0.00000000e+00 0.00000000e+00 1.19658120e+00
 9.99999999e-01 0.00000000e+00 0.00000000e+00 0.00000000e+00
 9.60099751e-02 0.00000000e+00 9.33333325e+00 0.00000000e+00
 0.00000000e+00 0.00000000e+00 0.00000000e+00 0.00000000e+00
 2.75712668e-03 0.00000000e+00 0.00000000e+00 0.00000000e+00
 2.57894737e-01 1.09527801e-01 0.00000000e+00 3.74581940e-02
 1.75784753e-01 0.00000000e+00 0.00000000e+00 1.91452991e-02
 2.52365931e-02 0.00000000e+00 2.74905615e+01 2.42971287e+01
 0.00000000e+00 0.00000000e+00 3.76802307e-01 0.00000000e+00
 0.00000000e+00 0.00000000e+00 0.00000000e+00 9.08500973e-02
 0.00000000e+00 0.00000000e+00 2.77671078e+01 0.00000000e+00
 0.00000000e+00 0.00000000e+00 0.00000000e+00 0.00000000e+00
 0.00000000e+00 0.00000000e+00 0.00000000e+00 0.00000000e+00
 0.00000000e+00 0.00000000e+00 0.00000000e+00 0.00000000e+00
 0.00000000e+00 0.00000000e+00 0.00000000e+00 0.00000000e+00
 0.00000000e+00 0.00000000e+00 0.00000000e+00 0.00000000e+00
 0.00000000e+00 0.00000000e+00 0.00000000e+00 0.00000000e+00
 0.00000000e+00 0.00000000e+00 0.00000000e+00 0.00000000e+00
 0.00000000e+00 0.00000000e+00 0.00000000e+00 0.00000000e+00
 0.00000000e+00 0.00000000e+00 0.00000000e+00 0.00000000e+00
 0.00000000e+00 0.00000000e+00 0.00000000e+00 0.00000000e+00
 0.00000000e+00 0.00000000e+00 0.00000000e+00 0.00000000e+00
 0.00000000e+00 0.00000000e+00 0.00000000e+00 0.00000000e+00
 0.00000000e+00 0.00000000e+00 0.00000000e+00 0.00000000e+00
 0.00000000e+00 0.00000000e+00 0.00000000e+00 0.00000000e+00
 0.00000000e+00 0.00000000e+00 0.00000000e+00 0.00000000e+00
 0.00000000e+00 0.00000000e+00 0.00000000e+00 2.79999992e+01
 0.00000000e+00 0.00000000e+00 0.00000000e+00 0.00000000e+00
 0.00000000e+00 0.00000000e+00 0.00000000e+00 0.00000000e+00
 0.00000000e+00 0.00000000e+00 0.00000000e+00 0.00000000e+00
 1.27586239e+01 1.00000000e+00 1.77451043e-03 1.77692426e+01
 2.07979626e-02 0.00000000e+00 0.00000000e+00 0.00000000e+00
 0.00000000e+00 0.00000000e+00 0.00000000e+00 0.00000000e+00
 0.00000000e+00]",Z3,32.16740298271179,sat,"['BOOLECTOR', 'Z3', 'CVC4', 'MathSAT', 'YICES', 'Bitwuzla']","[30, 1.9897210597991943]"
./tmp/QF_AUFBV/com.galois.ecc.P384ECC64.ec_mul_aux3.short.smt2,"[ 0.          5.29032759  1.          0.          0.          0.
  0.          6.01399718  0.          0.          0.          0.
  0.          0.          1.          0.          0.          0.
  0.          0.          0.          0.          0.          0.
  0.          0.          0.          0.          0.          0.
  0.          0.95867769  1.          0.          0.          0.
  0.          1.07407407  0.          2.61361457  1.20833333  3.04013104
  2.5141129   0.          6.31401171  0.         11.17222014  2.72556391
  1.4155194   0.98623482  0.          6.58107409  1.29220223  4.76801802
  2.69305963  1.23858616  0.82530648  8.25622776  0.          0.
  0.          0.          0.03712     0.45028231  7.7062937   0.
  0.          0.          0.          0.          0.          0.
  0.          0.          0.          0.         13.88732394  0.
  0.          0.          3.46460177  0.          0.          0.
  0.          0.          0.          0.          0.          0.
  0.          0.          0.          0.          0.          0.
  0.          0.          0.          0.          0.          0.
  0.          0.          0.          0.          0.          0.
  0.          0.          0.          0.          0.          0.
  0.          0.          0.          0.          0.          0.
  0.          0.          0.          0.          0.          0.
  0.          0.          0.          0.          0.          0.
  0.          0.          0.          0.          0.          0.
  0.          0.          0.          0.          0.          0.
  0.          0.          0.          0.          2.45523471  1.
  5.29430658  1.39814974  7.04675074  0.          0.          0.
  0.          0.          2.72556391  0.          7.43296137]",YICES,0.3396728038787842,unsat,"['YICES', 'Z3', 'MathSAT', 'Bitwuzla', 'BOOLECTOR', 'CVC4']",[0.20838189125061035]
./tmp/QF_AUFBV/opStructure_O_16_32_2_2.smt2,"[0.00000000e+00 1.55247361e-03 9.99999999e-01 0.00000000e+00
 0.00000000e+00 0.00000000e+00 0.00000000e+00 3.68301516e-03
 0.00000000e+00 0.00000000e+00 0.00000000e+00 0.00000000e+00
 0.00000000e+00 0.00000000e+00 9.99999999e-01 0.00000000e+00
 0.00000000e+00 0.00000000e+00 0.00000000e+00 0.00000000e+00
 0.00000000e+00 0.00000000e+00 0.00000000e+00 0.00000000e+00
 0.00000000e+00 0.00000000e+00 0.00000000e+00 0.00000000e+00
 0.00000000e+00 0.00000000e+00 0.00000000e+00 1.19047619e+00
 9.99999999e-01 0.00000000e+00 0.00000000e+00 0.00000000e+00
 7.60297882e+00 0.00000000e+00 7.49999994e+00 0.00000000e+00
 0.00000000e+00 2.45499182e-02 0.00000000e+00 0.00000000e+00
 3.46593754e-03 0.00000000e+00 0.00000000e+00 0.00000000e+00
 7.49063670e-02 3.23537342e-02 0.00000000e+00 8.86197474e-03
 5.13259196e-02 0.00000000e+00 0.00000000e+00 6.02589251e+00
 5.49356223e+00 0.00000000e+00 1.78669177e-01 1.29161066e+00
 0.00000000e+00 0.00000000e+00 7.40419378e+00 7.29075151e+00
 0.00000000e+00 0.00000000e+00 0.00000000e+00 7.48173405e+00
 0.00000000e+00 0.00000000e+00 0.00000000e+00 0.00000000e+00
 0.00000000e+00 0.00000000e+00 0.00000000e+00 0.00000000e+00
 0.00000000e+00 0.00000000e+00 0.00000000e+00 0.00000000e+00
 0.00000000e+00 0.00000000e+00 0.00000000e+00 0.00000000e+00
 0.00000000e+00 0.00000000e+00 0.00000000e+00 0.00000000e+00
 0.00000000e+00 0.00000000e+00 0.00000000e+00 0.00000000e+00
 0.00000000e+00 0.00000000e+00 0.00000000e+00 0.00000000e+00
 0.00000000e+00 0.00000000e+00 0.00000000e+00 0.00000000e+00
 0.00000000e+00 0.00000000e+00 0.00000000e+00 0.00000000e+00
 0.00000000e+00 0.00000000e+00 0.00000000e+00 0.00000000e+00
 0.00000000e+00 0.00000000e+00 0.00000000e+00 0.00000000e+00
 0.00000000e+00 0.00000000e+00 0.00000000e+00 0.00000000e+00
 0.00000000e+00 0.00000000e+00 0.00000000e+00 0.00000000e+00
 0.00000000e+00 0.00000000e+00 0.00000000e+00 0.00000000e+00
 0.00000000e+00 0.00000000e+00 0.00000000e+00 0.00000000e+00
 0.00000000e+00 0.00000000e+00 0.00000000e+00 0.00000000e+00
 0.00000000e+00 0.00000000e+00 0.00000000e+00 0.00000000e+00
 0.00000000e+00 0.00000000e+00 0.00000000e+00 0.00000000e+00
 0.00000000e+00 0.00000000e+00 0.00000000e+00 0.00000000e+00
 0.00000000e+00 0.00000000e+00 0.00000000e+00 0.00000000e+00
 1.35541548e+00 1.00000000e+00 3.10800311e-03 1.17346402e+00
 4.81889005e-03 0.00000000e+00 0.00000000e+00 0.00000000e+00
 0.00000000e+00 0.00000000e+00 0.00000000e+00 0.00000000e+00
 0.00000000e+00]",YICES,60.01974582672119,timeout (30.0 s),"['MathSAT', 'YICES', 'BOOLECTOR', 'Z3', 'Bitwuzla', 'CVC4']","[30, 30]"
./tmp/QF_AUFBV/com.galois.ecc.P384ECC64.ec_full_add2.short.smt2,"[0.         0.53755403 1.         0.         0.         0.
 0.         0.41676255 0.         0.         0.         0.
 0.         0.         1.         0.         0.         0.
 0.         0.         0.         0.         0.         0.
 0.         0.         0.         0.         0.         0.
 0.         0.95384615 1.         0.         0.         0.
 0.         1.10714286 0.         0.52591894 1.24       0.45
 0.61264822 0.         0.48995603 0.         0.18459248 0.53180259
 0.86529126 1.11203535 0.         0.42004808 1.05041322 0.20805369
 0.50673077 0.07279843 0.16542156 0.         0.         0.
 0.         0.         0.         0.         0.         0.
 0.         0.         0.         0.         0.         0.
 0.         0.         0.         0.         0.         0.
 0.         0.         0.         0.         0.         0.
 0.         0.         0.         0.         0.         0.
 0.         0.         0.         0.         0.         0.
 0.         0.         0.         0.         0.         0.
 0.         0.         0.         0.         0.         0.
 0.         0.         0.         0.         0.         0.
 0.         0.         0.         0.         0.         0.
 0.         0.         0.         0.         0.         0.
 0.         0.         0.         0.         0.         0.
 0.         0.         0.         0.         0.         0.
 0.         0.         0.         0.         0.         0.
 0.         0.         0.         0.         0.2341747  1.
 0.53652329 0.15179635 0.37630911 0.         0.         0.
 0.         0.         0.53180259 0.         0.34210526]",Z3,0.06889748573303223,unsat,"['Z3', 'MathSAT', 'YICES', 'Bitwuzla', 'CVC4', 'BOOLECTOR']",[0.05696988105773926]
./tmp/QF_AUFBV/com.galois.ecc.P384ECC64.ec_mul_aux4.short.smt2,"[ 0.          4.86416559  1.          0.          0.          0.
  0.          5.43441758  0.          0.          0.          0.
  0.          0.          1.          0.          0.          0.
  0.          0.          0.          0.          0.          0.
  0.          0.          0.          0.          0.          0.
  0.          0.95522388  1.          0.          0.          0.
  0.          1.10344827  0.          2.604329    1.23076923  2.99415205
  2.50637523  0.          5.64647127  0.          8.86114101  2.70596763
  1.44611819  1.01485024  0.          5.85177689  1.318542    4.49230769
  2.6784141   1.05374716  0.7232267   7.09141274  0.          0.
  0.          0.          0.03082109  0.37174372  6.71823204  0.
  0.          0.          0.          0.          0.          0.
  0.          0.          0.          0.         10.36190476  0.
  0.          0.          3.41501976  0.          0.          0.
  0.          0.          0.          0.          0.          0.
  0.          0.          0.          0.          0.          0.
  0.          0.          0.          0.          0.          0.
  0.          0.          0.          0.          0.          0.
  0.          0.          0.          0.          0.          0.
  0.          0.          0.          0.          0.          0.
  0.          0.          0.          0.          0.          0.
  0.          0.          0.          0.          0.          0.
  0.          0.          0.          0.          0.          0.
  0.          0.          0.          0.          0.          0.
  0.          0.          0.          0.          2.37661     1.
  4.86719323  1.41017208  6.19361443  0.          0.          0.
  0.          0.          2.70596763  0.          6.47108222]",Z3,0.43135976791381836,unsat,"['Z3', 'YICES', 'MathSAT', 'Bitwuzla', 'BOOLECTOR', 'CVC4']",[0.2886369228363037]
./tmp/QF_AUFBV/opStructure_O_16_24_2_2.smt2,"[0.00000000e+00 1.42296581e-03 9.99999999e-01 0.00000000e+00
 0.00000000e+00 0.00000000e+00 0.00000000e+00 3.31774996e-03
 0.00000000e+00 0.00000000e+00 0.00000000e+00 0.00000000e+00
 0.00000000e+00 0.00000000e+00 9.99999999e-01 0.00000000e+00
 0.00000000e+00 0.00000000e+00 0.00000000e+00 0.00000000e+00
 0.00000000e+00 0.00000000e+00 0.00000000e+00 0.00000000e+00
 0.00000000e+00 0.00000000e+00 0.00000000e+00 0.00000000e+00
 0.00000000e+00 0.00000000e+00 0.00000000e+00 1.18705036e+00
 9.99999999e-01 0.00000000e+00 0.00000000e+00 0.00000000e+00
 5.27199844e+00 0.00000000e+00 6.59999996e+00 0.00000000e+00
 0.00000000e+00 2.41051863e-02 0.00000000e+00 0.00000000e+00
 3.08988764e-03 0.00000000e+00 0.00000000e+00 0.00000000e+00
 7.63005780e-02 3.31908474e-02 0.00000000e+00 7.85574005e-03
 5.22151899e-02 0.00000000e+00 0.00000000e+00 4.18770654e+00
 3.88711656e+00 0.00000000e+00 1.46746594e-01 1.03255333e+00
 0.00000000e+00 0.00000000e+00 5.15017273e+00 5.03679030e+00
 0.00000000e+00 0.00000000e+00 0.00000000e+00 5.19983586e+00
 0.00000000e+00 0.00000000e+00 0.00000000e+00 0.00000000e+00
 0.00000000e+00 0.00000000e+00 0.00000000e+00 0.00000000e+00
 0.00000000e+00 0.00000000e+00 0.00000000e+00 0.00000000e+00
 0.00000000e+00 0.00000000e+00 0.00000000e+00 0.00000000e+00
 0.00000000e+00 0.00000000e+00 0.00000000e+00 0.00000000e+00
 0.00000000e+00 0.00000000e+00 0.00000000e+00 0.00000000e+00
 0.00000000e+00 0.00000000e+00 0.00000000e+00 0.00000000e+00
 0.00000000e+00 0.00000000e+00 0.00000000e+00 0.00000000e+00
 0.00000000e+00 0.00000000e+00 0.00000000e+00 0.00000000e+00
 0.00000000e+00 0.00000000e+00 0.00000000e+00 0.00000000e+00
 0.00000000e+00 0.00000000e+00 0.00000000e+00 0.00000000e+00
 0.00000000e+00 0.00000000e+00 0.00000000e+00 0.00000000e+00
 0.00000000e+00 0.00000000e+00 0.00000000e+00 0.00000000e+00
 0.00000000e+00 0.00000000e+00 0.00000000e+00 0.00000000e+00
 0.00000000e+00 0.00000000e+00 0.00000000e+00 0.00000000e+00
 0.00000000e+00 0.00000000e+00 0.00000000e+00 0.00000000e+00
 0.00000000e+00 0.00000000e+00 0.00000000e+00 0.00000000e+00
 0.00000000e+00 0.00000000e+00 0.00000000e+00 0.00000000e+00
 0.00000000e+00 0.00000000e+00 0.00000000e+00 0.00000000e+00
 0.00000000e+00 0.00000000e+00 0.00000000e+00 0.00000000e+00
 9.97639667e-01 1.00000000e+00 2.84838807e-03 8.97028546e-01
 4.22237861e-03 0.00000000e+00 0.00000000e+00 0.00000000e+00
 0.00000000e+00 0.00000000e+00 0.00000000e+00 0.00000000e+00
 0.00000000e+00]",MathSAT,60.01640510559082,timeout (30.0 s),"['Z3', 'MathSAT', 'Bitwuzla', 'BOOLECTOR', 'YICES', 'CVC4']","[30, 30]"
./tmp/QF_AUFBV/com.galois.ecc.P384ECC64.ec_full_sub1.short.smt2,"[0.         0.17647563 1.         0.         0.         0.
 0.         0.09714286 0.         0.         0.         0.
 0.         0.         1.         0.         0.         0.
 0.         0.         0.         0.         0.         0.
 0.         0.         0.         0.         0.         0.
 0.         0.95104895 1.         0.         0.         0.
 0.         2.19354838 0.         0.05877269 1.25925926 0.02481752
 0.04123711 0.         0.13634244 0.         0.02742673 0.03282645
 0.6553288  0.78506509 0.         0.14506667 0.94153846 0.1302682
 0.02992958 0.00374491 0.01042625 0.09392265 0.         0.
 0.         0.         0.         0.         0.         0.
 0.         0.         0.         0.         0.01284958 0.
 0.         0.         0.         0.         0.         0.
 0.         0.         0.         0.         0.         0.
 0.         0.         0.         0.         0.         0.
 0.         0.         0.         0.         0.         0.
 0.         0.         0.         0.         0.         0.
 0.         0.         0.         0.         0.         0.
 0.         0.         0.         0.         0.         0.
 0.         0.         0.         0.         0.         0.
 0.         0.         0.         0.         0.         0.
 0.         0.         0.         0.         0.         0.
 0.         0.         0.         0.         0.         0.
 0.         0.         0.         0.         0.         0.
 0.         0.         0.         0.         0.09744898 1.
 0.17517496 0.0676595  0.11273353 0.         0.         0.
 0.         0.         0.03282645 0.         0.08039997]",BOOLECTOR,0.39640307426452637,unsat,"['BOOLECTOR', 'YICES', 'Z3', 'MathSAT', 'Bitwuzla', 'CVC4']",[0.39084911346435547]
./tmp/QF_AUFBV/com.galois.ecc.P384ECC64.mul_inner3.short.smt2,"[0.00000000e+00 2.01518318e-01 9.99999999e-01 0.00000000e+00
 0.00000000e+00 0.00000000e+00 0.00000000e+00 1.48490142e-01
 0.00000000e+00 0.00000000e+00 0.00000000e+00 0.00000000e+00
 0.00000000e+00 0.00000000e+00 9.99999999e-01 0.00000000e+00
 0.00000000e+00 0.00000000e+00 0.00000000e+00 0.00000000e+00
 0.00000000e+00 0.00000000e+00 0.00000000e+00 0.00000000e+00
 0.00000000e+00 0.00000000e+00 0.00000000e+00 0.00000000e+00
 0.00000000e+00 0.00000000e+00 0.00000000e+00 9.52380952e-01
 9.99999999e-01 0.00000000e+00 0.00000000e+00 0.00000000e+00
 0.00000000e+00 1.09375000e+00 0.00000000e+00 1.80567498e-01
 1.25000000e+00 2.53623188e-01 1.47946860e-01 0.00000000e+00
 1.54896014e-01 0.00000000e+00 6.57541600e-02 1.84873950e-01
 1.58013544e-01 3.44764684e-01 1.74999998e+01 1.50755251e-01
 2.05200102e-01 9.77653631e-01 1.53374233e-01 5.00439947e-02
 3.75248890e-02 0.00000000e+00 1.52581904e-03 1.34037990e-03
 0.00000000e+00 0.00000000e+00 0.00000000e+00 0.00000000e+00
 0.00000000e+00 0.00000000e+00 0.00000000e+00 0.00000000e+00
 0.00000000e+00 0.00000000e+00 0.00000000e+00 0.00000000e+00
 0.00000000e+00 0.00000000e+00 0.00000000e+00 0.00000000e+00
 0.00000000e+00 8.74999997e+00 0.00000000e+00 0.00000000e+00
 0.00000000e+00 0.00000000e+00 0.00000000e+00 0.00000000e+00
 1.22500000e+01 0.00000000e+00 0.00000000e+00 0.00000000e+00
 0.00000000e+00 0.00000000e+00 0.00000000e+00 0.00000000e+00
 0.00000000e+00 0.00000000e+00 0.00000000e+00 0.00000000e+00
 0.00000000e+00 0.00000000e+00 0.00000000e+00 0.00000000e+00
 0.00000000e+00 0.00000000e+00 0.00000000e+00 0.00000000e+00
 0.00000000e+00 0.00000000e+00 0.00000000e+00 0.00000000e+00
 0.00000000e+00 0.00000000e+00 0.00000000e+00 0.00000000e+00
 0.00000000e+00 0.00000000e+00 0.00000000e+00 0.00000000e+00
 0.00000000e+00 0.00000000e+00 0.00000000e+00 0.00000000e+00
 0.00000000e+00 0.00000000e+00 0.00000000e+00 0.00000000e+00
 0.00000000e+00 0.00000000e+00 0.00000000e+00 0.00000000e+00
 0.00000000e+00 0.00000000e+00 0.00000000e+00 0.00000000e+00
 0.00000000e+00 0.00000000e+00 0.00000000e+00 0.00000000e+00
 0.00000000e+00 0.00000000e+00 0.00000000e+00 0.00000000e+00
 0.00000000e+00 0.00000000e+00 0.00000000e+00 0.00000000e+00
 0.00000000e+00 0.00000000e+00 0.00000000e+00 0.00000000e+00
 8.95654030e-02 1.00000000e+00 2.00213447e-01 7.32214192e-02
 1.37821531e-01 0.00000000e+00 0.00000000e+00 0.00000000e+00
 0.00000000e+00 0.00000000e+00 1.84873950e-01 0.00000000e+00
 1.36617538e-01]",Z3,0.0907130241394043,sat,"['Z3', 'CVC4', 'YICES', 'MathSAT', 'BOOLECTOR', 'Bitwuzla']",[0.08489203453063965]
./tmp/QF_AUFBV/com.galois.ecc.P384ECC64.mod_div10.short.smt2,"[0.         0.19849854 1.         0.         0.         0.
 0.         0.15921288 0.         0.         0.         0.
 0.         0.         1.         0.         0.         0.
 0.         0.         0.         0.         0.         0.
 0.         0.         0.         0.         0.         0.
 0.         0.95364238 1.         0.         0.         0.
 0.         1.09090909 0.         0.09262436 1.24137931 0.05209841
 0.10836845 0.         0.15751525 0.         0.04342581 0.07762338
 0.56       1.78106577 0.         0.21956369 2.87898687 0.
 0.06299213 0.01187466 0.02754821 0.         0.         0.
 0.         0.         0.         0.01073559 0.         0.
 0.         0.         0.         0.         0.0136003  0.
 0.         0.         0.         0.         0.         0.
 0.         0.         0.14173228 0.         0.         0.
 0.         0.         0.         0.         0.         0.
 0.         0.         0.         0.         0.         0.
 0.         0.         0.         0.         0.         0.
 0.         0.         0.         0.         0.         0.
 0.         0.         0.         0.         0.         0.
 0.         0.         0.         0.         0.         0.
 0.         0.         0.         0.         0.         0.
 0.         0.         0.         0.         0.         0.
 0.         0.         0.         0.         0.         0.
 0.         0.         0.         0.         0.         0.
 0.         0.         0.         0.         0.18199904 1.
 0.19716396 0.07499067 0.17519909 0.         0.         0.
 0.         0.         0.07762338 0.         0.15199035]",CVC4,0.15487408638000488,unsat,"['CVC4', 'Z3', 'BOOLECTOR', 'YICES', 'MathSAT', 'Bitwuzla']",[0.14833712577819824]
./tmp/QF_AUFBV/opStructure_MBA_6.smt2,"[3.69999986e+01 1.56925948e-03 9.99999999e-01 0.00000000e+00
 0.00000000e+00 0.00000000e+00 0.00000000e+00 1.28657295e-02
 0.00000000e+00 0.00000000e+00 0.00000000e+00 0.00000000e+00
 0.00000000e+00 0.00000000e+00 9.99999999e-01 0.00000000e+00
 0.00000000e+00 0.00000000e+00 0.00000000e+00 0.00000000e+00
 0.00000000e+00 0.00000000e+00 0.00000000e+00 0.00000000e+00
 0.00000000e+00 0.00000000e+00 0.00000000e+00 0.00000000e+00
 0.00000000e+00 0.00000000e+00 0.00000000e+00 1.18589744e+00
 9.99999999e-01 0.00000000e+00 0.00000000e+00 0.00000000e+00
 7.22092116e-02 0.00000000e+00 0.00000000e+00 0.00000000e+00
 0.00000000e+00 0.00000000e+00 0.00000000e+00 0.00000000e+00
 1.14004006e-03 0.00000000e+00 0.00000000e+00 0.00000000e+00
 2.85556781e-01 1.19368591e-01 0.00000000e+00 3.03527482e-02
 1.81330222e-01 0.00000000e+00 0.00000000e+00 1.62655237e-02
 1.69802662e-02 0.00000000e+00 8.50927340e+00 9.22367248e+00
 0.00000000e+00 0.00000000e+00 8.25223033e-02 0.00000000e+00
 0.00000000e+00 0.00000000e+00 0.00000000e+00 7.57575758e-02
 0.00000000e+00 0.00000000e+00 1.50872581e+01 0.00000000e+00
 0.00000000e+00 0.00000000e+00 0.00000000e+00 0.00000000e+00
 0.00000000e+00 0.00000000e+00 0.00000000e+00 0.00000000e+00
 0.00000000e+00 0.00000000e+00 0.00000000e+00 0.00000000e+00
 0.00000000e+00 0.00000000e+00 0.00000000e+00 0.00000000e+00
 0.00000000e+00 0.00000000e+00 0.00000000e+00 0.00000000e+00
 0.00000000e+00 0.00000000e+00 0.00000000e+00 0.00000000e+00
 0.00000000e+00 0.00000000e+00 0.00000000e+00 0.00000000e+00
 0.00000000e+00 0.00000000e+00 0.00000000e+00 0.00000000e+00
 0.00000000e+00 0.00000000e+00 0.00000000e+00 0.00000000e+00
 0.00000000e+00 0.00000000e+00 0.00000000e+00 0.00000000e+00
 0.00000000e+00 0.00000000e+00 0.00000000e+00 0.00000000e+00
 0.00000000e+00 0.00000000e+00 0.00000000e+00 0.00000000e+00
 0.00000000e+00 0.00000000e+00 0.00000000e+00 0.00000000e+00
 0.00000000e+00 0.00000000e+00 0.00000000e+00 0.00000000e+00
 0.00000000e+00 0.00000000e+00 0.00000000e+00 0.00000000e+00
 0.00000000e+00 0.00000000e+00 0.00000000e+00 1.84999997e+01
 0.00000000e+00 0.00000000e+00 0.00000000e+00 0.00000000e+00
 0.00000000e+00 0.00000000e+00 0.00000000e+00 0.00000000e+00
 0.00000000e+00 0.00000000e+00 0.00000000e+00 0.00000000e+00
 4.07305237e+00 1.00000000e+00 1.57079176e-03 5.75916774e+00
 1.63623729e-02 0.00000000e+00 0.00000000e+00 0.00000000e+00
 0.00000000e+00 0.00000000e+00 0.00000000e+00 0.00000000e+00
 0.00000000e+00]",Z3,31.153500080108643,sat,"['CVC4', 'Z3', 'MathSAT', 'YICES', 'Bitwuzla', 'BOOLECTOR']","[30, 1.0855309963226318]"
./tmp/QF_AUFBV/com.galois.ecc.P384ECC64.sq_inner13.short.smt2,"[0.00000000e+00 4.82887157e-02 9.99999999e-01 0.00000000e+00
 0.00000000e+00 0.00000000e+00 0.00000000e+00 4.52493178e-02
 0.00000000e+00 0.00000000e+00 0.00000000e+00 0.00000000e+00
 0.00000000e+00 0.00000000e+00 9.99999999e-01 0.00000000e+00
 0.00000000e+00 0.00000000e+00 0.00000000e+00 0.00000000e+00
 0.00000000e+00 0.00000000e+00 0.00000000e+00 0.00000000e+00
 0.00000000e+00 0.00000000e+00 0.00000000e+00 0.00000000e+00
 0.00000000e+00 0.00000000e+00 0.00000000e+00 9.50000000e-01
 9.99999999e-01 0.00000000e+00 0.00000000e+00 0.00000000e+00
 0.00000000e+00 1.11764706e+00 0.00000000e+00 6.50684931e-02
 1.26666667e+00 5.49132948e-02 0.00000000e+00 0.00000000e+00
 3.50931199e-02 0.00000000e+00 2.03616879e-02 2.72923151e-02
 4.18502203e-02 1.43939394e-01 0.00000000e+00 5.55848107e-02
 2.02878366e-01 7.06319703e-02 3.32167832e-02 1.25247198e-02
 0.00000000e+00 1.04683196e-01 3.18901636e-04 0.00000000e+00
 0.00000000e+00 0.00000000e+00 7.70322319e-03 3.77696054e-03
 0.00000000e+00 0.00000000e+00 0.00000000e+00 0.00000000e+00
 0.00000000e+00 0.00000000e+00 0.00000000e+00 0.00000000e+00
 0.00000000e+00 0.00000000e+00 0.00000000e+00 0.00000000e+00
 2.39747634e-01 2.92307691e+00 0.00000000e+00 0.00000000e+00
 0.00000000e+00 0.00000000e+00 0.00000000e+00 0.00000000e+00
 3.45454545e+00 0.00000000e+00 0.00000000e+00 0.00000000e+00
 0.00000000e+00 0.00000000e+00 0.00000000e+00 0.00000000e+00
 0.00000000e+00 0.00000000e+00 0.00000000e+00 0.00000000e+00
 0.00000000e+00 0.00000000e+00 0.00000000e+00 0.00000000e+00
 0.00000000e+00 0.00000000e+00 0.00000000e+00 0.00000000e+00
 0.00000000e+00 0.00000000e+00 0.00000000e+00 0.00000000e+00
 0.00000000e+00 0.00000000e+00 0.00000000e+00 0.00000000e+00
 0.00000000e+00 0.00000000e+00 0.00000000e+00 0.00000000e+00
 0.00000000e+00 0.00000000e+00 0.00000000e+00 0.00000000e+00
 0.00000000e+00 0.00000000e+00 0.00000000e+00 0.00000000e+00
 0.00000000e+00 0.00000000e+00 0.00000000e+00 0.00000000e+00
 0.00000000e+00 0.00000000e+00 0.00000000e+00 0.00000000e+00
 0.00000000e+00 0.00000000e+00 0.00000000e+00 0.00000000e+00
 0.00000000e+00 0.00000000e+00 0.00000000e+00 0.00000000e+00
 0.00000000e+00 0.00000000e+00 0.00000000e+00 0.00000000e+00
 0.00000000e+00 0.00000000e+00 0.00000000e+00 0.00000000e+00
 2.62352468e-02 1.00000000e+00 4.67265943e-02 2.57114193e-02
 4.79525522e-02 0.00000000e+00 0.00000000e+00 0.00000000e+00
 0.00000000e+00 0.00000000e+00 2.72923151e-02 0.00000000e+00
 4.83234054e-02]",Bitwuzla,0.06897401809692383,sat,"['Bitwuzla', 'Z3', 'MathSAT', 'BOOLECTOR', 'YICES', 'CVC4']",[0.06670093536376953]
./tmp/QF_AUFBV/opStructure_C_16_32_2_2.smt2,"[0.00000000e+00 1.65191241e-03 9.99999999e-01 0.00000000e+00
 0.00000000e+00 0.00000000e+00 0.00000000e+00 3.86962346e-03
 0.00000000e+00 0.00000000e+00 0.00000000e+00 0.00000000e+00
 0.00000000e+00 0.00000000e+00 9.99999999e-01 0.00000000e+00
 0.00000000e+00 0.00000000e+00 0.00000000e+00 0.00000000e+00
 0.00000000e+00 0.00000000e+00 0.00000000e+00 0.00000000e+00
 0.00000000e+00 0.00000000e+00 0.00000000e+00 0.00000000e+00
 0.00000000e+00 0.00000000e+00 0.00000000e+00 1.18181818e+00
 9.99999999e-01 0.00000000e+00 0.00000000e+00 0.00000000e+00
 1.75191053e+00 0.00000000e+00 6.49999996e+00 0.00000000e+00
 0.00000000e+00 5.62770563e-02 0.00000000e+00 0.00000000e+00
 4.80162517e-03 0.00000000e+00 0.00000000e+00 0.00000000e+00
 8.57142857e-02 3.57798165e-02 0.00000000e+00 9.12547529e-03
 5.42420028e-02 0.00000000e+00 0.00000000e+00 1.39639831e+00
 1.29211655e+00 0.00000000e+00 3.92357414e-02 2.67252948e-01
 0.00000000e+00 0.00000000e+00 1.75179090e+00 1.69097651e+00
 0.00000000e+00 0.00000000e+00 0.00000000e+00 1.71025842e+00
 0.00000000e+00 0.00000000e+00 0.00000000e+00 0.00000000e+00
 0.00000000e+00 0.00000000e+00 0.00000000e+00 0.00000000e+00
 0.00000000e+00 0.00000000e+00 0.00000000e+00 0.00000000e+00
 0.00000000e+00 0.00000000e+00 0.00000000e+00 0.00000000e+00
 0.00000000e+00 0.00000000e+00 0.00000000e+00 0.00000000e+00
 0.00000000e+00 0.00000000e+00 0.00000000e+00 0.00000000e+00
 0.00000000e+00 0.00000000e+00 0.00000000e+00 0.00000000e+00
 0.00000000e+00 0.00000000e+00 0.00000000e+00 0.00000000e+00
 0.00000000e+00 0.00000000e+00 0.00000000e+00 0.00000000e+00
 0.00000000e+00 0.00000000e+00 0.00000000e+00 0.00000000e+00
 0.00000000e+00 0.00000000e+00 0.00000000e+00 0.00000000e+00
 0.00000000e+00 0.00000000e+00 0.00000000e+00 0.00000000e+00
 0.00000000e+00 0.00000000e+00 0.00000000e+00 0.00000000e+00
 0.00000000e+00 0.00000000e+00 0.00000000e+00 0.00000000e+00
 0.00000000e+00 0.00000000e+00 0.00000000e+00 0.00000000e+00
 0.00000000e+00 0.00000000e+00 0.00000000e+00 0.00000000e+00
 0.00000000e+00 0.00000000e+00 0.00000000e+00 0.00000000e+00
 0.00000000e+00 0.00000000e+00 0.00000000e+00 0.00000000e+00
 0.00000000e+00 0.00000000e+00 0.00000000e+00 0.00000000e+00
 0.00000000e+00 0.00000000e+00 0.00000000e+00 0.00000000e+00
 3.08524149e-01 1.00000000e+00 4.96035952e-03 2.64051909e-01
 4.92082518e-03 0.00000000e+00 0.00000000e+00 0.00000000e+00
 0.00000000e+00 0.00000000e+00 0.00000000e+00 0.00000000e+00
 0.00000000e+00]",MathSAT,60.00545835494995,timeout (30.0 s),"['Bitwuzla', 'MathSAT', 'YICES', 'Z3', 'BOOLECTOR', 'CVC4']","[30, 30]"
./tmp/QF_AUFBV/com.galois.ecc.P384ECC64.mod_div14.short.smt2,"[0.         0.26591492 1.         0.         0.         0.
 0.         0.23083753 0.         0.         0.         0.
 0.         0.         1.         0.         0.         0.
 0.         0.         0.         0.         0.         0.
 0.         0.         0.         0.         0.         0.
 0.         0.94674556 1.         0.         0.         0.
 0.         1.14285714 0.         0.2044293  1.29032258 0.14378145
 0.14397121 0.         0.21430321 0.         0.06419687 0.15263534
 0.60606061 1.92555398 0.         0.29036005 3.01757394 0.0371402
 0.1740644  0.02963904 0.04137116 0.         0.         0.
 0.         0.         0.         0.01520768 0.         0.
 0.         0.         0.         0.         0.01341982 0.
 0.         0.         0.         0.         0.12578616 0.
 0.         0.         0.23483366 0.         0.         0.
 0.         0.         0.         0.         0.         0.
 0.         0.         0.         0.         0.         0.
 0.         0.         0.         0.         0.         0.
 0.         0.         0.         0.         0.         0.
 0.         0.         0.         0.         0.         0.
 0.         0.         0.         0.         0.         0.
 0.         0.         0.         0.         0.         0.
 0.         0.         0.         0.         0.         0.
 0.         0.         0.         0.         0.         0.
 0.         0.         0.         0.         0.         0.
 0.         0.         0.         0.         0.19754628 1.
 0.26448787 0.08217446 0.24578343 0.         0.         0.
 0.         0.         0.15263534 0.         0.22362729]",Z3,0.09172701835632324,unsat,"['Z3', 'YICES', 'CVC4', 'MathSAT', 'BOOLECTOR', 'Bitwuzla']",[0.08379888534545898]
