./tmp/QF_AUFBV/com.galois.ecc.P384ECC64.sq_inner22.short.smt2,"[0. 1. 1. 0. 0. 0. 0. 1. 0. 0. 0. 0. 0. 0. 1. 0. 0. 0. 0. 0. 0. 0. 0. 0.
 0. 0. 0. 0. 0. 0. 0. 1. 1. 0. 0. 0. 0. 1. 0. 1. 1. 1. 0. 0. 1. 0. 1. 1.
 1. 1. 1. 1. 1. 1. 1. 1. 0. 0. 1. 1. 0. 0. 1. 0. 0. 0. 0. 0. 0. 0. 0. 0.
 0. 0. 0. 0. 1. 1. 0. 0. 0. 0. 0. 0. 1. 0. 0. 0. 0. 0. 0. 0. 0. 0. 0. 0.
 0. 0. 0. 0. 0. 0. 0. 0. 0. 0. 0. 0. 0. 0. 0. 0. 0. 0. 0. 0. 0. 0. 0. 0.
 0. 0. 0. 0. 0. 0. 0. 0. 0. 0. 0. 0. 0. 0. 0. 0. 0. 0. 0. 0. 0. 0. 0. 0.
 0. 0. 0. 0. 1. 1. 1. 1. 1. 0. 0. 0. 0. 0. 1. 0. 1.]",YICES,0.15030860900878906,sat,"['YICES', 'CVC4', 'MathSAT', 'BOOLECTOR', 'Z3', 'Bitwuzla']",[0.1437978744506836]
./tmp/QF_AUFBV/com.galois.ecc.P384ECC64.ec_twin_mul_init1.short.smt2,"[0.         1.68       1.         0.         0.         0.
 0.         1.68       0.         0.         0.         0.
 0.         0.         1.         0.         0.         0.
 0.         0.         0.         0.         0.         0.
 0.         0.         0.         0.         0.         0.
 0.         1.         1.         0.         0.         0.
 0.         1.         0.         1.66666667 1.         1.6
 2.         0.         1.70485437 0.         1.61904762 1.83333333
 1.89830508 1.6964657  0.         1.69361702 1.65925926 0.44444444
 1.8        1.14285714 2.         2.         0.         0.
 0.         0.         0.         0.         0.         0.
 0.         0.         0.         0.         0.         0.
 0.         0.         0.         0.         0.         0.
 0.         0.         0.         0.         0.         0.
 0.         0.         0.         0.         0.         0.
 0.         0.         0.         0.         0.         0.
 0.         0.         0.         0.         0.         0.
 0.         0.         0.         0.         0.         0.
 0.         0.         0.         0.         0.         0.
 0.         0.         0.         0.         0.         0.
 0.         0.         0.         0.         0.         0.
 0.         0.         0.         0.         0.         0.
 0.         0.         0.         0.         0.         0.
 0.         0.         0.         0.         0.         0.
 0.         0.         0.         0.         1.66109821 1.
 1.68287526 1.57492795 1.65       0.         0.         0.
 0.         0.         1.83333333 0.         1.5049505 ]",BOOLECTOR,0.05629134178161621,unsat,"['BOOLECTOR', 'CVC4', 'MathSAT', 'YICES', 'Bitwuzla', 'Z3']",[0.039388179779052734]
./tmp/QF_AUFBV/com.galois.ecc.P384ECC64.ec_full_sub3.short.smt2,"[0.         0.6090604  1.         0.         0.         0.
 0.         0.66536965 0.         0.         0.         0.
 0.         0.         1.         0.         0.         0.
 0.         0.         0.         0.         0.         0.
 0.         0.         0.         0.         0.         0.
 0.         1.         1.         0.         0.         0.
 0.         1.5        0.         0.42857143 1.         0.27272727
 0.33333333 0.         0.60093168 0.         0.66666667 0.3
 0.67105263 0.84304933 0.         0.70358306 1.33333333 0.3
 0.27272727 0.2        0.33333333 1.         0.         0.
 0.         0.         0.         0.         0.         0.
 0.         0.         0.         0.         3.         0.
 0.         0.         0.         0.         0.         0.
 0.         0.         0.         0.         0.         0.
 0.         0.         0.         0.         0.         0.
 0.         0.         0.         0.         0.         0.
 0.         0.         0.         0.         0.         0.
 0.         0.         0.         0.         0.         0.
 0.         0.         0.         0.         0.         0.
 0.         0.         0.         0.         0.         0.
 0.         0.         0.         0.         0.         0.
 0.         0.         0.         0.         0.         0.
 0.         0.         0.         0.         0.         0.
 0.         0.         0.         0.         0.         0.
 0.         0.         0.         0.         0.727314   1.
 0.60708263 0.70957096 0.73584906 0.         0.         0.
 0.         0.         0.3        0.         0.77205882]",MathSAT,0.29648923873901367,unsat,"['MathSAT', 'YICES', 'Z3', 'CVC4', 'BOOLECTOR', 'Bitwuzla']",[0.2908620834350586]
./tmp/QF_AUFBV/com.galois.ecc.P384ECC64.mod_div12.short.smt2,"[0.         0.84238411 1.         0.         0.         0.
 0.         1.25866667 0.         0.         0.         0.
 0.         0.         1.         0.         0.         0.
 0.         0.         0.         0.         0.         0.
 0.         0.         0.         0.         0.         0.
 0.         1.         1.         0.         0.         0.
 0.         0.8        0.         1.33333333 1.         1.25
 1.         0.         0.85853659 0.         1.15789474 1.19298246
 0.62222222 1.58918919 0.         1.15740741 2.36638655 0.09756098
 1.41176471 1.27272727 1.12       0.         0.         0.
 0.         0.         0.         4.         0.         0.
 0.         0.         0.         0.         2.4        0.
 0.         0.         0.         0.         2.         0.
 0.         0.         4.         0.         0.         0.
 0.         0.         0.         0.         0.         0.
 0.         0.         0.         0.         0.         0.
 0.         0.         0.         0.         0.         0.
 0.         0.         0.         0.         0.         0.
 0.         0.         0.         0.         0.         0.
 0.         0.         0.         0.         0.         0.
 0.         0.         0.         0.         0.         0.
 0.         0.         0.         0.         0.         0.
 0.         0.         0.         0.         0.         0.
 0.         0.         0.         0.         0.         0.
 0.         0.         0.         0.         1.29677073 1.
 0.84154461 0.90947726 1.26451613 0.         0.         0.
 0.         0.         1.19298246 0.         1.52727273]",YICES,0.06545281410217285,unsat,"['YICES', 'MathSAT', 'Bitwuzla', 'CVC4', 'BOOLECTOR', 'Z3']",[0.05736088752746582]
./tmp/QF_AUFBV/com.galois.ecc.P384ECC64.ec_twin_mul_aux12.short.smt2,"[0.         3.19636885 1.         0.         0.         0.
 0.         3.77129751 0.         0.         0.         0.
 0.         0.         1.         0.         0.         0.
 0.         0.         0.         0.         0.         0.
 0.         0.         0.         0.         0.         0.
 0.         1.         1.         0.         0.         0.
 0.         0.83333333 0.         4.07894737 1.         4.31034483
 4.40298507 0.         3.41637698 0.         4.08653846 4.33098592
 1.78571429 1.25506073 0.         3.29787234 0.99056604 3.90957447
 4.22018349 4.09836066 4.38118812 2.         0.         0.
 0.         0.         0.         0.         0.         0.
 0.         0.         0.         0.         0.         0.
 0.         0.         0.         0.         0.         0.
 0.         0.         0.         0.         0.         0.
 0.         0.         0.         0.         0.         0.
 0.         0.         0.         0.         0.         0.
 0.         0.         0.         0.         0.         0.
 0.         0.         0.         0.         0.         0.
 0.         0.         0.         0.         0.         0.
 0.         0.         0.         0.         0.         0.
 0.         0.         0.         0.         0.         0.
 0.         0.         0.         0.         0.         0.
 0.         0.         0.         0.         0.         0.
 0.         0.         0.         0.         0.         0.
 0.         0.         0.         0.         2.87812698 1.
 3.20162835 3.06655711 3.57667585 0.         0.         0.
 0.         0.         4.33098592 0.         3.84088514]",CVC4,0.6465599536895752,unsat,"['CVC4', 'MathSAT', 'BOOLECTOR', 'Bitwuzla', 'Z3', 'YICES']",[0.5949428081512451]
./tmp/QF_AUFBV/opStructure_O_32_16_2_2.smt2,"[0.00000000e+00 2.86532951e-03 9.99999999e-01 0.00000000e+00
 0.00000000e+00 0.00000000e+00 0.00000000e+00 7.85340314e-03
 0.00000000e+00 0.00000000e+00 0.00000000e+00 0.00000000e+00
 0.00000000e+00 0.00000000e+00 9.99999999e-01 0.00000000e+00
 0.00000000e+00 0.00000000e+00 0.00000000e+00 0.00000000e+00
 0.00000000e+00 0.00000000e+00 0.00000000e+00 0.00000000e+00
 0.00000000e+00 0.00000000e+00 0.00000000e+00 0.00000000e+00
 0.00000000e+00 0.00000000e+00 0.00000000e+00 1.20000000e+00
 9.99999999e-01 0.00000000e+00 0.00000000e+00 0.00000000e+00
 6.00000000e+00 0.00000000e+00 5.99999996e+00 0.00000000e+00
 0.00000000e+00 5.12820513e-02 0.00000000e+00 0.00000000e+00
 6.94444444e-03 0.00000000e+00 0.00000000e+00 0.00000000e+00
 8.45070422e-02 3.22147651e-02 0.00000000e+00 1.88531029e-02
 4.81283422e-02 0.00000000e+00 0.00000000e+00 5.55850422e+00
 5.01141925e+00 0.00000000e+00 5.97735849e+00 5.99432892e+00
 0.00000000e+00 0.00000000e+00 5.99414634e+00 5.98829839e+00
 0.00000000e+00 0.00000000e+00 0.00000000e+00 6.00000000e+00
 0.00000000e+00 0.00000000e+00 0.00000000e+00 0.00000000e+00
 0.00000000e+00 0.00000000e+00 0.00000000e+00 0.00000000e+00
 0.00000000e+00 0.00000000e+00 0.00000000e+00 0.00000000e+00
 0.00000000e+00 0.00000000e+00 0.00000000e+00 0.00000000e+00
 0.00000000e+00 0.00000000e+00 0.00000000e+00 0.00000000e+00
 0.00000000e+00 0.00000000e+00 0.00000000e+00 0.00000000e+00
 0.00000000e+00 0.00000000e+00 0.00000000e+00 0.00000000e+00
 0.00000000e+00 0.00000000e+00 0.00000000e+00 0.00000000e+00
 0.00000000e+00 0.00000000e+00 0.00000000e+00 0.00000000e+00
 0.00000000e+00 0.00000000e+00 0.00000000e+00 0.00000000e+00
 0.00000000e+00 0.00000000e+00 0.00000000e+00 0.00000000e+00
 0.00000000e+00 0.00000000e+00 0.00000000e+00 0.00000000e+00
 0.00000000e+00 0.00000000e+00 0.00000000e+00 0.00000000e+00
 0.00000000e+00 0.00000000e+00 0.00000000e+00 0.00000000e+00
 0.00000000e+00 0.00000000e+00 0.00000000e+00 0.00000000e+00
 0.00000000e+00 0.00000000e+00 0.00000000e+00 0.00000000e+00
 0.00000000e+00 0.00000000e+00 0.00000000e+00 0.00000000e+00
 0.00000000e+00 0.00000000e+00 0.00000000e+00 0.00000000e+00
 0.00000000e+00 0.00000000e+00 0.00000000e+00 0.00000000e+00
 0.00000000e+00 0.00000000e+00 0.00000000e+00 0.00000000e+00
 2.94475385e+00 1.00000000e+00 5.74162679e-03 3.36256592e+00
 1.09990834e-02 0.00000000e+00 0.00000000e+00 0.00000000e+00
 0.00000000e+00 0.00000000e+00 0.00000000e+00 0.00000000e+00
 0.00000000e+00]",Bitwuzla,60.02028799057007,timeout (25.0 s),"['MathSAT', 'Z3', 'YICES', 'CVC4', 'BOOLECTOR', 'Bitwuzla']","[1, 30, 1, 2, 1, 25]"
./tmp/QF_AUFBV/com.galois.ecc.P384ECC64.ec_full_sub1.short.smt2,"[0.         0.38239278 1.         0.         0.         0.
 0.         0.25173502 0.         0.         0.         0.
 0.         0.         1.         0.         0.         0.
 0.         0.         0.         0.         0.         0.
 0.         0.         0.         0.         0.         0.
 0.         0.96551724 1.         0.         0.         0.
 0.         1.75       0.         0.12068966 1.16666667 0.05932203
 0.06896552 0.         0.33186329 0.         0.19626168 0.06511628
 0.74842767 0.78426698 0.         0.37472119 0.88317757 0.14583333
 0.06363636 0.00421941 0.01140065 1.16666667 0.         0.
 0.         0.         0.         0.         0.         0.
 0.         0.         0.         0.         2.         0.
 0.         0.         0.         0.         0.         0.
 0.         0.         0.         0.         0.         0.
 0.         0.         0.         0.         0.         0.
 0.         0.         0.         0.         0.         0.
 0.         0.         0.         0.         0.         0.
 0.         0.         0.         0.         0.         0.
 0.         0.         0.         0.         0.         0.
 0.         0.         0.         0.         0.         0.
 0.         0.         0.         0.         0.         0.
 0.         0.         0.         0.         0.         0.
 0.         0.         0.         0.         0.         0.
 0.         0.         0.         0.         0.         0.
 0.         0.         0.         0.         0.23936221 1.
 0.3800905  0.21088769 0.31846019 0.         0.         0.
 0.         0.         0.06511628 0.         0.24898374]",Bitwuzla,0.15211129188537598,unsat,"['Bitwuzla', 'YICES', 'MathSAT', 'CVC4', 'Z3', 'BOOLECTOR']",[0.14511513710021973]
./tmp/QF_AUFBV/com.galois.ecc.P384ECC64.ec_mul_aux4.short.smt2,"[0.         4.91289199 1.         0.         0.         0.
 0.         5.44509369 0.         0.         0.         0.
 0.         0.         1.         0.         0.         0.
 0.         0.         0.         0.         0.         0.
 0.         0.         0.         0.         0.         0.
 0.         0.96969697 1.         0.         0.         0.
 0.         0.88888889 0.         3.58095238 1.14285714 4.16260163
 3.10843373 0.         5.40052544 0.         7.24647887 3.58974359
 1.57575758 1.04455959 0.         5.56395744 1.23320158 3.4556213
 3.70731707 1.0875     0.76583211 7.44186046 0.         0.
 0.         0.         0.03109815 0.36837209 8.         0.
 0.         0.         0.         0.         0.         0.
 0.         0.         0.         0.         7.84615385 0.
 0.         0.         7.6460177  0.         0.         0.
 0.         0.         0.         0.         0.         0.
 0.         0.         0.         0.         0.         0.
 0.         0.         0.         0.         0.         0.
 0.         0.         0.         0.         0.         0.
 0.         0.         0.         0.         0.         0.
 0.         0.         0.         0.         0.         0.
 0.         0.         0.         0.         0.         0.
 0.         0.         0.         0.         0.         0.
 0.         0.         0.         0.         0.         0.
 0.         0.         0.         0.         0.         0.
 0.         0.         0.         0.         3.6915543  1.
 4.9166376  3.14482524 5.80614203 0.         0.         0.
 0.         0.         3.58974359 0.         6.01712846]",MathSAT,0.5345509052276611,unsat,"['MathSAT', 'Z3', 'Bitwuzla', 'CVC4', 'YICES', 'BOOLECTOR']",[0.4036428928375244]
./tmp/QF_AUFBV/com.galois.ecc.P384ECC64.mul_inner4.short.smt2,"[0.         0.13589568 1.         0.         0.         0.
 0.         0.15154517 0.         0.         0.         0.
 0.         0.         1.         0.         0.         0.
 0.         0.         0.         0.         0.         0.
 0.         0.         0.         0.         0.         0.
 0.         0.97297297 1.         0.         0.         0.
 0.         0.9        0.         0.25       1.125      0.3515625
 0.18584071 0.         0.10200708 0.         0.05511811 0.24688279
 0.04522613 0.15129903 0.         0.14040562 0.2        0.07917889
 0.21428571 0.06052768 0.04615385 0.20454545 0.06741573 0.00849858
 0.         0.         0.         0.00836431 0.         0.
 0.         0.         0.         0.         0.         0.
 0.         0.         0.         0.         0.16981132 5.39999999
 0.         0.         0.         0.         0.         0.
 7.         0.         0.         0.         0.         0.
 0.         0.         0.         0.         0.         0.
 0.         0.         0.         0.         0.         0.
 0.         0.         0.         0.         0.         0.
 0.         0.         0.         0.         0.         0.
 0.         0.         0.         0.         0.         0.
 0.         0.         0.         0.         0.         0.
 0.         0.         0.         0.         0.         0.
 0.         0.         0.         0.         0.         0.
 0.         0.         0.         0.         0.         0.
 0.         0.         0.         0.         0.10559366 1.
 0.13451297 0.12677119 0.13191489 0.         0.         0.
 0.         0.         0.24688279 0.         0.13619449]",Z3,0.3408956527709961,sat,"['Z3', 'BOOLECTOR', 'CVC4', 'YICES', 'Bitwuzla', 'MathSAT']",[0.33505797386169434]
./tmp/QF_AUFBV/com.galois.ecc.P384ECC64.ec_twin_mul_aux11.short.smt2,"[0.         1.86715043 1.         0.         0.         0.
 0.         1.85675109 0.         0.         0.         0.
 0.         0.         1.         0.         0.         0.
 0.         0.         0.         0.         0.         0.
 0.         0.         0.         0.         0.         0.
 0.         0.97560976 1.         0.         0.         0.
 0.         0.90909091 0.         3.00970874 1.11111111 2.80898876
 3.43023256 0.         1.72770778 0.         0.69218241 3.15115286
 2.00803213 1.59314775 0.         1.57212622 1.24365482 3.01229508
 3.04635762 0.49188392 1.14785992 0.22222222 0.         0.
 0.         0.         0.         0.         0.         0.
 0.         0.         0.         0.         0.         0.
 0.         0.         0.         0.         0.         0.
 0.         0.         0.         0.         0.         0.
 0.         0.         0.         0.         0.         0.
 0.         0.         0.         0.         0.         0.
 0.         0.         0.         0.         0.         0.
 0.         0.         0.         0.         0.         0.
 0.         0.         0.         0.         0.         0.
 0.         0.         0.         0.         0.         0.
 0.         0.         0.         0.         0.         0.
 0.         0.         0.         0.         0.         0.
 0.         0.         0.         0.         0.         0.
 0.         0.         0.         0.         0.         0.
 0.         0.         0.         0.         1.30941847 1.
 1.86784018 1.35286015 1.55520064 0.         0.         0.
 0.         0.         3.15115286 0.         1.53151261]",YICES,0.2422046661376953,unsat,"['YICES', 'MathSAT', 'Z3', 'BOOLECTOR', 'CVC4', 'Bitwuzla']",[0.1915738582611084]
./tmp/QF_AUFBV/com.galois.ecc.P384ECC64.ec_twin_mul_init2.short.smt2,"[0.         0.58017184 1.         0.         0.         0.
 0.         0.29024658 0.         0.         0.         0.
 0.         0.         1.         0.         0.         0.
 0.         0.         0.         0.         0.         0.
 0.         0.         0.         0.         0.         0.
 0.         0.97777778 1.         0.         0.         0.
 0.         0.91666667 0.         0.34482759 1.1        0.24175824
 0.33082707 0.         0.45223825 0.         0.07561666 0.30149502
 2.01967213 1.63616478 0.         0.39634257 0.95208655 0.17741935
 0.31832797 0.04311612 0.11296534 0.23913043 0.         0.
 0.         0.         0.         0.         0.         0.
 0.         0.         0.         0.         0.         0.
 0.         0.         0.         0.         0.         0.
 0.         0.         0.         0.         0.         0.
 0.         0.         0.         0.         0.         0.
 0.         0.         0.         0.         0.         0.
 0.         0.         0.         0.         0.         0.
 0.         0.         0.         0.         0.         0.
 0.         0.         0.         0.         0.         0.
 0.         0.         0.         0.         0.         0.
 0.         0.         0.         0.         0.         0.
 0.         0.         0.         0.         0.         0.
 0.         0.         0.         0.         0.         0.
 0.         0.         0.         0.         0.         0.
 0.         0.         0.         0.         0.43372667 1.
 0.57940709 0.41922661 0.28243532 0.         0.         0.
 0.         0.         0.30149502 0.         0.17287014]",MathSAT,0.27527713775634766,unsat,"['MathSAT', 'YICES', 'BOOLECTOR', 'Bitwuzla', 'CVC4', 'Z3']",[0.2599329948425293]
./tmp/QF_AUFBV/com.galois.ecc.P384ECC64.signHash3.short.smt2,"[0.         1.84450162 1.         0.         0.         0.
 0.         1.87624222 0.         0.         0.         0.
 0.         0.         1.         0.         0.         0.
 0.         0.         0.         0.         0.         0.
 0.         0.         0.         0.         0.         0.
 0.         0.97959184 1.         0.         0.         0.
 0.         0.92307692 0.         3.41704036 1.09090909 3.55125725
 2.76121563 0.         1.53821032 0.         0.67760397 3.20097442
 1.94505494 1.82503864 0.         1.54307352 1.67553191 0.04819277
 3.45995423 0.83682771 1.11124054 2.4        0.         0.
 0.         0.         0.         0.         2.69387755 0.
 0.         0.         0.         0.         5.53846153 0.
 0.         0.         0.         0.         0.         0.
 0.         0.         7.7492163  0.         0.         0.
 0.         0.         0.         0.         0.         0.
 0.         0.         0.         0.         0.         0.
 0.         0.         0.         0.         0.         0.
 0.         0.         0.         0.         0.         0.
 0.         0.         0.         0.         0.         0.
 0.         0.         0.         0.         0.         0.
 0.         0.         0.         0.         0.         0.
 0.         0.         0.         0.         0.         0.
 0.         0.         0.         0.         0.         0.
 0.         0.         0.         0.         0.         0.
 0.         0.         0.         0.         1.38230472 1.
 1.84522343 1.32775142 1.49028961 0.         0.         0.
 0.         0.         3.20097442 0.         1.46022521]",YICES,0.20385408401489258,unsat,"['YICES', 'Z3', 'MathSAT', 'Bitwuzla', 'BOOLECTOR', 'CVC4']",[0.15448713302612305]
./tmp/QF_AUFBV/com.galois.ecc.P384ECC64.ec_full_sub2.short.smt2,"[0.         0.17362031 1.         0.         0.         0.
 0.         0.09744871 0.         0.         0.         0.
 0.         0.         1.         0.         0.         0.
 0.         0.         0.         0.         0.         0.
 0.         0.         0.         0.         0.         0.
 0.         0.98113208 1.         0.         0.         0.
 0.         1.73333333 0.         0.05803571 1.08333333 0.02509653
 0.03751804 0.         0.13549325 0.         0.02969166 0.03159174
 0.58005249 0.71399357 0.         0.14602184 0.87096774 0.10358566
 0.02968037 0.00592255 0.01512507 0.11206897 0.         0.
 0.         0.         0.         0.         0.         0.
 0.         0.         0.         0.         1.73333333 0.
 0.         0.         0.         0.         0.         0.
 0.         0.         0.         0.         0.         0.
 0.         0.         0.         0.         0.         0.
 0.         0.         0.         0.         0.         0.
 0.         0.         0.         0.         0.         0.
 0.         0.         0.         0.         0.         0.
 0.         0.         0.         0.         0.         0.
 0.         0.         0.         0.         0.         0.
 0.         0.         0.         0.         0.         0.
 0.         0.         0.         0.         0.         0.
 0.         0.         0.         0.         0.         0.
 0.         0.         0.         0.         0.         0.
 0.         0.         0.         0.         0.17243831 1.
 0.17239474 0.17106834 0.11415062 0.         0.         0.
 0.         0.         0.03159174 0.         0.08211514]",YICES,1.2475569248199463,unsat,"['BOOLECTOR', 'YICES', 'Z3', 'CVC4', 'MathSAT', 'Bitwuzla']","[1, 0.24105095863342285]"
./tmp/QF_AUFBV/com.galois.ecc.P384ECC64.ec_full_add4.short.smt2,"[0.         0.5578635  1.         0.         0.         0.
 0.         0.43354148 0.         0.         0.         0.
 0.         0.         1.         0.         0.         0.
 0.         0.         0.         0.         0.         0.
 0.         0.         0.         0.         0.         0.
 0.         0.98245614 1.         0.         0.         0.
 0.         0.875      0.         0.54077253 1.07692308 0.47014925
 0.61793103 0.         0.49746747 0.         0.17888012 0.54757735
 0.82962963 1.34565619 0.         0.44001209 1.46918379 0.16535433
 0.52307692 0.11387257 0.2558538  0.         0.         0.
 0.         0.         0.         0.         0.         0.
 0.         0.         0.         0.         0.         0.
 0.         0.         0.         0.         0.         0.
 0.         0.         0.         0.         0.         0.
 0.         0.         0.         0.         0.         0.
 0.         0.         0.         0.         0.         0.
 0.         0.         0.         0.         0.         0.
 0.         0.         0.         0.         0.         0.
 0.         0.         0.         0.         0.         0.
 0.         0.         0.         0.         0.         0.
 0.         0.         0.         0.         0.         0.
 0.         0.         0.         0.         0.         0.
 0.         0.         0.         0.         0.         0.
 0.         0.         0.         0.         0.         0.
 0.         0.         0.         0.         0.49044359 1.
 0.55708829 0.44268611 0.3929099  0.         0.         0.
 0.         0.         0.54757735 0.         0.36181435]",Z3,0.10002326965332031,unsat,"['Z3', 'YICES', 'Bitwuzla', 'MathSAT', 'BOOLECTOR', 'CVC4']",[0.08424806594848633]
./tmp/QF_AUFBV/opStructure_O_16_24_2_2.smt2,"[0.00000000e+00 1.58948818e-03 9.99999999e-01 0.00000000e+00
 0.00000000e+00 0.00000000e+00 0.00000000e+00 3.82214295e-03
 0.00000000e+00 0.00000000e+00 0.00000000e+00 0.00000000e+00
 0.00000000e+00 0.00000000e+00 9.99999999e-01 0.00000000e+00
 0.00000000e+00 0.00000000e+00 0.00000000e+00 0.00000000e+00
 0.00000000e+00 0.00000000e+00 0.00000000e+00 0.00000000e+00
 0.00000000e+00 0.00000000e+00 0.00000000e+00 0.00000000e+00
 0.00000000e+00 0.00000000e+00 0.00000000e+00 1.20967742e+00
 9.99999999e-01 0.00000000e+00 0.00000000e+00 0.00000000e+00
 6.53948773e+00 0.00000000e+00 7.49999994e+00 0.00000000e+00
 0.00000000e+00 2.79329609e-02 0.00000000e+00 0.00000000e+00
 3.50576504e-03 0.00000000e+00 0.00000000e+00 0.00000000e+00
 7.37100737e-02 3.16205534e-02 0.00000000e+00 9.06070674e-03
 4.98063088e-02 0.00000000e+00 0.00000000e+00 5.13521545e+00
 4.57324335e+00 0.00000000e+00 6.49681529e+00 6.53251599e+00
 0.00000000e+00 0.00000000e+00 6.41068447e+00 6.24491456e+00
 0.00000000e+00 0.00000000e+00 0.00000000e+00 6.42857143e+00
 0.00000000e+00 0.00000000e+00 0.00000000e+00 0.00000000e+00
 0.00000000e+00 0.00000000e+00 0.00000000e+00 0.00000000e+00
 0.00000000e+00 0.00000000e+00 0.00000000e+00 0.00000000e+00
 0.00000000e+00 0.00000000e+00 0.00000000e+00 0.00000000e+00
 0.00000000e+00 0.00000000e+00 0.00000000e+00 0.00000000e+00
 0.00000000e+00 0.00000000e+00 0.00000000e+00 0.00000000e+00
 0.00000000e+00 0.00000000e+00 0.00000000e+00 0.00000000e+00
 0.00000000e+00 0.00000000e+00 0.00000000e+00 0.00000000e+00
 0.00000000e+00 0.00000000e+00 0.00000000e+00 0.00000000e+00
 0.00000000e+00 0.00000000e+00 0.00000000e+00 0.00000000e+00
 0.00000000e+00 0.00000000e+00 0.00000000e+00 0.00000000e+00
 0.00000000e+00 0.00000000e+00 0.00000000e+00 0.00000000e+00
 0.00000000e+00 0.00000000e+00 0.00000000e+00 0.00000000e+00
 0.00000000e+00 0.00000000e+00 0.00000000e+00 0.00000000e+00
 0.00000000e+00 0.00000000e+00 0.00000000e+00 0.00000000e+00
 0.00000000e+00 0.00000000e+00 0.00000000e+00 0.00000000e+00
 0.00000000e+00 0.00000000e+00 0.00000000e+00 0.00000000e+00
 0.00000000e+00 0.00000000e+00 0.00000000e+00 0.00000000e+00
 0.00000000e+00 0.00000000e+00 0.00000000e+00 0.00000000e+00
 0.00000000e+00 0.00000000e+00 0.00000000e+00 0.00000000e+00
 1.77974628e+00 1.00000000e+00 3.18268619e-03 2.22011816e+00
 4.92206727e-03 0.00000000e+00 0.00000000e+00 0.00000000e+00
 0.00000000e+00 0.00000000e+00 0.00000000e+00 0.00000000e+00
 0.00000000e+00]",Bitwuzla,60.015843868255615,timeout (14.0 s),"['MathSAT', 'Z3', 'CVC4', 'YICES', 'Bitwuzla', 'BOOLECTOR']","[2, 38, 5, 1, 14]"
./tmp/QF_AUFBV/com.galois.ecc.P384ECC64.group_red1.short.smt2,"[0.         0.33367919 1.         0.         0.         0.
 0.         0.39368709 0.         0.         0.         0.
 0.         0.         1.         0.         0.         0.
 0.         0.         0.         0.         0.         0.
 0.         0.         0.         0.         0.         0.
 0.         0.96969697 1.         0.         0.         0.
 0.         0.94117647 0.         0.33613445 1.14285714 0.34972678
 0.4295302  0.         0.30327117 0.         0.14301676 0.37400228
 0.03921569 0.06717397 0.         0.3843773  0.09680968 0.89219331
 0.31034483 0.0568552  0.12603387 1.93939394 0.0844773  0.
 0.         0.         0.         0.         0.         0.
 0.         0.         0.         0.         7.11111111 0.
 0.         0.         0.         0.         0.         2.66666666
 0.         0.         0.19814241 0.         0.         0.
 0.         0.         0.         0.         0.         0.
 0.         0.         0.         0.         0.         0.
 0.         0.         0.         0.         0.         0.
 0.         0.         0.         0.         0.         0.
 0.         0.         0.         0.         0.         0.
 0.         0.         0.         0.         0.         0.
 0.         0.         0.         0.         0.         0.
 0.         0.         0.         0.         0.         0.
 0.         0.         0.         0.         0.         0.
 0.         0.         0.         0.         0.         0.
 0.         0.         0.         0.         0.23233906 1.
 0.33243299 0.23837831 0.39929611 0.         0.         0.
 0.         0.         0.37400228 0.         0.4244395 ]",BOOLECTOR,1.1112051010131836,unsat,"['YICES', 'BOOLECTOR', 'MathSAT', 'Bitwuzla', 'Z3', 'CVC4']","[1, 0.10292792320251465]"
./tmp/QF_AUFBV/opStructure_O_32_32_2_2.smt2,"[0.00000000e+00 1.76366843e-03 9.99999999e-01 0.00000000e+00
 0.00000000e+00 0.00000000e+00 0.00000000e+00 4.22412722e-03
 0.00000000e+00 0.00000000e+00 0.00000000e+00 0.00000000e+00
 0.00000000e+00 0.00000000e+00 9.99999999e-01 0.00000000e+00
 0.00000000e+00 0.00000000e+00 0.00000000e+00 0.00000000e+00
 0.00000000e+00 0.00000000e+00 0.00000000e+00 0.00000000e+00
 0.00000000e+00 0.00000000e+00 0.00000000e+00 0.00000000e+00
 0.00000000e+00 0.00000000e+00 0.00000000e+00 1.19718310e+00
 9.99999999e-01 0.00000000e+00 0.00000000e+00 0.00000000e+00
 9.00953098e+00 0.00000000e+00 5.66666663e+00 0.00000000e+00
 0.00000000e+00 3.09090909e-02 0.00000000e+00 0.00000000e+00
 3.89699702e-03 0.00000000e+00 0.00000000e+00 0.00000000e+00
 8.29268293e-02 3.56114166e-02 0.00000000e+00 1.00162027e-02
 5.59210526e-02 0.00000000e+00 0.00000000e+00 8.09799969e+00
 7.59014606e+00 0.00000000e+00 8.96255617e+00 9.00501379e+00
 0.00000000e+00 0.00000000e+00 9.05487646e+00 8.94564379e+00
 0.00000000e+00 0.00000000e+00 0.00000000e+00 9.06666667e+00
 0.00000000e+00 0.00000000e+00 0.00000000e+00 0.00000000e+00
 0.00000000e+00 0.00000000e+00 0.00000000e+00 0.00000000e+00
 0.00000000e+00 0.00000000e+00 0.00000000e+00 0.00000000e+00
 0.00000000e+00 0.00000000e+00 0.00000000e+00 0.00000000e+00
 0.00000000e+00 0.00000000e+00 0.00000000e+00 0.00000000e+00
 0.00000000e+00 0.00000000e+00 0.00000000e+00 0.00000000e+00
 0.00000000e+00 0.00000000e+00 0.00000000e+00 0.00000000e+00
 0.00000000e+00 0.00000000e+00 0.00000000e+00 0.00000000e+00
 0.00000000e+00 0.00000000e+00 0.00000000e+00 0.00000000e+00
 0.00000000e+00 0.00000000e+00 0.00000000e+00 0.00000000e+00
 0.00000000e+00 0.00000000e+00 0.00000000e+00 0.00000000e+00
 0.00000000e+00 0.00000000e+00 0.00000000e+00 0.00000000e+00
 0.00000000e+00 0.00000000e+00 0.00000000e+00 0.00000000e+00
 0.00000000e+00 0.00000000e+00 0.00000000e+00 0.00000000e+00
 0.00000000e+00 0.00000000e+00 0.00000000e+00 0.00000000e+00
 0.00000000e+00 0.00000000e+00 0.00000000e+00 0.00000000e+00
 0.00000000e+00 0.00000000e+00 0.00000000e+00 0.00000000e+00
 0.00000000e+00 0.00000000e+00 0.00000000e+00 0.00000000e+00
 0.00000000e+00 0.00000000e+00 0.00000000e+00 0.00000000e+00
 0.00000000e+00 0.00000000e+00 0.00000000e+00 0.00000000e+00
 3.99894718e+00 1.00000000e+00 3.53136685e-03 4.72719111e+00
 5.43739005e-03 0.00000000e+00 0.00000000e+00 0.00000000e+00
 0.00000000e+00 0.00000000e+00 0.00000000e+00 0.00000000e+00
 0.00000000e+00]",Bitwuzla,60.04945611953735,timeout (9.0 s),"['MathSAT', 'Z3', 'Bitwuzla', 'YICES', 'CVC4', 'BOOLECTOR']","[3, 48, 9]"
./tmp/QF_AUFBV/com.galois.ecc.P384ECC64.ec_twin_mul_init.short.smt2,"[0.         0.71548117 1.         0.         0.         0.
 0.         0.36801752 0.         0.         0.         0.
 0.         0.         1.         0.         0.         0.
 0.         0.         0.         0.         0.         0.
 0.         0.         0.         0.         0.         0.
 0.         0.96       1.         0.         0.         0.
 0.         1.         0.         0.37037037 1.2        0.25806452
 0.37844941 0.         0.58420819 0.         0.11324944 0.33240067
 2.16309013 1.73740241 0.         0.51259302 1.04132231 0.26373626
 0.34249471 0.02230138 0.06256789 0.26865672 0.         0.
 0.         0.         0.         0.         0.         0.
 0.         0.         0.         0.         0.         0.
 0.         0.         0.         0.         0.         0.
 0.         0.         0.         0.         0.         0.
 0.         0.         0.         0.         0.         0.
 0.         0.         0.         0.         0.         0.
 0.         0.         0.         0.         0.         0.
 0.         0.         0.         0.         0.         0.
 0.         0.         0.         0.         0.         0.
 0.         0.         0.         0.         0.         0.
 0.         0.         0.         0.         0.         0.
 0.         0.         0.         0.         0.         0.
 0.         0.         0.         0.         0.         0.
 0.         0.         0.         0.         0.         0.
 0.         0.         0.         0.         0.38860243 1.
 0.71454219 0.34647084 0.37212216 0.         0.         0.
 0.         0.         0.33240067 0.         0.23112012]",MathSAT,0.25376200675964355,unsat,"['MathSAT', 'YICES', 'Z3', 'BOOLECTOR', 'CVC4', 'Bitwuzla']",[0.23707199096679688]
./tmp/QF_AUFBV/com.galois.ecc.P384ECC64.signHash5.short.smt2,"[0.         2.08302288 1.         0.         0.         0.
 0.         2.13824387 0.         0.         0.         0.
 0.         0.         1.         0.         0.         0.
 0.         0.         0.         0.         0.         0.
 0.         0.         0.         0.         0.         0.
 0.         0.96202532 1.         0.         0.         0.
 0.         1.         0.         3.83743842 1.1875     3.83261803
 2.66214689 0.         1.77520107 0.         0.81438186 3.38224471
 2.1352381  1.98092816 0.         1.79263867 1.85927307 0.06934307
 3.89579832 0.40603213 0.49841337 2.78343949 0.         0.
 0.         0.         0.         0.         3.48333333 0.
 0.         0.         0.         0.         3.45454545 0.
 0.         0.         0.         0.         0.         0.
 0.         0.         6.89546351 0.         0.         0.
 0.         0.         0.         0.         0.         0.
 0.         0.         0.         0.         0.         0.
 0.         0.         0.         0.         0.         0.
 0.         0.         0.         0.         0.         0.
 0.         0.         0.         0.         0.         0.
 0.         0.         0.         0.         0.         0.
 0.         0.         0.         0.         0.         0.
 0.         0.         0.         0.         0.         0.
 0.         0.         0.         0.         0.         0.
 0.         0.         0.         0.         0.         0.
 0.         0.         0.         0.         1.14827811 1.
 2.08374034 1.01480296 1.73587591 0.         0.         0.
 0.         0.         3.38224471 0.         1.70362965]",Z3,0.5872900485992432,unsat,"['Z3', 'MathSAT', 'CVC4', 'YICES', 'Bitwuzla', 'BOOLECTOR']",[0.5397729873657227]
./tmp/QF_AUFBV/opStructure_C_16_32_2_2.smt2,"[0.00000000e+00 1.77383592e-03 9.99999999e-01 0.00000000e+00
 0.00000000e+00 0.00000000e+00 0.00000000e+00 4.31918799e-03
 0.00000000e+00 0.00000000e+00 0.00000000e+00 0.00000000e+00
 0.00000000e+00 0.00000000e+00 9.99999999e-01 0.00000000e+00
 0.00000000e+00 0.00000000e+00 0.00000000e+00 0.00000000e+00
 0.00000000e+00 0.00000000e+00 0.00000000e+00 0.00000000e+00
 0.00000000e+00 0.00000000e+00 0.00000000e+00 0.00000000e+00
 0.00000000e+00 0.00000000e+00 0.00000000e+00 1.19047619e+00
 9.99999999e-01 0.00000000e+00 0.00000000e+00 0.00000000e+00
 1.14001892e+00 0.00000000e+00 4.99999997e+00 0.00000000e+00
 0.00000000e+00 5.70613409e-02 0.00000000e+00 0.00000000e+00
 5.36049317e-03 0.00000000e+00 0.00000000e+00 0.00000000e+00
 7.59013283e-02 3.38481066e-02 0.00000000e+00 1.03626943e-02
 5.57620818e-02 0.00000000e+00 0.00000000e+00 9.74625144e-01
 9.04867703e-01 0.00000000e+00 1.13047574e+00 1.13502010e+00
 0.00000000e+00 0.00000000e+00 1.13809173e+00 1.10706482e+00
 0.00000000e+00 0.00000000e+00 0.00000000e+00 1.10236220e+00
 0.00000000e+00 0.00000000e+00 0.00000000e+00 0.00000000e+00
 0.00000000e+00 0.00000000e+00 0.00000000e+00 0.00000000e+00
 0.00000000e+00 0.00000000e+00 0.00000000e+00 0.00000000e+00
 0.00000000e+00 0.00000000e+00 0.00000000e+00 0.00000000e+00
 0.00000000e+00 0.00000000e+00 0.00000000e+00 0.00000000e+00
 0.00000000e+00 0.00000000e+00 0.00000000e+00 0.00000000e+00
 0.00000000e+00 0.00000000e+00 0.00000000e+00 0.00000000e+00
 0.00000000e+00 0.00000000e+00 0.00000000e+00 0.00000000e+00
 0.00000000e+00 0.00000000e+00 0.00000000e+00 0.00000000e+00
 0.00000000e+00 0.00000000e+00 0.00000000e+00 0.00000000e+00
 0.00000000e+00 0.00000000e+00 0.00000000e+00 0.00000000e+00
 0.00000000e+00 0.00000000e+00 0.00000000e+00 0.00000000e+00
 0.00000000e+00 0.00000000e+00 0.00000000e+00 0.00000000e+00
 0.00000000e+00 0.00000000e+00 0.00000000e+00 0.00000000e+00
 0.00000000e+00 0.00000000e+00 0.00000000e+00 0.00000000e+00
 0.00000000e+00 0.00000000e+00 0.00000000e+00 0.00000000e+00
 0.00000000e+00 0.00000000e+00 0.00000000e+00 0.00000000e+00
 0.00000000e+00 0.00000000e+00 0.00000000e+00 0.00000000e+00
 0.00000000e+00 0.00000000e+00 0.00000000e+00 0.00000000e+00
 0.00000000e+00 0.00000000e+00 0.00000000e+00 0.00000000e+00
 4.80923064e-01 1.00000000e+00 5.32670455e-03 5.67856044e-01
 5.69070992e-03 0.00000000e+00 0.00000000e+00 0.00000000e+00
 0.00000000e+00 0.00000000e+00 0.00000000e+00 0.00000000e+00
 0.00000000e+00]",CVC4,60.00451707839966,timeout (5.0 s),"['Z3', 'MathSAT', 'BOOLECTOR', 'CVC4', 'YICES', 'Bitwuzla']","[50, 4, 1, 5]"
./tmp/QF_AUFBV/com.galois.ecc.P384ECC64.ec_full_add2.short.smt2,"[0.         0.61647727 1.         0.         0.         0.
 0.         0.49161658 0.         0.         0.         0.
 0.         0.         1.         0.         0.         0.
 0.         0.         0.         0.         0.         0.
 0.         0.         0.         0.         0.         0.
 0.         0.95454545 1.         0.         0.         0.
 0.         1.05       0.         0.60287081 1.23529412 0.52573018
 0.68852459 0.         0.57082328 0.         0.23537653 0.60964716
 0.87818182 1.1585049  0.         0.49405515 1.13538462 0.22743682
 0.58333333 0.0543572  0.12648063 0.         0.         0.
 0.         0.         0.         0.         0.         0.
 0.         0.         0.         0.         0.         0.
 0.         0.         0.         0.         0.         0.
 0.         0.         0.         0.         0.         0.
 0.         0.         0.         0.         0.         0.
 0.         0.         0.         0.         0.         0.
 0.         0.         0.         0.         0.         0.
 0.         0.         0.         0.         0.         0.
 0.         0.         0.         0.         0.         0.
 0.         0.         0.         0.         0.         0.
 0.         0.         0.         0.         0.         0.
 0.         0.         0.         0.         0.         0.
 0.         0.         0.         0.         0.         0.
 0.         0.         0.         0.         0.         0.
 0.         0.         0.         0.         0.37124886 1.
 0.61530507 0.32877892 0.44736842 0.         0.         0.
 0.         0.         0.60964716 0.         0.41164053]",YICES,0.10362505912780762,unsat,"['YICES', 'Z3', 'MathSAT', 'CVC4', 'Bitwuzla', 'BOOLECTOR']",[0.09096097946166992]
./tmp/QF_AUFBV/opStructure_MBA_6.smt2,"[2.19999995e+01 1.89377636e-03 9.99999999e-01 0.00000000e+00
 0.00000000e+00 0.00000000e+00 0.00000000e+00 1.62276080e-02
 0.00000000e+00 0.00000000e+00 0.00000000e+00 0.00000000e+00
 0.00000000e+00 0.00000000e+00 9.99999999e-01 0.00000000e+00
 0.00000000e+00 0.00000000e+00 0.00000000e+00 0.00000000e+00
 0.00000000e+00 0.00000000e+00 0.00000000e+00 0.00000000e+00
 0.00000000e+00 0.00000000e+00 0.00000000e+00 0.00000000e+00
 0.00000000e+00 0.00000000e+00 0.00000000e+00 1.18279570e+00
 9.99999999e-01 0.00000000e+00 0.00000000e+00 0.00000000e+00
 5.19112789e-02 0.00000000e+00 0.00000000e+00 0.00000000e+00
 0.00000000e+00 0.00000000e+00 0.00000000e+00 0.00000000e+00
 1.43397210e-03 0.00000000e+00 0.00000000e+00 0.00000000e+00
 2.76481149e-01 1.22440867e-01 0.00000000e+00 3.88888889e-02
 2.01219512e-01 0.00000000e+00 0.00000000e+00 1.26473124e-02
 1.32423756e-02 0.00000000e+00 2.04181935e+01 1.47877519e+01
 0.00000000e+00 0.00000000e+00 5.91976517e-02 0.00000000e+00
 0.00000000e+00 0.00000000e+00 0.00000000e+00 5.40009818e-02
 0.00000000e+00 0.00000000e+00 2.18026101e+01 0.00000000e+00
 0.00000000e+00 0.00000000e+00 0.00000000e+00 0.00000000e+00
 0.00000000e+00 0.00000000e+00 0.00000000e+00 0.00000000e+00
 0.00000000e+00 0.00000000e+00 0.00000000e+00 0.00000000e+00
 0.00000000e+00 0.00000000e+00 0.00000000e+00 0.00000000e+00
 0.00000000e+00 0.00000000e+00 0.00000000e+00 0.00000000e+00
 0.00000000e+00 0.00000000e+00 0.00000000e+00 0.00000000e+00
 0.00000000e+00 0.00000000e+00 0.00000000e+00 0.00000000e+00
 0.00000000e+00 0.00000000e+00 0.00000000e+00 0.00000000e+00
 0.00000000e+00 0.00000000e+00 0.00000000e+00 0.00000000e+00
 0.00000000e+00 0.00000000e+00 0.00000000e+00 0.00000000e+00
 0.00000000e+00 0.00000000e+00 0.00000000e+00 0.00000000e+00
 0.00000000e+00 0.00000000e+00 0.00000000e+00 0.00000000e+00
 0.00000000e+00 0.00000000e+00 0.00000000e+00 0.00000000e+00
 0.00000000e+00 0.00000000e+00 0.00000000e+00 0.00000000e+00
 0.00000000e+00 0.00000000e+00 0.00000000e+00 0.00000000e+00
 0.00000000e+00 0.00000000e+00 0.00000000e+00 2.19999995e+01
 0.00000000e+00 0.00000000e+00 0.00000000e+00 0.00000000e+00
 0.00000000e+00 0.00000000e+00 0.00000000e+00 0.00000000e+00
 0.00000000e+00 0.00000000e+00 0.00000000e+00 0.00000000e+00
 5.40711510e+00 1.00000000e+00 1.89573460e-03 8.56685877e+00
 2.14216164e-02 0.00000000e+00 0.00000000e+00 0.00000000e+00
 0.00000000e+00 0.00000000e+00 0.00000000e+00 0.00000000e+00
 0.00000000e+00]",Z3,8.144546270370483,sat,"['MathSAT', 'YICES', 'Z3', 'CVC4', 'BOOLECTOR', 'Bitwuzla']","[5, 2, 1.0855309963226318]"
./tmp/QF_AUFBV/com.galois.ecc.P384ECC64.mod_div1.short.smt2,"[0.         0.29898046 1.         0.         0.         0.
 0.         0.26827744 0.         0.         0.         0.
 0.         0.         1.         0.         0.         0.
 0.         0.         0.         0.         0.         0.
 0.         0.         0.         0.         0.         0.
 0.         0.94845361 1.         0.         0.         0.
 0.         1.09523809 0.         0.18196203 1.27777778 0.12724758
 0.14983713 0.         0.25206292 0.         0.08827634 0.14292055
 0.56392294 1.89989059 0.         0.34891818 3.13990222 0.04144144
 0.14935065 0.0198162  0.03225806 0.         0.         0.
 0.         0.         0.         0.01116234 0.         0.
 0.         0.         0.         0.         0.0125     0.
 0.         0.         0.         0.         0.21495327 0.
 0.         0.         0.18003914 0.         0.         0.
 0.         0.         0.         0.         0.         0.
 0.         0.         0.         0.         0.         0.
 0.         0.         0.         0.         0.         0.
 0.         0.         0.         0.         0.         0.
 0.         0.         0.         0.         0.         0.
 0.         0.         0.         0.         0.         0.
 0.         0.         0.         0.         0.         0.
 0.         0.         0.         0.         0.         0.
 0.         0.         0.         0.         0.         0.
 0.         0.         0.         0.         0.         0.
 0.         0.         0.         0.         0.25465052 1.
 0.29735477 0.11562043 0.29997254 0.         0.         0.
 0.         0.         0.14292055 0.         0.27752123]",YICES,0.10204696655273438,unsat,"['YICES', 'MathSAT', 'Bitwuzla', 'CVC4', 'Z3', 'BOOLECTOR']",[0.0926520824432373]
./tmp/QF_AUFBV/com.galois.ecc.P384ECC64.ec_twin_mul_aux1.short.smt2,"[0.         2.44980165 1.         0.         0.         0.
 0.         2.5689575  0.         0.         0.         0.
 0.         0.         1.         0.         0.         0.
 0.         0.         0.         0.         0.         0.
 0.         0.         0.         0.         0.         0.
 0.         0.95049505 1.         0.         0.         0.
 0.         1.09090909 0.         3.07862069 1.26315789 2.91616039
 3.86885246 0.         2.45680227 0.         1.34387352 3.37757437
 1.93236715 1.52459016 0.         2.26241694 1.25730577 5.02564103
 3.11864407 0.33975085 0.82198142 0.30188679 0.         0.
 0.         0.         0.         0.         0.         0.
 0.         0.         0.         0.         0.         0.
 0.         0.         0.         0.         0.         0.
 0.         0.         0.         0.         0.         0.
 0.         0.         0.         0.         0.         0.
 0.         0.         0.         0.         0.         0.
 0.         0.         0.         0.         0.         0.
 0.         0.         0.         0.         0.         0.
 0.         0.         0.         0.         0.         0.
 0.         0.         0.         0.         0.         0.
 0.         0.         0.         0.         0.         0.
 0.         0.         0.         0.         0.         0.
 0.         0.         0.         0.         0.         0.
 0.         0.         0.         0.         0.         0.
 0.         0.         0.         0.         1.06134963 1.
 2.45058806 0.83727974 2.31873992 0.         0.         0.
 0.         0.         3.37757437 0.         2.35098092]",Z3,4.791356801986694,unsat,"['Z3', 'Bitwuzla', 'YICES', 'MathSAT', 'CVC4', 'BOOLECTOR']",[4.741339921951294]
./tmp/QF_AUFBV/com.galois.ecc.P384ECC64.ec_full_add1.short.smt2,"[0.         0.36275468 1.         0.         0.         0.
 0.         0.16857565 0.         0.         0.         0.
 0.         0.         1.         0.         0.         0.
 0.         0.         0.         0.         0.         0.
 0.         0.         0.         0.         0.         0.
 0.         0.95238095 1.         0.         0.         0.
 0.         2.08333333 0.         0.20519836 1.25       0.15096618
 0.06811989 0.         0.2959172  0.         0.05750904 0.12333966
 0.89285714 0.93688363 0.         0.24534404 0.66770725 0.
 0.17531557 0.01768284 0.01450396 0.         0.         0.
 0.         0.         0.         0.         0.         0.
 0.         0.         0.         0.         0.         0.
 0.         0.         0.         0.         0.         0.
 0.         0.         0.         0.         0.         0.
 0.         0.         0.         0.         0.         0.
 0.         0.         0.         0.         0.         0.
 0.         0.         0.         0.         0.         0.
 0.         0.         0.         0.         0.         0.
 0.         0.         0.         0.         0.         0.
 0.         0.         0.         0.         0.         0.
 0.         0.         0.         0.         0.         0.
 0.         0.         0.         0.         0.         0.
 0.         0.         0.         0.         0.         0.
 0.         0.         0.         0.         0.         0.
 0.         0.         0.         0.         0.17430115 1.
 0.36128255 0.13597062 0.17549261 0.         0.         0.
 0.         0.         0.12333966 0.         0.11369716]",YICES,0.05373787879943848,unsat,"['YICES', 'CVC4', 'Z3', 'Bitwuzla', 'MathSAT', 'BOOLECTOR']",[0.0456540584564209]
./tmp/QF_AUFBV/opStructure_O_16_32_2_2.smt2,"[0.00000000e+00 1.95459329e-03 9.99999999e-01 0.00000000e+00
 0.00000000e+00 0.00000000e+00 0.00000000e+00 4.80236424e-03
 0.00000000e+00 0.00000000e+00 0.00000000e+00 0.00000000e+00
 0.00000000e+00 0.00000000e+00 9.99999999e-01 0.00000000e+00
 0.00000000e+00 0.00000000e+00 0.00000000e+00 0.00000000e+00
 0.00000000e+00 0.00000000e+00 0.00000000e+00 0.00000000e+00
 0.00000000e+00 0.00000000e+00 0.00000000e+00 0.00000000e+00
 0.00000000e+00 0.00000000e+00 0.00000000e+00 1.18181818e+00
 9.99999999e-01 0.00000000e+00 0.00000000e+00 0.00000000e+00
 5.31518678e+00 0.00000000e+00 5.19999997e+00 0.00000000e+00
 0.00000000e+00 3.13630881e-02 0.00000000e+00 0.00000000e+00
 4.45943628e-03 0.00000000e+00 0.00000000e+00 0.00000000e+00
 8.04953560e-02 3.41431385e-02 0.00000000e+00 1.15929105e-02
 5.39979232e-02 0.00000000e+00 0.00000000e+00 4.64102266e+00
 4.29765940e+00 0.00000000e+00 4.70353497e-01 2.02401887e+00
 0.00000000e+00 0.00000000e+00 5.20813772e+00 5.17270872e+00
 0.00000000e+00 0.00000000e+00 0.00000000e+00 5.22244017e+00
 0.00000000e+00 0.00000000e+00 0.00000000e+00 0.00000000e+00
 0.00000000e+00 0.00000000e+00 0.00000000e+00 0.00000000e+00
 0.00000000e+00 0.00000000e+00 0.00000000e+00 0.00000000e+00
 0.00000000e+00 0.00000000e+00 0.00000000e+00 0.00000000e+00
 0.00000000e+00 0.00000000e+00 0.00000000e+00 0.00000000e+00
 0.00000000e+00 0.00000000e+00 0.00000000e+00 0.00000000e+00
 0.00000000e+00 0.00000000e+00 0.00000000e+00 0.00000000e+00
 0.00000000e+00 0.00000000e+00 0.00000000e+00 0.00000000e+00
 0.00000000e+00 0.00000000e+00 0.00000000e+00 0.00000000e+00
 0.00000000e+00 0.00000000e+00 0.00000000e+00 0.00000000e+00
 0.00000000e+00 0.00000000e+00 0.00000000e+00 0.00000000e+00
 0.00000000e+00 0.00000000e+00 0.00000000e+00 0.00000000e+00
 0.00000000e+00 0.00000000e+00 0.00000000e+00 0.00000000e+00
 0.00000000e+00 0.00000000e+00 0.00000000e+00 0.00000000e+00
 0.00000000e+00 0.00000000e+00 0.00000000e+00 0.00000000e+00
 0.00000000e+00 0.00000000e+00 0.00000000e+00 0.00000000e+00
 0.00000000e+00 0.00000000e+00 0.00000000e+00 0.00000000e+00
 0.00000000e+00 0.00000000e+00 0.00000000e+00 0.00000000e+00
 0.00000000e+00 0.00000000e+00 0.00000000e+00 0.00000000e+00
 0.00000000e+00 0.00000000e+00 0.00000000e+00 0.00000000e+00
 1.79788161e+00 1.00000000e+00 3.91330524e-03 1.75923582e+00
 6.40236395e-03 0.00000000e+00 0.00000000e+00 0.00000000e+00
 0.00000000e+00 0.00000000e+00 0.00000000e+00 0.00000000e+00
 0.00000000e+00]",Z3,60.019999980926514,timeout (7.0 s),"['Bitwuzla', 'Z3', 'CVC4', 'YICES', 'BOOLECTOR', 'MathSAT']","[53, 7]"
./tmp/QF_AUFBV/com.galois.ecc.P384ECC64.mod_div10.short.smt2,"[0.         0.26131626 1.         0.         0.         0.
 0.         0.22011542 0.         0.         0.         0.
 0.         0.         1.         0.         0.         0.
 0.         0.         0.         0.         0.         0.
 0.         0.         0.         0.         0.         0.
 0.         0.94736842 1.         0.         0.         0.
 0.         1.08       0.         0.11035422 1.28571428 0.06498195
 0.12206148 0.         0.21743322 0.         0.07961992 0.0919062
 0.57272727 1.77239264 0.         0.30942149 2.8504644  0.
 0.07552448 0.00940985 0.02177419 0.         0.         0.
 0.         0.         0.         0.00787019 0.         0.
 0.         0.         0.         0.         0.01466594 0.
 0.         0.         0.         0.         0.         0.
 0.         0.         0.20970874 0.         0.         0.
 0.         0.         0.         0.         0.         0.
 0.         0.         0.         0.         0.         0.
 0.         0.         0.         0.         0.         0.
 0.         0.         0.         0.         0.         0.
 0.         0.         0.         0.         0.         0.
 0.         0.         0.         0.         0.         0.
 0.         0.         0.         0.         0.         0.
 0.         0.         0.         0.         0.         0.
 0.         0.         0.         0.         0.         0.
 0.         0.         0.         0.         0.         0.
 0.         0.         0.         0.         0.23489452 1.
 0.25959603 0.10537222 0.25356751 0.         0.         0.
 0.         0.         0.0919062  0.         0.22562674]",CVC4,0.15426397323608398,unsat,"['CVC4', 'Z3', 'YICES', 'Bitwuzla', 'MathSAT', 'BOOLECTOR']",[0.14833712577819824]
./tmp/QF_AUFBV/opStructure_NPT_1.smt2,"[0.         0.00208442 1.         0.         0.         0.
 0.         0.00512867 0.         0.         0.         0.
 0.         0.         1.         0.         0.         0.
 0.         0.         0.         0.         0.         0.
 0.         0.         0.         0.         0.         0.
 0.         1.17647059 1.         0.         0.         0.
 0.08907186 0.         0.         0.         0.         0.03365385
 0.         0.         0.0031755  0.         0.         0.
 0.08459215 0.03431373 0.         0.01233616 0.05191595 0.
 0.         0.         0.         0.         0.02790605 0.03398543
 0.         0.         0.         0.04074901 0.         0.
 0.         0.         0.         0.         0.         0.
 0.         0.         0.         0.         0.         0.
 0.         0.         0.         0.         0.         0.
 0.         0.         0.         0.         0.         0.
 0.         0.         0.         0.         0.         0.
 0.         0.         0.         0.         0.         0.
 0.         0.         0.         0.         0.         0.
 0.         0.         0.         0.         0.         0.
 0.         0.         0.         0.         0.         0.
 0.         0.         0.         0.         0.         0.
 0.         0.         0.         0.         0.         0.
 0.         0.         0.         0.         0.         0.
 0.         0.         0.         0.         0.         0.
 0.         0.         0.         0.         0.02407244 1.
 0.00417319 0.02101721 0.00682844 0.         0.         0.
 0.         0.         0.         0.         0.        ]",Bitwuzla,60.000707149505615,timeout (6.0 s),"['YICES', 'BOOLECTOR', 'Z3', 'Bitwuzla', 'MathSAT', 'CVC4']","[2, 1, 51, 6]"
./tmp/QF_AUFBV/com.galois.ecc.P384ECC64.sq_inner13.short.smt2,"[0.00000000e+00 6.46215554e-02 9.99999999e-01 0.00000000e+00
 0.00000000e+00 0.00000000e+00 0.00000000e+00 6.36023028e-02
 0.00000000e+00 0.00000000e+00 0.00000000e+00 0.00000000e+00
 0.00000000e+00 0.00000000e+00 9.99999999e-01 0.00000000e+00
 0.00000000e+00 0.00000000e+00 0.00000000e+00 0.00000000e+00
 0.00000000e+00 0.00000000e+00 0.00000000e+00 0.00000000e+00
 0.00000000e+00 0.00000000e+00 0.00000000e+00 0.00000000e+00
 0.00000000e+00 0.00000000e+00 0.00000000e+00 9.43089431e-01
 9.99999999e-01 0.00000000e+00 0.00000000e+00 0.00000000e+00
 0.00000000e+00 1.11538461e+00 0.00000000e+00 7.88043478e-02
 1.31818182e+00 6.95443645e-02 0.00000000e+00 0.00000000e+00
 4.92499292e-02 0.00000000e+00 3.79581152e-02 3.28673971e-02
 4.37405732e-02 1.45861911e-01 0.00000000e+00 7.96353251e-02
 2.04664007e-01 8.23863636e-02 4.05027933e-02 1.01033562e-02
 0.00000000e+00 1.81250000e-01 9.63391137e-04 0.00000000e+00
 0.00000000e+00 0.00000000e+00 5.67181694e-03 2.81334886e-03
 0.00000000e+00 0.00000000e+00 0.00000000e+00 0.00000000e+00
 0.00000000e+00 0.00000000e+00 0.00000000e+00 0.00000000e+00
 0.00000000e+00 0.00000000e+00 0.00000000e+00 0.00000000e+00
 5.32110092e-01 4.14285713e+00 0.00000000e+00 0.00000000e+00
 0.00000000e+00 0.00000000e+00 0.00000000e+00 0.00000000e+00
 5.27272727e+00 0.00000000e+00 0.00000000e+00 0.00000000e+00
 0.00000000e+00 0.00000000e+00 0.00000000e+00 0.00000000e+00
 0.00000000e+00 0.00000000e+00 0.00000000e+00 0.00000000e+00
 0.00000000e+00 0.00000000e+00 0.00000000e+00 0.00000000e+00
 0.00000000e+00 0.00000000e+00 0.00000000e+00 0.00000000e+00
 0.00000000e+00 0.00000000e+00 0.00000000e+00 0.00000000e+00
 0.00000000e+00 0.00000000e+00 0.00000000e+00 0.00000000e+00
 0.00000000e+00 0.00000000e+00 0.00000000e+00 0.00000000e+00
 0.00000000e+00 0.00000000e+00 0.00000000e+00 0.00000000e+00
 0.00000000e+00 0.00000000e+00 0.00000000e+00 0.00000000e+00
 0.00000000e+00 0.00000000e+00 0.00000000e+00 0.00000000e+00
 0.00000000e+00 0.00000000e+00 0.00000000e+00 0.00000000e+00
 0.00000000e+00 0.00000000e+00 0.00000000e+00 0.00000000e+00
 0.00000000e+00 0.00000000e+00 0.00000000e+00 0.00000000e+00
 0.00000000e+00 0.00000000e+00 0.00000000e+00 0.00000000e+00
 0.00000000e+00 0.00000000e+00 0.00000000e+00 0.00000000e+00
 3.86580023e-02 1.00000000e+00 6.25371802e-02 4.34703952e-02
 7.05510279e-02 0.00000000e+00 0.00000000e+00 0.00000000e+00
 0.00000000e+00 0.00000000e+00 3.28673971e-02 0.00000000e+00
 7.29028844e-02]",MathSAT,0.09606719017028809,sat,"['MathSAT', 'YICES', 'Z3', 'CVC4', 'Bitwuzla', 'BOOLECTOR']",[0.09376716613769531]
./tmp/QF_AUFBV/opStructure_NPT_2.smt2,"[0.         0.00222816 1.         0.         0.         0.
 0.         0.00548196 0.         0.         0.         0.
 0.         0.         1.         0.         0.         0.
 0.         0.         0.         0.         0.         0.
 0.         0.         0.         0.         0.         0.
 0.         1.171875   1.         0.         0.         0.
 0.05603287 0.         0.         0.         0.         0.03592814
 0.         0.         0.00339616 0.         0.         0.
 0.09022556 0.03653524 0.         0.01317523 0.05513017 0.
 0.         0.         0.         0.         0.01792829 0.02140411
 0.         0.         0.         0.0261704  0.         0.
 0.         0.         0.         0.         0.         0.
 0.         0.         0.         0.         0.         0.
 0.         0.         0.         0.         0.         0.
 0.         0.         0.         0.         0.         0.
 0.         0.         0.         0.         0.         0.
 0.         0.         0.         0.         0.         0.
 0.         0.         0.         0.         0.         0.
 0.         0.         0.         0.         0.         0.
 0.         0.         0.         0.         0.         0.
 0.         0.         0.         0.         0.         0.
 0.         0.         0.         0.         0.         0.
 0.         0.         0.         0.         0.         0.
 0.         0.         0.         0.         0.         0.
 0.         0.         0.         0.         0.01850929 1.
 0.00446097 0.01601502 0.00729661 0.         0.         0.
 0.         0.         0.         0.         0.        ]",YICES,0.15529775619506836,sat,"['YICES', 'Bitwuzla', 'MathSAT', 'CVC4', 'Z3', 'BOOLECTOR']",[0.15368890762329102]
./tmp/QF_AUFBV/opStructure_MBA_7.smt2,"[0.00000000e+00 2.30226513e-03 9.99999999e-01 0.00000000e+00
 0.00000000e+00 0.00000000e+00 0.00000000e+00 1.98137327e-02
 0.00000000e+00 0.00000000e+00 0.00000000e+00 0.00000000e+00
 0.00000000e+00 0.00000000e+00 9.99999999e-01 0.00000000e+00
 0.00000000e+00 0.00000000e+00 0.00000000e+00 0.00000000e+00
 0.00000000e+00 0.00000000e+00 0.00000000e+00 0.00000000e+00
 0.00000000e+00 0.00000000e+00 0.00000000e+00 0.00000000e+00
 0.00000000e+00 0.00000000e+00 0.00000000e+00 1.16541353e+00
 9.99999999e-01 0.00000000e+00 0.00000000e+00 0.00000000e+00
 6.35601118e-02 0.00000000e+00 5.16666664e+00 0.00000000e+00
 0.00000000e+00 0.00000000e+00 0.00000000e+00 0.00000000e+00
 3.50897051e-03 0.00000000e+00 0.00000000e+00 0.00000000e+00
 3.22916667e-01 1.31574958e-01 0.00000000e+00 4.75772857e-02
 1.98113208e-01 0.00000000e+00 0.00000000e+00 1.43934997e-02
 1.99871051e-02 0.00000000e+00 2.31711133e+01 1.85929183e+01
 0.00000000e+00 0.00000000e+00 2.52570320e-01 0.00000000e+00
 0.00000000e+00 0.00000000e+00 0.00000000e+00 6.06891151e-02
 0.00000000e+00 0.00000000e+00 1.82152778e+01 0.00000000e+00
 0.00000000e+00 0.00000000e+00 0.00000000e+00 0.00000000e+00
 0.00000000e+00 0.00000000e+00 0.00000000e+00 0.00000000e+00
 0.00000000e+00 0.00000000e+00 0.00000000e+00 0.00000000e+00
 0.00000000e+00 0.00000000e+00 0.00000000e+00 0.00000000e+00
 0.00000000e+00 0.00000000e+00 0.00000000e+00 0.00000000e+00
 0.00000000e+00 0.00000000e+00 0.00000000e+00 0.00000000e+00
 0.00000000e+00 0.00000000e+00 0.00000000e+00 0.00000000e+00
 0.00000000e+00 0.00000000e+00 0.00000000e+00 0.00000000e+00
 0.00000000e+00 0.00000000e+00 0.00000000e+00 0.00000000e+00
 0.00000000e+00 0.00000000e+00 0.00000000e+00 0.00000000e+00
 0.00000000e+00 0.00000000e+00 0.00000000e+00 0.00000000e+00
 0.00000000e+00 0.00000000e+00 0.00000000e+00 0.00000000e+00
 0.00000000e+00 0.00000000e+00 0.00000000e+00 0.00000000e+00
 0.00000000e+00 0.00000000e+00 0.00000000e+00 0.00000000e+00
 0.00000000e+00 0.00000000e+00 0.00000000e+00 0.00000000e+00
 0.00000000e+00 0.00000000e+00 0.00000000e+00 1.54999998e+01
 0.00000000e+00 0.00000000e+00 0.00000000e+00 0.00000000e+00
 0.00000000e+00 0.00000000e+00 0.00000000e+00 0.00000000e+00
 0.00000000e+00 0.00000000e+00 0.00000000e+00 0.00000000e+00
 1.16554236e+01 1.00000000e+00 2.30466136e-03 1.54788848e+01
 2.63669502e-02 0.00000000e+00 0.00000000e+00 0.00000000e+00
 0.00000000e+00 0.00000000e+00 0.00000000e+00 0.00000000e+00
 0.00000000e+00]",YICES,1.536850929260254,sat,"['YICES', 'Z3', 'MathSAT', 'BOOLECTOR', 'CVC4', 'Bitwuzla']",[1.3499159812927246]
./tmp/QF_AUFBV/com.galois.ecc.P384ECC64.mul_inner3.short.smt2,"[0.00000000e+00 3.17647059e-01 9.99999999e-01 0.00000000e+00
 0.00000000e+00 0.00000000e+00 0.00000000e+00 2.46443780e-01
 0.00000000e+00 0.00000000e+00 0.00000000e+00 0.00000000e+00
 0.00000000e+00 0.00000000e+00 9.99999999e-01 0.00000000e+00
 0.00000000e+00 0.00000000e+00 0.00000000e+00 0.00000000e+00
 0.00000000e+00 0.00000000e+00 0.00000000e+00 0.00000000e+00
 0.00000000e+00 0.00000000e+00 0.00000000e+00 0.00000000e+00
 0.00000000e+00 0.00000000e+00 0.00000000e+00 9.34306569e-01
 9.99999999e-01 0.00000000e+00 0.00000000e+00 0.00000000e+00
 0.00000000e+00 1.18518518e+00 0.00000000e+00 2.58760108e-01
 1.39130435e+00 3.78698225e-01 2.01257862e-01 0.00000000e+00
 2.56905457e-01 0.00000000e+00 1.45928339e-01 2.63769202e-01
 1.89349112e-01 3.88140162e-01 2.13333331e+01 2.54051115e-01
 2.22423693e-01 1.30790191e+00 2.21914008e-01 4.82151136e-02
 3.60650459e-02 0.00000000e+00 1.07319527e-03 9.13737472e-04
 0.00000000e+00 0.00000000e+00 0.00000000e+00 0.00000000e+00
 0.00000000e+00 0.00000000e+00 0.00000000e+00 0.00000000e+00
 0.00000000e+00 0.00000000e+00 0.00000000e+00 0.00000000e+00
 0.00000000e+00 0.00000000e+00 0.00000000e+00 0.00000000e+00
 0.00000000e+00 9.59999997e+00 0.00000000e+00 0.00000000e+00
 0.00000000e+00 0.00000000e+00 0.00000000e+00 0.00000000e+00
 1.24444444e+01 0.00000000e+00 0.00000000e+00 0.00000000e+00
 0.00000000e+00 0.00000000e+00 0.00000000e+00 0.00000000e+00
 0.00000000e+00 0.00000000e+00 0.00000000e+00 0.00000000e+00
 0.00000000e+00 0.00000000e+00 0.00000000e+00 0.00000000e+00
 0.00000000e+00 0.00000000e+00 0.00000000e+00 0.00000000e+00
 0.00000000e+00 0.00000000e+00 0.00000000e+00 0.00000000e+00
 0.00000000e+00 0.00000000e+00 0.00000000e+00 0.00000000e+00
 0.00000000e+00 0.00000000e+00 0.00000000e+00 0.00000000e+00
 0.00000000e+00 0.00000000e+00 0.00000000e+00 0.00000000e+00
 0.00000000e+00 0.00000000e+00 0.00000000e+00 0.00000000e+00
 0.00000000e+00 0.00000000e+00 0.00000000e+00 0.00000000e+00
 0.00000000e+00 0.00000000e+00 0.00000000e+00 0.00000000e+00
 0.00000000e+00 0.00000000e+00 0.00000000e+00 0.00000000e+00
 0.00000000e+00 0.00000000e+00 0.00000000e+00 0.00000000e+00
 0.00000000e+00 0.00000000e+00 0.00000000e+00 0.00000000e+00
 0.00000000e+00 0.00000000e+00 0.00000000e+00 0.00000000e+00
 8.70077161e-02 1.00000000e+00 3.15642252e-01 6.23701160e-02
 2.39266763e-01 0.00000000e+00 0.00000000e+00 0.00000000e+00
 0.00000000e+00 0.00000000e+00 2.63769202e-01 0.00000000e+00
 2.43697479e-01]",CVC4,0.40851807594299316,sat,"['CVC4', 'YICES', 'Z3', 'MathSAT', 'Bitwuzla', 'BOOLECTOR']",[0.40311503410339355]
./tmp/QF_AUFBV/com.galois.ecc.P384ECC64.verifySignature.short.smt2,"[0.00000000e+00 2.62025316e+00 9.99999999e-01 0.00000000e+00
 0.00000000e+00 0.00000000e+00 0.00000000e+00 2.62546910e+00
 0.00000000e+00 0.00000000e+00 0.00000000e+00 0.00000000e+00
 0.00000000e+00 0.00000000e+00 9.99999999e-01 0.00000000e+00
 0.00000000e+00 0.00000000e+00 0.00000000e+00 0.00000000e+00
 0.00000000e+00 0.00000000e+00 0.00000000e+00 0.00000000e+00
 0.00000000e+00 0.00000000e+00 0.00000000e+00 0.00000000e+00
 0.00000000e+00 0.00000000e+00 0.00000000e+00 9.36170213e-01
 9.99999999e-01 0.00000000e+00 0.00000000e+00 0.00000000e+00
 0.00000000e+00 1.17857143e+00 0.00000000e+00 3.60504202e+00
 1.37500000e+00 3.95312500e+00 3.37983871e+00 0.00000000e+00
 2.30569191e+00 0.00000000e+00 1.12146004e+00 3.65078307e+00
 3.05637584e+00 2.51950207e+00 0.00000000e+00 2.34690373e+00
 2.10975955e+00 5.30831099e-01 3.66214550e+00 4.34061535e-01
 6.61249606e-01 3.16949152e+00 1.38335779e-03 0.00000000e+00
 0.00000000e+00 0.00000000e+00 0.00000000e+00 0.00000000e+00
 1.05000000e+01 0.00000000e+00 0.00000000e+00 0.00000000e+00
 0.00000000e+00 0.00000000e+00 7.39081747e-03 0.00000000e+00
 0.00000000e+00 0.00000000e+00 0.00000000e+00 0.00000000e+00
 0.00000000e+00 0.00000000e+00 0.00000000e+00 0.00000000e+00
 5.41071429e+00 0.00000000e+00 0.00000000e+00 0.00000000e+00
 0.00000000e+00 0.00000000e+00 0.00000000e+00 0.00000000e+00
 0.00000000e+00 0.00000000e+00 0.00000000e+00 0.00000000e+00
 0.00000000e+00 0.00000000e+00 0.00000000e+00 0.00000000e+00
 0.00000000e+00 0.00000000e+00 0.00000000e+00 0.00000000e+00
 0.00000000e+00 0.00000000e+00 0.00000000e+00 0.00000000e+00
 0.00000000e+00 0.00000000e+00 0.00000000e+00 0.00000000e+00
 0.00000000e+00 0.00000000e+00 0.00000000e+00 0.00000000e+00
 0.00000000e+00 0.00000000e+00 0.00000000e+00 0.00000000e+00
 0.00000000e+00 0.00000000e+00 0.00000000e+00 0.00000000e+00
 0.00000000e+00 0.00000000e+00 0.00000000e+00 0.00000000e+00
 0.00000000e+00 0.00000000e+00 0.00000000e+00 0.00000000e+00
 0.00000000e+00 0.00000000e+00 0.00000000e+00 0.00000000e+00
 0.00000000e+00 0.00000000e+00 0.00000000e+00 0.00000000e+00
 0.00000000e+00 0.00000000e+00 0.00000000e+00 0.00000000e+00
 0.00000000e+00 0.00000000e+00 0.00000000e+00 0.00000000e+00
 0.00000000e+00 0.00000000e+00 0.00000000e+00 0.00000000e+00
 7.28358595e-01 1.00000000e+00 2.62085790e+00 4.32147361e-01
 2.21287129e+00 0.00000000e+00 0.00000000e+00 0.00000000e+00
 0.00000000e+00 0.00000000e+00 3.65078307e+00 0.00000000e+00
 2.13569937e+00]",CVC4,2.2446787357330322,unsat,"['CVC4', 'YICES', 'Z3', 'MathSAT', 'Bitwuzla', 'BOOLECTOR']",[2.1977739334106445]
./tmp/QF_AUFBV/com.galois.ecc.P384ECC64.signHash4.short.smt2,"[0.         2.71491747 1.         0.         0.         0.
 0.         2.82835079 0.         0.         0.         0.
 0.         0.         1.         0.         0.         0.
 0.         0.         0.         0.         0.         0.
 0.         0.         0.         0.         0.         0.
 0.         0.93793103 1.         0.         0.         0.
 0.         1.17241379 0.         4.43632568 1.36       4.54151625
 3.24872356 0.         2.3916695  0.         1.32627759 4.02526439
 2.49502488 2.16627817 0.         2.4183166  1.90654206 0.09090909
 4.50909091 0.56596558 0.68851445 3.91       0.         0.
 0.         0.         0.         0.         5.5047619  0.
 0.         0.         0.         0.         0.03423202 0.
 0.         0.         0.         0.         0.         0.
 0.         0.         7.82       0.         0.         0.
 0.         0.         0.         0.         0.         0.
 0.         0.         0.         0.         0.         0.
 0.         0.         0.         0.         0.         0.
 0.         0.         0.         0.         0.         0.
 0.         0.         0.         0.         0.         0.
 0.         0.         0.         0.         0.         0.
 0.         0.         0.         0.         0.         0.
 0.         0.         0.         0.         0.         0.
 0.         0.         0.         0.         0.         0.
 0.         0.         0.         0.         0.         0.
 0.         0.         0.         0.         0.78919611 1.
 2.71567527 0.47377434 2.38995816 0.         0.         0.
 0.         0.         4.02526439 0.         2.38031064]",CVC4,1.9620141983032227,unsat,"['CVC4', 'YICES', 'MathSAT', 'BOOLECTOR', 'Bitwuzla', 'Z3']",[1.9120981693267822]
./tmp/QF_AUFBV/com.galois.ecc.P384ECC64.ec_full_add3.short.smt2,"[0.         0.83834884 1.         0.         0.         0.
 0.         0.68735477 0.         0.         0.         0.
 0.         0.         1.         0.         0.         0.
 0.         0.         0.         0.         0.         0.
 0.         0.         0.         0.         0.         0.
 0.         0.93959732 1.         0.         0.         0.
 0.         1.16666667 0.         0.6454918  1.34615384 0.55950266
 0.79828938 0.         0.78726332 0.         0.35618078 0.67559781
 1.01449275 1.67447596 0.         0.73626676 1.86678463 0.27851459
 0.625      0.07071501 0.17228119 0.17412935 0.         0.
 0.         0.         0.         0.         0.         0.
 0.         0.         0.         0.         0.         0.
 0.         0.         0.         0.         0.         0.
 0.         0.         0.         0.         0.         0.
 0.         0.         0.         0.         0.         0.
 0.         0.         0.         0.         0.         0.
 0.         0.         0.         0.         0.         0.
 0.         0.         0.         0.         0.         0.
 0.         0.         0.         0.         0.         0.
 0.         0.         0.         0.         0.         0.
 0.         0.         0.         0.         0.         0.
 0.         0.         0.         0.         0.         0.
 0.         0.         0.         0.         0.         0.
 0.         0.         0.         0.         0.         0.
 0.         0.         0.         0.         0.29233419 1.
 0.83713712 0.16249557 0.67853113 0.         0.         0.
 0.         0.         0.67559781 0.         0.64734895]",CVC4,0.6507599353790283,unsat,"['CVC4', 'YICES', 'MathSAT', 'Z3', 'BOOLECTOR', 'Bitwuzla']",[0.6345770359039307]
./tmp/QF_AUFBV/com.galois.ecc.P384ECC64.sq_inner23.short.smt2,"[0.00000000e+00 8.73309479e-02 9.99999999e-01 0.00000000e+00
 0.00000000e+00 0.00000000e+00 0.00000000e+00 9.41985646e-02
 0.00000000e+00 0.00000000e+00 0.00000000e+00 0.00000000e+00
 0.00000000e+00 0.00000000e+00 9.99999999e-01 0.00000000e+00
 0.00000000e+00 0.00000000e+00 0.00000000e+00 0.00000000e+00
 0.00000000e+00 0.00000000e+00 0.00000000e+00 0.00000000e+00
 0.00000000e+00 0.00000000e+00 0.00000000e+00 0.00000000e+00
 0.00000000e+00 0.00000000e+00 0.00000000e+00 9.41176470e-01
 9.99999999e-01 0.00000000e+00 0.00000000e+00 0.00000000e+00
 0.00000000e+00 1.16129032e+00 0.00000000e+00 7.36196319e-02
 1.33333333e+00 6.38297872e-02 0.00000000e+00 0.00000000e+00
 6.82044238e-02 0.00000000e+00 4.30493274e-02 3.10880829e-02
 4.34258142e-02 1.45892177e-01 0.00000000e+00 1.21944521e-01
 2.08092486e-01 9.52380952e-02 3.77754460e-02 2.42288278e-02
 0.00000000e+00 3.54679803e-01 9.05447777e-04 2.05579191e-03
 0.00000000e+00 0.00000000e+00 6.98215671e-03 6.97742029e-03
 0.00000000e+00 0.00000000e+00 0.00000000e+00 0.00000000e+00
 0.00000000e+00 0.00000000e+00 0.00000000e+00 0.00000000e+00
 0.00000000e+00 0.00000000e+00 0.00000000e+00 0.00000000e+00
 9.64285714e-01 5.99999998e+00 0.00000000e+00 0.00000000e+00
 0.00000000e+00 0.00000000e+00 0.00000000e+00 0.00000000e+00
 3.60000000e+00 0.00000000e+00 0.00000000e+00 0.00000000e+00
 0.00000000e+00 0.00000000e+00 0.00000000e+00 0.00000000e+00
 0.00000000e+00 0.00000000e+00 0.00000000e+00 0.00000000e+00
 0.00000000e+00 0.00000000e+00 0.00000000e+00 0.00000000e+00
 0.00000000e+00 0.00000000e+00 0.00000000e+00 0.00000000e+00
 0.00000000e+00 0.00000000e+00 0.00000000e+00 0.00000000e+00
 0.00000000e+00 0.00000000e+00 0.00000000e+00 0.00000000e+00
 0.00000000e+00 0.00000000e+00 0.00000000e+00 0.00000000e+00
 0.00000000e+00 0.00000000e+00 0.00000000e+00 0.00000000e+00
 0.00000000e+00 0.00000000e+00 0.00000000e+00 0.00000000e+00
 0.00000000e+00 0.00000000e+00 0.00000000e+00 0.00000000e+00
 0.00000000e+00 0.00000000e+00 0.00000000e+00 0.00000000e+00
 0.00000000e+00 0.00000000e+00 0.00000000e+00 0.00000000e+00
 0.00000000e+00 0.00000000e+00 0.00000000e+00 0.00000000e+00
 0.00000000e+00 0.00000000e+00 0.00000000e+00 0.00000000e+00
 0.00000000e+00 0.00000000e+00 0.00000000e+00 0.00000000e+00
 3.48333961e-02 1.00000000e+00 8.52459016e-02 3.04312341e-02
 1.14110429e-01 0.00000000e+00 0.00000000e+00 0.00000000e+00
 0.00000000e+00 0.00000000e+00 3.10880829e-02 0.00000000e+00
 1.20656910e-01]",CVC4,0.29225802421569824,sat,"['CVC4', 'YICES', 'BOOLECTOR', 'MathSAT', 'Bitwuzla', 'Z3']",[0.29000091552734375]
./tmp/QF_AUFBV/com.galois.ecc.P384ECC64.sq_inner12.short.smt2,"[0.00000000e+00 1.56410411e-01 9.99999999e-01 0.00000000e+00
 0.00000000e+00 0.00000000e+00 0.00000000e+00 6.90246996e-02
 0.00000000e+00 0.00000000e+00 0.00000000e+00 0.00000000e+00
 0.00000000e+00 0.00000000e+00 9.99999999e-01 0.00000000e+00
 0.00000000e+00 0.00000000e+00 0.00000000e+00 0.00000000e+00
 0.00000000e+00 0.00000000e+00 0.00000000e+00 0.00000000e+00
 0.00000000e+00 0.00000000e+00 0.00000000e+00 0.00000000e+00
 0.00000000e+00 0.00000000e+00 0.00000000e+00 9.42675159e-01
 9.99999999e-01 0.00000000e+00 0.00000000e+00 0.00000000e+00
 0.00000000e+00 1.15625000e+00 0.00000000e+00 7.55102041e-02
 1.32142857e+00 6.54867257e-02 0.00000000e+00 0.00000000e+00
 1.22267856e-01 0.00000000e+00 4.41922962e-02 3.19240725e-02
 1.33413462e-01 3.28748783e-01 9.24999991e+00 9.46032326e-02
 2.12643678e-01 1.32142857e+00 3.87840671e-02 1.24467369e-02
 0.00000000e+00 0.00000000e+00 3.10197101e-04 0.00000000e+00
 0.00000000e+00 0.00000000e+00 7.17471398e-03 0.00000000e+00
 0.00000000e+00 0.00000000e+00 0.00000000e+00 0.00000000e+00
 0.00000000e+00 0.00000000e+00 0.00000000e+00 0.00000000e+00
 0.00000000e+00 0.00000000e+00 0.00000000e+00 0.00000000e+00
 3.27433628e-01 2.84615384e+00 0.00000000e+00 0.00000000e+00
 0.00000000e+00 0.00000000e+00 0.00000000e+00 0.00000000e+00
 3.36363636e+00 0.00000000e+00 0.00000000e+00 0.00000000e+00
 0.00000000e+00 0.00000000e+00 0.00000000e+00 0.00000000e+00
 0.00000000e+00 0.00000000e+00 0.00000000e+00 0.00000000e+00
 0.00000000e+00 0.00000000e+00 0.00000000e+00 0.00000000e+00
 0.00000000e+00 0.00000000e+00 0.00000000e+00 0.00000000e+00
 0.00000000e+00 0.00000000e+00 0.00000000e+00 0.00000000e+00
 0.00000000e+00 0.00000000e+00 0.00000000e+00 0.00000000e+00
 0.00000000e+00 0.00000000e+00 0.00000000e+00 0.00000000e+00
 0.00000000e+00 0.00000000e+00 0.00000000e+00 0.00000000e+00
 0.00000000e+00 0.00000000e+00 0.00000000e+00 0.00000000e+00
 0.00000000e+00 0.00000000e+00 0.00000000e+00 0.00000000e+00
 0.00000000e+00 0.00000000e+00 0.00000000e+00 0.00000000e+00
 0.00000000e+00 0.00000000e+00 0.00000000e+00 0.00000000e+00
 0.00000000e+00 0.00000000e+00 0.00000000e+00 0.00000000e+00
 0.00000000e+00 0.00000000e+00 0.00000000e+00 0.00000000e+00
 0.00000000e+00 0.00000000e+00 0.00000000e+00 0.00000000e+00
 5.20100091e-02 1.00000000e+00 1.54362416e-01 4.26286784e-02
 7.92776247e-02 0.00000000e+00 0.00000000e+00 0.00000000e+00
 0.00000000e+00 0.00000000e+00 3.19240725e-02 0.00000000e+00
 7.42557699e-02]",YICES,0.14942693710327148,sat,"['YICES', 'CVC4', 'Z3', 'MathSAT', 'BOOLECTOR', 'Bitwuzla']",[0.1454761028289795]
./tmp/QF_AUFBV/com.galois.ecc.P384ECC64.ec_mul_aux3.short.smt2,"[ 0.          6.66948815  1.          0.          0.          0.
  0.          7.65027713  0.          0.          0.          0.
  0.          0.          1.          0.          0.          0.
  0.          0.          0.          0.          0.          0.
  0.          0.          0.          0.          0.          0.
  0.          0.94409938  1.          0.          0.          0.
  0.          1.15151515  0.          3.32588454  1.31034483  3.86645469
  3.1997389   0.          8.00469519  0.         14.46347328  3.47530703
  1.70149254  1.13084554  0.          8.32460957  1.42568543  5.9655914
  3.44137274  1.08050986  0.74498567 10.74204947  0.          0.
  0.          0.          0.02945166  0.36110578 10.0979021   0.
  0.          0.          0.          0.          0.          0.
  0.          0.          0.          0.         18.02790697  0.
  0.          0.          4.51982379  0.          0.          0.
  0.          0.          0.          0.          0.          0.
  0.          0.          0.          0.          0.          0.
  0.          0.          0.          0.          0.          0.
  0.          0.          0.          0.          0.          0.
  0.          0.          0.          0.          0.          0.
  0.          0.          0.          0.          0.          0.
  0.          0.          0.          0.          0.          0.
  0.          0.          0.          0.          0.          0.
  0.          0.          0.          0.          0.          0.
  0.          0.          0.          0.          0.          0.
  0.          0.          0.          0.          2.54979139  1.
  6.67457509  1.40709737  8.96226415  0.          0.          0.
  0.          0.          3.47530703  0.          9.49125889]",CVC4,3.054887056350708,unsat,"['CVC4', 'MathSAT', 'YICES', 'BOOLECTOR', 'Z3', 'Bitwuzla']",[2.9143691062927246]
./tmp/QF_AUFBV/com.galois.ecc.P384ECC64.mod_div14.short.smt2,"[0.         0.30441656 1.         0.         0.         0.
 0.         0.27006392 0.         0.         0.         0.
 0.         0.         1.         0.         0.         0.
 0.         0.         0.         0.         0.         0.
 0.         0.         0.         0.         0.         0.
 0.         0.94545455 1.         0.         0.         0.
 0.         1.14705882 0.         0.21666667 1.3        0.1543943
 0.15214564 0.         0.25267484 0.         0.0863628  0.16237315
 0.61694915 1.9305197  0.         0.34457167 3.04390244 0.04189044
 0.18500949 0.02971914 0.04112685 0.         0.         0.
 0.         0.         0.         0.01496834 0.         0.
 0.         0.         0.         0.         0.01308432 0.
 0.         0.         0.         0.         0.18055556 0.
 0.         0.         0.25601751 0.         0.         0.
 0.         0.         0.         0.         0.         0.
 0.         0.         0.         0.         0.         0.
 0.         0.         0.         0.         0.         0.
 0.         0.         0.         0.         0.         0.
 0.         0.         0.         0.         0.         0.
 0.         0.         0.         0.         0.         0.
 0.         0.         0.         0.         0.         0.
 0.         0.         0.         0.         0.         0.
 0.         0.         0.         0.         0.         0.
 0.         0.         0.         0.         0.         0.
 0.         0.         0.         0.         0.20546346 1.
 0.30281899 0.08308054 0.29572888 0.         0.         0.
 0.         0.         0.16237315 0.         0.27211562]",CVC4,0.30169081687927246,unsat,"['CVC4', 'Z3', 'MathSAT', 'YICES', 'Bitwuzla', 'BOOLECTOR']",[0.2922029495239258]
./tmp/QF_AUFBV/com.galois.ecc.P384ECC64.ec_mul_aux2.short.smt2,"[ 0.          5.93259562  1.          0.          0.          0.
  0.          6.6646937   0.          0.          0.          0.
  0.          0.          1.          0.          0.          0.
  0.          0.          0.          0.          0.          0.
  0.          0.          0.          0.          0.          0.
  0.          0.94674556  1.          0.          0.          0.
  0.          1.14285714  0.          3.20272572  1.29032258  3.68080518
  3.09538092  0.          6.92260593  0.         11.00976327  3.33889816
  1.68831169  1.10031656  0.          7.1358885   1.3373339   5.42246982
  3.30722367  1.10511273  0.76832151  8.815427    0.          0.
  0.          0.          0.03097773  0.37639008  8.39779005  0.
  0.          0.          0.          0.          0.          0.
  0.          0.          0.          0.         12.83018868  0.
  0.          0.          4.22700587  0.          0.          0.
  0.          0.          0.          0.          0.          0.
  0.          0.          0.          0.          0.          0.
  0.          0.          0.          0.          0.          0.
  0.          0.          0.          0.          0.          0.
  0.          0.          0.          0.          0.          0.
  0.          0.          0.          0.          0.          0.
  0.          0.          0.          0.          0.          0.
  0.          0.          0.          0.          0.          0.
  0.          0.          0.          0.          0.          0.
  0.          0.          0.          0.          0.          0.
  0.          0.          0.          0.          2.50279842  1.
  5.93665768  1.42533379  7.58668255  0.          0.          0.
  0.          0.          3.33889816  0.          7.94941764]",MathSAT,0.5449180603027344,unsat,"['MathSAT', 'CVC4', 'YICES', 'Z3', 'BOOLECTOR', 'Bitwuzla']",[0.3908569812774658]
