./tmp/QF_AUFBV/com.galois.ecc.P384ECC64.sq_inner13.short.smt2,"[0. 1. 1. 0. 0. 0. 0. 1. 0. 0. 0. 0. 0. 0. 1. 0. 0. 0. 0. 0. 0. 0. 0. 0.
 0. 0. 0. 0. 0. 0. 0. 1. 1. 0. 0. 0. 0. 1. 0. 1. 1. 1. 0. 0. 1. 0. 1. 1.
 1. 1. 0. 1. 1. 1. 1. 1. 0. 1. 1. 0. 0. 0. 1. 1. 0. 0. 0. 0. 0. 0. 0. 0.
 0. 0. 0. 0. 1. 1. 0. 0. 0. 0. 0. 0. 1. 0. 0. 0. 0. 0. 0. 0. 0. 0. 0. 0.
 0. 0. 0. 0. 0. 0. 0. 0. 0. 0. 0. 0. 0. 0. 0. 0. 0. 0. 0. 0. 0. 0. 0. 0.
 0. 0. 0. 0. 0. 0. 0. 0. 0. 0. 0. 0. 0. 0. 0. 0. 0. 0. 0. 0. 0. 0. 0. 0.
 0. 0. 0. 0. 1. 1. 1. 1. 1. 0. 0. 0. 0. 0. 1. 0. 1.]",CVC4,0.13413500785827637,sat,"['CVC4', 'Z3', 'BOOLECTOR', 'Bitwuzla', 'YICES', 'MathSAT']",[0.1287679672241211]
./tmp/QF_AUFBV/opStructure_C_16_32_2_2.smt2,"[0.         0.06451613 1.         0.         0.         0.
 0.         0.15384615 0.         0.         0.         0.
 0.         0.         1.         0.         0.         0.
 0.         0.         0.         0.         0.         0.
 0.         0.         0.         0.         0.         0.
 0.         1.11111111 1.         0.         0.         0.
 2.         0.         2.         0.         0.         1.
 0.         0.         0.23529412 0.         0.         0.
 1.33333333 0.3902439  0.         0.27586207 0.4137931  0.
 0.         1.98240469 2.         0.         1.98347107 2.
 0.         0.         1.99141631 1.99562363 0.         0.
 0.         2.         0.         0.         0.         0.
 0.         0.         0.         0.         0.         0.
 0.         0.         0.         0.         0.         0.
 0.         0.         0.         0.         0.         0.
 0.         0.         0.         0.         0.         0.
 0.         0.         0.         0.         0.         0.
 0.         0.         0.         0.         0.         0.
 0.         0.         0.         0.         0.         0.
 0.         0.         0.         0.         0.         0.
 0.         0.         0.         0.         0.         0.
 0.         0.         0.         0.         0.         0.
 0.         0.         0.         0.         0.         0.
 0.         0.         0.         0.         0.         0.
 0.         0.         0.         0.         1.84063418 1.
 0.1875     1.81940841 0.18181818 0.         0.         0.
 0.         0.         0.         0.         0.        ]",MathSAT,43.377026081085205,unsat,"['MathSAT', 'YICES', 'Z3', 'BOOLECTOR', 'Bitwuzla', 'CVC4']",[43.37019395828247]
./tmp/QF_AUFBV/com.galois.ecc.P384ECC64.ec_full_add3.short.smt2,"[0.         2.78117647 1.         0.         0.         0.
 0.         2.72916667 0.         0.         0.         0.
 0.         0.         1.         0.         0.         0.
 0.         0.         0.         0.         0.         0.
 0.         0.         0.         0.         0.         0.
 0.         0.92307692 1.         0.         0.         0.
 0.         1.5        0.         2.7        1.5        2.45454545
 3.         0.         2.7992126  0.         2.68421053 2.87142857
 2.66666667 2.71328671 0.         2.6627907  2.6375     2.25
 2.83333333 0.15041783 0.375      1.5        0.         0.
 0.         0.         0.         0.         0.         0.
 0.         0.         0.         0.         0.         0.
 0.         0.         0.         0.         0.         0.
 0.         0.         0.         0.         0.         0.
 0.         0.         0.         0.         0.         0.
 0.         0.         0.         0.         0.         0.
 0.         0.         0.         0.         0.         0.
 0.         0.         0.         0.         0.         0.
 0.         0.         0.         0.         0.         0.
 0.         0.         0.         0.         0.         0.
 0.         0.         0.         0.         0.         0.
 0.         0.         0.         0.         0.         0.
 0.         0.         0.         0.         0.         0.
 0.         0.         0.         0.         0.         0.
 0.         0.         0.         0.         1.37615595 1.
 2.77411765 1.0989806  2.68720379 0.         0.         0.
 0.         0.         2.87142857 0.         2.69021739]",MathSAT,0.2552008628845215,unsat,"['MathSAT', 'CVC4', 'YICES', 'Bitwuzla', 'Z3', 'BOOLECTOR']",[0.23724102973937988]
./tmp/QF_AUFBV/com.galois.ecc.P384ECC64.mod_div14.short.smt2,"[0.         1.08404803 1.         0.         0.         0.
 0.         1.15555556 0.         0.         0.         0.
 0.         0.         1.         0.         0.         0.
 0.         0.         0.         0.         0.         0.
 0.         0.         0.         0.         0.         0.
 0.         0.94117647 1.         0.         0.         0.
 0.         1.33333333 0.         0.92307692 1.33333333 0.74074074
 0.63157895 0.         1.02489019 0.         0.96       0.74418605
 1.36585366 2.02758621 0.         1.30548303 2.37837838 0.44444444
 0.86956522 0.07650273 0.10646388 0.         0.         0.
 0.         0.         0.         0.03470716 0.         0.
 0.         0.         0.         0.         3.99999999 0.
 0.         0.         0.         0.         1.33333333 0.
 0.         0.         4.         0.         0.         0.
 0.         0.         0.         0.         0.         0.
 0.         0.         0.         0.         0.         0.
 0.         0.         0.         0.         0.         0.
 0.         0.         0.         0.         0.         0.
 0.         0.         0.         0.         0.         0.
 0.         0.         0.         0.         0.         0.
 0.         0.         0.         0.         0.         0.
 0.         0.         0.         0.         0.         0.
 0.         0.         0.         0.         0.         0.
 0.         0.         0.         0.         0.         0.
 0.         0.         0.         0.         0.95245611 1.
 1.0790378  0.5965305  1.26860841 0.         0.         0.
 0.         0.         0.74418605 0.         1.25373134]",CVC4,0.3007469177246094,unsat,"['CVC4', 'Z3', 'MathSAT', 'BOOLECTOR', 'YICES', 'Bitwuzla']",[0.2922029495239258]
./tmp/QF_AUFBV/com.galois.ecc.P384ECC64.group_red1.short.smt2,"[0.         1.28188776 1.         0.         0.         0.
 0.         1.64179104 0.         0.         0.         0.
 0.         0.         1.         0.         0.         0.
 0.         0.         0.         0.         0.         0.
 0.         0.         0.         0.         0.         0.
 0.         0.95238095 1.         0.         0.         0.
 0.         1.25       0.         1.38888889 1.25       1.53846154
 1.72413793 0.         1.33190118 0.         1.62162162 1.61417323
 0.11904762 0.09029345 0.         1.49267399 0.09121061 3.84615385
 1.40625    0.15873016 0.35335689 4.44444444 0.1984127  0.
 0.         0.         0.         0.         0.         0.
 0.         0.         0.         0.         4.         0.
 0.         0.         0.         0.         0.         2.49999999
 0.         0.         2.         0.         0.         0.
 0.         0.         0.         0.         0.         0.
 0.         0.         0.         0.         0.         0.
 0.         0.         0.         0.         0.         0.
 0.         0.         0.         0.         0.         0.
 0.         0.         0.         0.         0.         0.
 0.         0.         0.         0.         0.         0.
 0.         0.         0.         0.         0.         0.
 0.         0.         0.         0.         0.         0.
 0.         0.         0.         0.         0.         0.
 0.         0.         0.         0.         0.         0.
 0.         0.         0.         0.         0.67944378 1.
 1.27877238 0.71770908 1.67741935 0.         0.         0.
 0.         0.         1.61417323 0.         1.8321513 ]",CVC4,1.155815839767456,unsat,"['CVC4', 'YICES', 'BOOLECTOR', 'Z3', 'Bitwuzla', 'MathSAT']",[1.1463768482208252]
./tmp/QF_AUFBV/com.galois.ecc.P384ECC64.sq_inner23.short.smt2,"[0.         0.29126214 1.         0.         0.         0.
 0.         0.32915361 0.         0.         0.         0.
 0.         0.         1.         0.         0.         0.
 0.         0.         0.         0.         0.         0.
 0.         0.         0.         0.         0.         0.
 0.         0.96       1.         0.         0.         0.
 0.         1.2        0.         0.31578947 1.2        0.29268293
 0.         0.         0.24716787 0.         0.30769231 0.13846154
 0.13953488 0.21545158 0.         0.38078902 0.22044728 0.29268293
 0.18181818 0.09375    0.         0.6        0.13953488 0.04958678
 0.         0.         0.02564103 0.02591793 0.         0.
 0.         0.         0.         0.         0.         0.
 0.         0.         0.         0.         3.         3.
 0.         0.         0.         0.         0.         0.
 3.         0.         0.         0.         0.         0.
 0.         0.         0.         0.         0.         0.
 0.         0.         0.         0.         0.         0.
 0.         0.         0.         0.         0.         0.
 0.         0.         0.         0.         0.         0.
 0.         0.         0.         0.         0.         0.
 0.         0.         0.         0.         0.         0.
 0.         0.         0.         0.         0.         0.
 0.         0.         0.         0.         0.         0.
 0.         0.         0.         0.         0.         0.
 0.         0.         0.         0.         0.20300699 1.
 0.28501827 0.27833638 0.375      0.         0.         0.
 0.         0.         0.13846154 0.         0.39735099]",BOOLECTOR,1.3562171459197998,sat,"['BOOLECTOR', 'YICES', 'Z3', 'MathSAT', 'CVC4', 'Bitwuzla']",[1.353247880935669]
./tmp/QF_AUFBV/com.galois.ecc.P384ECC64.ec_mul_aux2.short.smt2,"[0.         5.6737181  1.         0.         0.         0.
 0.         5.88794821 0.         0.         0.         0.
 0.         0.         1.         0.         0.         0.
 0.         0.         0.         0.         0.         0.
 0.         0.         0.         0.         0.         0.
 0.         0.96551724 1.         0.         0.         0.
 0.         1.16666667 0.         4.98484848 1.16666667 5.30177515
 4.82887701 0.         5.97388285 0.         6.74438202 5.10416667
 3.32926829 1.50640478 0.         5.88344733 1.39641944 5.46524064
 5.1953125  2.83255814 2.20338983 5.6        0.         0.
 0.         0.         0.11764706 1.23309609 7.         0.
 0.         0.         0.         0.         0.         0.
 0.         0.         0.         0.         6.61111111 0.
 0.         0.         6.40677966 0.         0.         0.
 0.         0.         0.         0.         0.         0.
 0.         0.         0.         0.         0.         0.
 0.         0.         0.         0.         0.         0.
 0.         0.         0.         0.         0.         0.
 0.         0.         0.         0.         0.         0.
 0.         0.         0.         0.         0.         0.
 0.         0.         0.         0.         0.         0.
 0.         0.         0.         0.         0.         0.
 0.         0.         0.         0.         0.         0.
 0.         0.         0.         0.         0.         0.
 0.         0.         0.         0.         5.01058544 1.
 5.67733026 4.75111959 6.0139165  0.         0.         0.
 0.         0.         5.10416667 0.         6.07792963]",MathSAT,0.5214788913726807,unsat,"['MathSAT', 'CVC4', 'BOOLECTOR', 'YICES', 'Z3', 'Bitwuzla']",[0.3908569812774658]
./tmp/QF_AUFBV/com.galois.ecc.P384ECC64.sq_inner22.short.smt2,"[0.         0.13740113 1.         0.         0.         0.
 0.         0.06324111 0.         0.         0.         0.
 0.         0.         1.         0.         0.         0.
 0.         0.         0.         0.         0.         0.
 0.         0.         0.         0.         0.         0.
 0.         0.96969697 1.         0.         0.         0.
 0.         1.14285714 0.         0.11940299 1.14285714 0.09356725
 0.         0.         0.09074627 0.         0.01495327 0.04968944
 0.28235294 0.46945338 7.99999994 0.07802763 0.22857143 1.04186047
 0.0620155  0.07373272 0.         0.         0.1221374  0.03292181
 0.         0.         0.0334728  0.         0.         0.
 0.         0.         0.         0.         0.         0.
 0.         0.         0.         0.         0.0733945  2.66666666
 0.         0.         0.         0.         0.         0.
 2.66666667 0.         0.         0.         0.         0.
 0.         0.         0.         0.         0.         0.
 0.         0.         0.         0.         0.         0.
 0.         0.         0.         0.         0.         0.
 0.         0.         0.         0.         0.         0.
 0.         0.         0.         0.         0.         0.
 0.         0.         0.         0.         0.         0.
 0.         0.         0.         0.         0.         0.
 0.         0.         0.         0.         0.         0.
 0.         0.         0.         0.         0.         0.
 0.         0.         0.         0.         0.11920399 1.
 0.13574661 0.16958896 0.06311637 0.         0.         0.
 0.         0.         0.04968944 0.         0.05773672]",MathSAT,0.2490978240966797,sat,"['MathSAT', 'CVC4', 'BOOLECTOR', 'Z3', 'Bitwuzla', 'YICES']",[0.24271583557128906]
./tmp/QF_AUFBV/com.galois.ecc.P384ECC64.mod_div1.short.smt2,"[0.         0.30078637 1.         0.         0.         0.
 0.         0.24230769 0.         0.         0.         0.
 0.         0.         1.         0.         0.         0.
 0.         0.         0.         0.         0.         0.
 0.         0.         0.         0.         0.         0.
 0.         0.97297297 1.         0.         0.         0.
 0.         1.125      0.         0.32374101 1.125      0.20571429
 0.27979275 0.         0.22270742 0.         0.0460251  0.25352113
 1.27272727 2.40247496 0.         0.28796223 2.79708904 0.04166667
 0.27067669 0.08219178 0.15       0.         0.         0.
 0.         0.         0.         0.06360424 0.         0.
 0.         0.         0.         0.         1.05882353 0.
 0.         0.         0.         0.         0.08181818 0.
 0.         0.         0.29508197 0.         0.         0.
 0.         0.         0.         0.         0.         0.
 0.         0.         0.         0.         0.         0.
 0.         0.         0.         0.         0.         0.
 0.         0.         0.         0.         0.         0.
 0.         0.         0.         0.         0.         0.
 0.         0.         0.         0.         0.         0.
 0.         0.         0.         0.         0.         0.
 0.         0.         0.         0.         0.         0.
 0.         0.         0.         0.         0.         0.
 0.         0.         0.         0.         0.         0.
 0.         0.         0.         0.         0.47524178 1.
 0.2992126  0.3235885  0.23463227 0.         0.         0.
 0.         0.         0.25352113 0.         0.20564175]",MathSAT,0.19646787643432617,unsat,"['MathSAT', 'Z3', 'BOOLECTOR', 'CVC4', 'Bitwuzla', 'YICES']",[0.18733692169189453]
./tmp/QF_AUFBV/opStructure_O_32_32_2_2.smt2,"[0.00000000e+00 2.18388294e-03 9.99999999e-01 0.00000000e+00
 0.00000000e+00 0.00000000e+00 0.00000000e+00 4.80538203e-03
 0.00000000e+00 0.00000000e+00 0.00000000e+00 0.00000000e+00
 0.00000000e+00 0.00000000e+00 9.99999999e-01 0.00000000e+00
 0.00000000e+00 0.00000000e+00 0.00000000e+00 0.00000000e+00
 0.00000000e+00 0.00000000e+00 0.00000000e+00 0.00000000e+00
 0.00000000e+00 0.00000000e+00 0.00000000e+00 0.00000000e+00
 0.00000000e+00 0.00000000e+00 0.00000000e+00 1.19047619e+00
 9.99999999e-01 0.00000000e+00 0.00000000e+00 0.00000000e+00
 8.97621071e+00 0.00000000e+00 4.99999997e+00 0.00000000e+00
 0.00000000e+00 5.68181818e-02 0.00000000e+00 0.00000000e+00
 4.36490615e-03 0.00000000e+00 0.00000000e+00 0.00000000e+00
 1.98019802e-01 4.69208211e-02 0.00000000e+00 1.04794341e-02
 5.11073254e-02 0.00000000e+00 0.00000000e+00 8.23813355e+00
 8.29821718e+00 0.00000000e+00 8.89637742e+00 8.96859083e+00
 0.00000000e+00 0.00000000e+00 8.95496283e+00 8.78566831e+00
 0.00000000e+00 0.00000000e+00 0.00000000e+00 9.01408451e+00
 0.00000000e+00 0.00000000e+00 0.00000000e+00 0.00000000e+00
 0.00000000e+00 0.00000000e+00 0.00000000e+00 0.00000000e+00
 0.00000000e+00 0.00000000e+00 0.00000000e+00 0.00000000e+00
 0.00000000e+00 0.00000000e+00 0.00000000e+00 0.00000000e+00
 0.00000000e+00 0.00000000e+00 0.00000000e+00 0.00000000e+00
 0.00000000e+00 0.00000000e+00 0.00000000e+00 0.00000000e+00
 0.00000000e+00 0.00000000e+00 0.00000000e+00 0.00000000e+00
 0.00000000e+00 0.00000000e+00 0.00000000e+00 0.00000000e+00
 0.00000000e+00 0.00000000e+00 0.00000000e+00 0.00000000e+00
 0.00000000e+00 0.00000000e+00 0.00000000e+00 0.00000000e+00
 0.00000000e+00 0.00000000e+00 0.00000000e+00 0.00000000e+00
 0.00000000e+00 0.00000000e+00 0.00000000e+00 0.00000000e+00
 0.00000000e+00 0.00000000e+00 0.00000000e+00 0.00000000e+00
 0.00000000e+00 0.00000000e+00 0.00000000e+00 0.00000000e+00
 0.00000000e+00 0.00000000e+00 0.00000000e+00 0.00000000e+00
 0.00000000e+00 0.00000000e+00 0.00000000e+00 0.00000000e+00
 0.00000000e+00 0.00000000e+00 0.00000000e+00 0.00000000e+00
 0.00000000e+00 0.00000000e+00 0.00000000e+00 0.00000000e+00
 0.00000000e+00 0.00000000e+00 0.00000000e+00 0.00000000e+00
 0.00000000e+00 0.00000000e+00 0.00000000e+00 0.00000000e+00
 4.24451906e+00 1.00000000e+00 4.37254045e-03 5.17562916e+00
 5.48546352e-03 0.00000000e+00 0.00000000e+00 0.00000000e+00
 0.00000000e+00 0.00000000e+00 0.00000000e+00 0.00000000e+00
 0.00000000e+00]",MathSAT,60.05072021484375,timeout (60.0 s),"['MathSAT', 'BOOLECTOR', 'CVC4', 'Bitwuzla', 'Z3', 'YICES']",[60]
./tmp/QF_AUFBV/com.galois.ecc.P384ECC64.mul_inner4.short.smt2,"[0.00000000e+00 2.07413756e-01 9.99999999e-01 0.00000000e+00
 0.00000000e+00 0.00000000e+00 0.00000000e+00 2.20155404e-01
 0.00000000e+00 0.00000000e+00 0.00000000e+00 0.00000000e+00
 0.00000000e+00 0.00000000e+00 9.99999999e-01 0.00000000e+00
 0.00000000e+00 0.00000000e+00 0.00000000e+00 0.00000000e+00
 0.00000000e+00 0.00000000e+00 0.00000000e+00 0.00000000e+00
 0.00000000e+00 0.00000000e+00 0.00000000e+00 0.00000000e+00
 0.00000000e+00 0.00000000e+00 0.00000000e+00 9.56521739e-01
 9.99999999e-01 0.00000000e+00 0.00000000e+00 0.00000000e+00
 0.00000000e+00 1.22222222e+00 0.00000000e+00 4.55172414e-01
 1.22222222e+00 5.91397849e-01 3.85000000e-01 0.00000000e+00
 1.51528196e-01 0.00000000e+00 7.11316397e-02 4.66281310e-01
 1.07843137e-01 2.08860759e-01 0.00000000e+00 1.98096218e-01
 2.11361738e-01 1.50684931e-01 3.98550725e-01 3.82148584e-02
 3.11111111e-02 2.15686274e-01 3.69437448e-02 4.66694951e-03
 0.00000000e+00 0.00000000e+00 0.00000000e+00 4.71799271e-03
 0.00000000e+00 0.00000000e+00 0.00000000e+00 0.00000000e+00
 0.00000000e+00 0.00000000e+00 0.00000000e+00 0.00000000e+00
 0.00000000e+00 0.00000000e+00 0.00000000e+00 0.00000000e+00
 1.96428571e-01 3.66666666e+00 0.00000000e+00 0.00000000e+00
 0.00000000e+00 0.00000000e+00 0.00000000e+00 0.00000000e+00
 5.92307692e+00 0.00000000e+00 0.00000000e+00 0.00000000e+00
 0.00000000e+00 0.00000000e+00 0.00000000e+00 0.00000000e+00
 0.00000000e+00 0.00000000e+00 0.00000000e+00 0.00000000e+00
 0.00000000e+00 0.00000000e+00 0.00000000e+00 0.00000000e+00
 0.00000000e+00 0.00000000e+00 0.00000000e+00 0.00000000e+00
 0.00000000e+00 0.00000000e+00 0.00000000e+00 0.00000000e+00
 0.00000000e+00 0.00000000e+00 0.00000000e+00 0.00000000e+00
 0.00000000e+00 0.00000000e+00 0.00000000e+00 0.00000000e+00
 0.00000000e+00 0.00000000e+00 0.00000000e+00 0.00000000e+00
 0.00000000e+00 0.00000000e+00 0.00000000e+00 0.00000000e+00
 0.00000000e+00 0.00000000e+00 0.00000000e+00 0.00000000e+00
 0.00000000e+00 0.00000000e+00 0.00000000e+00 0.00000000e+00
 0.00000000e+00 0.00000000e+00 0.00000000e+00 0.00000000e+00
 0.00000000e+00 0.00000000e+00 0.00000000e+00 0.00000000e+00
 0.00000000e+00 0.00000000e+00 0.00000000e+00 0.00000000e+00
 0.00000000e+00 0.00000000e+00 0.00000000e+00 0.00000000e+00
 1.07723874e-01 1.00000000e+00 2.05320747e-01 1.22153551e-01
 1.83926645e-01 0.00000000e+00 0.00000000e+00 0.00000000e+00
 0.00000000e+00 0.00000000e+00 4.66281310e-01 0.00000000e+00
 1.86078758e-01]",Bitwuzla,0.15470600128173828,sat,"['Bitwuzla', 'CVC4', 'MathSAT', 'Z3', 'BOOLECTOR', 'YICES']",[0.14999008178710938]
./tmp/QF_AUFBV/com.galois.ecc.P384ECC64.ec_full_add2.short.smt2,"[0.         0.81709265 1.         0.         0.         0.
 0.         0.59610651 0.         0.         0.         0.
 0.         0.         1.         0.         0.         0.
 0.         0.         0.         0.         0.         0.
 0.         0.         0.         0.         0.         0.
 0.         0.96       1.         0.         0.         0.
 0.         1.2        0.         1.32515337 1.2        1.05882353
 1.56521739 0.         0.67749797 0.         0.1747838  1.33561644
 2.208      1.64448858 0.         0.54799902 1.11818182 0.32
 1.31612903 0.05744681 0.14371257 0.         0.         0.
 0.         0.         0.         0.         0.         0.
 0.         0.         0.         0.         0.         0.
 0.         0.         0.         0.         0.         0.
 0.         0.         0.         0.         0.         0.
 0.         0.         0.         0.         0.         0.
 0.         0.         0.         0.         0.         0.
 0.         0.         0.         0.         0.         0.
 0.         0.         0.         0.         0.         0.
 0.         0.         0.         0.         0.         0.
 0.         0.         0.         0.         0.         0.
 0.         0.         0.         0.         0.         0.
 0.         0.         0.         0.         0.         0.
 0.         0.         0.         0.         0.         0.
 0.         0.         0.         0.         0.         0.
 0.         0.         0.         0.         0.41520367 1.
 0.81583683 0.37722078 0.47552448 0.         0.         0.
 0.         0.         1.33561644 0.         0.41755889]",MathSAT,0.20158886909484863,unsat,"['MathSAT', 'CVC4', 'BOOLECTOR', 'Z3', 'YICES', 'Bitwuzla']",[0.18819808959960938]
./tmp/QF_AUFBV/opStructure_NPT_1.smt2,"[0.         0.00259533 1.         0.         0.         0.
 0.         0.00581525 0.         0.         0.         0.
 0.         0.         1.         0.         0.         0.
 0.         0.         0.         0.         0.         0.
 0.         0.         0.         0.         0.         0.
 0.         1.18181818 1.         0.         0.         0.
 0.09320962 0.         0.         0.         0.         0.06341463
 0.         0.         0.00351922 0.         0.         0.
 0.20472441 0.05143422 0.         0.01275448 0.05882353 0.
 0.         0.         0.         0.         0.31941032 0.09309183
 0.         0.         0.         0.04168448 0.         0.
 0.         0.         0.         0.         0.         0.
 0.         0.         0.         0.         0.         0.
 0.         0.         0.         0.         0.         0.
 0.         0.         0.         0.         0.         0.
 0.         0.         0.         0.         0.         0.
 0.         0.         0.         0.         0.         0.
 0.         0.         0.         0.         0.         0.
 0.         0.         0.         0.         0.         0.
 0.         0.         0.         0.         0.         0.
 0.         0.         0.         0.         0.         0.
 0.         0.         0.         0.         0.         0.
 0.         0.         0.         0.         0.         0.
 0.         0.         0.         0.         0.         0.
 0.         0.         0.         0.         0.03342932 1.
 0.00519688 0.03610419 0.00673052 0.         0.         0.
 0.         0.         0.         0.         0.        ]",Bitwuzla,60.00113797187805,timeout (60.0 s),"['Bitwuzla', 'YICES', 'BOOLECTOR', 'CVC4', 'MathSAT', 'Z3']",[60]
./tmp/QF_AUFBV/com.galois.ecc.P384ECC64.ec_full_sub3.short.smt2,"[0.         0.33021442 1.         0.         0.         0.
 0.         0.17623675 0.         0.         0.         0.
 0.         0.         1.         0.         0.         0.
 0.         0.         0.         0.         0.         0.
 0.         0.         0.         0.         0.         0.
 0.         0.94915254 1.         0.         0.         0.
 0.         2.33333333 0.         0.16969697 1.27272727 0.06796117
 0.12068966 0.         0.24025542 0.         0.03812982 0.0952381
 1.65277778 1.19095023 0.         0.24295011 1.05439331 0.24454148
 0.08974359 0.00372241 0.01116873 0.13592233 0.         0.
 0.         0.         0.         0.         0.         0.
 0.         0.         0.         0.         1.47368421 0.
 0.         0.         0.         0.         0.         0.
 0.         0.         0.         0.         0.         0.
 0.         0.         0.         0.         0.         0.
 0.         0.         0.         0.         0.         0.
 0.         0.         0.         0.         0.         0.
 0.         0.         0.         0.         0.         0.
 0.         0.         0.         0.         0.         0.
 0.         0.         0.         0.         0.         0.
 0.         0.         0.         0.         0.         0.
 0.         0.         0.         0.         0.         0.
 0.         0.         0.         0.         0.         0.
 0.         0.         0.         0.         0.         0.
 0.         0.         0.         0.         0.20183517 1.
 0.32793285 0.18957047 0.18595147 0.         0.         0.
 0.         0.         0.0952381  0.         0.12993901]",CVC4,10.982924222946167,unsat,"['CVC4', 'MathSAT', 'Z3', 'YICES', 'Bitwuzla', 'BOOLECTOR']",[10.976885080337524]
./tmp/QF_AUFBV/opStructure_O_16_24_2_2.smt2,"[0.00000000e+00 2.92340674e-03 9.99999999e-01 0.00000000e+00
 0.00000000e+00 0.00000000e+00 0.00000000e+00 6.62251656e-03
 0.00000000e+00 0.00000000e+00 0.00000000e+00 0.00000000e+00
 0.00000000e+00 0.00000000e+00 9.99999999e-01 0.00000000e+00
 0.00000000e+00 0.00000000e+00 0.00000000e+00 0.00000000e+00
 0.00000000e+00 0.00000000e+00 0.00000000e+00 0.00000000e+00
 0.00000000e+00 0.00000000e+00 0.00000000e+00 0.00000000e+00
 0.00000000e+00 0.00000000e+00 0.00000000e+00 1.17187500e+00
 9.99999999e-01 0.00000000e+00 0.00000000e+00 0.00000000e+00
 3.84410289e+00 0.00000000e+00 4.99999997e+00 0.00000000e+00
 0.00000000e+00 7.24637681e-02 0.00000000e+00 0.00000000e+00
 5.98404255e-03 0.00000000e+00 0.00000000e+00 0.00000000e+00
 2.05479452e-01 5.41027953e-02 0.00000000e+00 1.44473874e-02
 6.25000000e-02 0.00000000e+00 0.00000000e+00 3.51719927e+00
 3.51755725e+00 0.00000000e+00 3.75690608e+00 3.84048887e+00
 0.00000000e+00 0.00000000e+00 3.77086743e+00 3.70593916e+00
 0.00000000e+00 0.00000000e+00 0.00000000e+00 3.78947368e+00
 0.00000000e+00 0.00000000e+00 0.00000000e+00 0.00000000e+00
 0.00000000e+00 0.00000000e+00 0.00000000e+00 0.00000000e+00
 0.00000000e+00 0.00000000e+00 0.00000000e+00 0.00000000e+00
 0.00000000e+00 0.00000000e+00 0.00000000e+00 0.00000000e+00
 0.00000000e+00 0.00000000e+00 0.00000000e+00 0.00000000e+00
 0.00000000e+00 0.00000000e+00 0.00000000e+00 0.00000000e+00
 0.00000000e+00 0.00000000e+00 0.00000000e+00 0.00000000e+00
 0.00000000e+00 0.00000000e+00 0.00000000e+00 0.00000000e+00
 0.00000000e+00 0.00000000e+00 0.00000000e+00 0.00000000e+00
 0.00000000e+00 0.00000000e+00 0.00000000e+00 0.00000000e+00
 0.00000000e+00 0.00000000e+00 0.00000000e+00 0.00000000e+00
 0.00000000e+00 0.00000000e+00 0.00000000e+00 0.00000000e+00
 0.00000000e+00 0.00000000e+00 0.00000000e+00 0.00000000e+00
 0.00000000e+00 0.00000000e+00 0.00000000e+00 0.00000000e+00
 0.00000000e+00 0.00000000e+00 0.00000000e+00 0.00000000e+00
 0.00000000e+00 0.00000000e+00 0.00000000e+00 0.00000000e+00
 0.00000000e+00 0.00000000e+00 0.00000000e+00 0.00000000e+00
 0.00000000e+00 0.00000000e+00 0.00000000e+00 0.00000000e+00
 0.00000000e+00 0.00000000e+00 0.00000000e+00 0.00000000e+00
 0.00000000e+00 0.00000000e+00 0.00000000e+00 0.00000000e+00
 1.97497744e+00 1.00000000e+00 5.85365854e-03 2.33744484e+00
 7.65892264e-03 0.00000000e+00 0.00000000e+00 0.00000000e+00
 0.00000000e+00 0.00000000e+00 0.00000000e+00 0.00000000e+00
 0.00000000e+00]",Z3,60.01782822608948,timeout (60.0 s),"['Z3', 'BOOLECTOR', 'CVC4', 'YICES', 'Bitwuzla', 'MathSAT']",[60]
./tmp/QF_AUFBV/com.galois.ecc.P384ECC64.ec_twin_mul_aux11.short.smt2,"[0.         3.30932138 1.         0.         0.         0.
 0.         3.2416828  0.         0.         0.         0.
 0.         0.         1.         0.         0.         0.
 0.         0.         0.         0.         0.         0.
 0.         0.         0.         0.         0.         0.
 0.         0.94117647 1.         0.         0.         0.
 0.         1.23076923 0.         5.76744186 1.33333333 5.21172638
 6.92420538 0.         3.04704489 0.         1.1462284  6.169279
 4.08163265 2.2980695  0.         2.68376754 1.48204159 6.25531915
 5.93548387 0.31917016 0.82039397 0.3047619  0.         0.
 0.         0.         0.         0.         0.         0.
 0.         0.         0.         0.         0.         0.
 0.         0.         0.         0.         0.         0.
 0.         0.         0.         0.         0.         0.
 0.         0.         0.         0.         0.         0.
 0.         0.         0.         0.         0.         0.
 0.         0.         0.         0.         0.         0.
 0.         0.         0.         0.         0.         0.
 0.         0.         0.         0.         0.         0.
 0.         0.         0.         0.         0.         0.
 0.         0.         0.         0.         0.         0.
 0.         0.         0.         0.         0.         0.
 0.         0.         0.         0.         0.         0.
 0.         0.         0.         0.         0.         0.
 0.         0.         0.         0.         1.50250518 1.
 3.31043021 1.44406288 2.65417376 0.         0.         0.
 0.         0.         6.169279   0.         2.592     ]",CVC4,0.6470918655395508,unsat,"['CVC4', 'MathSAT', 'Bitwuzla', 'Z3', 'BOOLECTOR', 'YICES']",[0.5953819751739502]
./tmp/QF_AUFBV/opStructure_O_32_16_2_2.smt2,"[0.00000000e+00 2.62751159e-03 9.99999999e-01 0.00000000e+00
 0.00000000e+00 0.00000000e+00 0.00000000e+00 5.98275559e-03
 0.00000000e+00 0.00000000e+00 0.00000000e+00 0.00000000e+00
 0.00000000e+00 0.00000000e+00 9.99999999e-01 0.00000000e+00
 0.00000000e+00 0.00000000e+00 0.00000000e+00 0.00000000e+00
 0.00000000e+00 0.00000000e+00 0.00000000e+00 0.00000000e+00
 0.00000000e+00 0.00000000e+00 0.00000000e+00 0.00000000e+00
 0.00000000e+00 0.00000000e+00 0.00000000e+00 1.16438356e+00
 9.99999999e-01 0.00000000e+00 0.00000000e+00 0.00000000e+00
 4.23297998e+00 0.00000000e+00 4.24999998e+00 0.00000000e+00
 0.00000000e+00 5.51948052e-02 0.00000000e+00 0.00000000e+00
 5.48859234e-03 0.00000000e+00 0.00000000e+00 0.00000000e+00
 1.71717172e-01 5.23479600e-02 0.00000000e+00 1.36163396e-02
 6.40301318e-02 0.00000000e+00 0.00000000e+00 3.98717361e+00
 3.88918677e+00 0.00000000e+00 4.16133519e+00 4.22999058e+00
 0.00000000e+00 0.00000000e+00 4.26771267e+00 4.21295400e+00
 0.00000000e+00 0.00000000e+00 0.00000000e+00 4.28346457e+00
 0.00000000e+00 0.00000000e+00 0.00000000e+00 0.00000000e+00
 0.00000000e+00 0.00000000e+00 0.00000000e+00 0.00000000e+00
 0.00000000e+00 0.00000000e+00 0.00000000e+00 0.00000000e+00
 0.00000000e+00 0.00000000e+00 0.00000000e+00 0.00000000e+00
 0.00000000e+00 0.00000000e+00 0.00000000e+00 0.00000000e+00
 0.00000000e+00 0.00000000e+00 0.00000000e+00 0.00000000e+00
 0.00000000e+00 0.00000000e+00 0.00000000e+00 0.00000000e+00
 0.00000000e+00 0.00000000e+00 0.00000000e+00 0.00000000e+00
 0.00000000e+00 0.00000000e+00 0.00000000e+00 0.00000000e+00
 0.00000000e+00 0.00000000e+00 0.00000000e+00 0.00000000e+00
 0.00000000e+00 0.00000000e+00 0.00000000e+00 0.00000000e+00
 0.00000000e+00 0.00000000e+00 0.00000000e+00 0.00000000e+00
 0.00000000e+00 0.00000000e+00 0.00000000e+00 0.00000000e+00
 0.00000000e+00 0.00000000e+00 0.00000000e+00 0.00000000e+00
 0.00000000e+00 0.00000000e+00 0.00000000e+00 0.00000000e+00
 0.00000000e+00 0.00000000e+00 0.00000000e+00 0.00000000e+00
 0.00000000e+00 0.00000000e+00 0.00000000e+00 0.00000000e+00
 0.00000000e+00 0.00000000e+00 0.00000000e+00 0.00000000e+00
 0.00000000e+00 0.00000000e+00 0.00000000e+00 0.00000000e+00
 0.00000000e+00 0.00000000e+00 0.00000000e+00 0.00000000e+00
 2.30985596e+00 1.00000000e+00 5.25990099e-03 2.68563167e+00
 7.23712218e-03 0.00000000e+00 0.00000000e+00 0.00000000e+00
 0.00000000e+00 0.00000000e+00 0.00000000e+00 0.00000000e+00
 0.00000000e+00]",CVC4,60.04017090797424,timeout (60.0 s),"['CVC4', 'BOOLECTOR', 'MathSAT', 'YICES', 'Bitwuzla', 'Z3']",[60]
./tmp/QF_AUFBV/com.galois.ecc.P384ECC64.ec_mul_aux4.short.smt2,"[0.         6.34817409 1.         0.         0.         0.
 0.         6.7105176  0.         0.         0.         0.
 0.         0.         1.         0.         0.         0.
 0.         0.         0.         0.         0.         0.
 0.         0.         0.         0.         0.         0.
 0.         0.93506493 1.         0.         0.         0.
 0.         1.28571428 0.         4.80681818 1.38461538 5.28440367
 4.31598513 0.         6.80856474 0.         8.36018957 4.82019893
 2.96202532 1.59157895 0.         6.8554426  1.60548885 5.03448276
 4.98542274 0.68986784 0.508033   7.78378378 0.         0.
 0.         0.         0.01763409 0.2131834  9.         0.
 0.         0.         0.         0.         0.         0.
 0.         0.         0.         0.         8.57943925 0.
 0.         0.         8.45217391 0.         0.         0.
 0.         0.         0.         0.         0.         0.
 0.         0.         0.         0.         0.         0.
 0.         0.         0.         0.         0.         0.
 0.         0.         0.         0.         0.         0.
 0.         0.         0.         0.         0.         0.
 0.         0.         0.         0.         0.         0.
 0.         0.         0.         0.         0.         0.
 0.         0.         0.         0.         0.         0.
 0.         0.         0.         0.         0.         0.
 0.         0.         0.         0.         0.         0.
 0.         0.         0.         0.         3.54919117 1.
 6.35082099 2.8517814  7.05036903 0.         0.         0.
 0.         0.         4.82019893 0.         7.1798023 ]",MathSAT,0.5319328308105469,unsat,"['MathSAT', 'CVC4', 'Bitwuzla', 'YICES', 'Z3', 'BOOLECTOR']",[0.4036428928375244]
./tmp/QF_AUFBV/com.galois.ecc.P384ECC64.ec_full_add1.short.smt2,"[0.         0.35993325 1.         0.         0.         0.
 0.         0.15185023 0.         0.         0.         0.
 0.         0.         1.         0.         0.         0.
 0.         0.         0.         0.         0.         0.
 0.         0.         0.         0.         0.         0.
 0.         0.9382716  1.         0.         0.         0.
 0.         2.375      0.         0.31843575 1.35714286 0.2154195
 0.10536044 0.         0.25956969 0.         0.02996845 0.18712121
 1.68076923 1.40740741 0.         0.20505273 0.80120482 0.
 0.27298851 0.01393984 0.01236711 0.         0.         0.
 0.         0.         0.         0.         0.         0.
 0.         0.         0.         0.         0.         0.
 0.         0.         0.         0.         0.         0.
 0.         0.         0.         0.         0.         0.
 0.         0.         0.         0.         0.         0.
 0.         0.         0.         0.         0.         0.
 0.         0.         0.         0.         0.         0.
 0.         0.         0.         0.         0.         0.
 0.         0.         0.         0.         0.         0.
 0.         0.         0.         0.         0.         0.
 0.         0.         0.         0.         0.         0.
 0.         0.         0.         0.         0.         0.
 0.         0.         0.         0.         0.         0.
 0.         0.         0.         0.         0.         0.
 0.         0.         0.         0.         0.19450425 1.
 0.35834971 0.18858801 0.13920308 0.         0.         0.
 0.         0.         0.18712121 0.         0.08590426]",BOOLECTOR,0.06720519065856934,unsat,"['BOOLECTOR', 'CVC4', 'MathSAT', 'Bitwuzla', 'Z3', 'YICES']",[0.05785703659057617]
./tmp/QF_AUFBV/opStructure_MBA_7.smt2,"[0.00000000e+00 1.96290117e-03 9.99999999e-01 0.00000000e+00
 0.00000000e+00 0.00000000e+00 0.00000000e+00 1.53156110e-02
 0.00000000e+00 0.00000000e+00 0.00000000e+00 0.00000000e+00
 0.00000000e+00 0.00000000e+00 9.99999999e-01 0.00000000e+00
 0.00000000e+00 0.00000000e+00 0.00000000e+00 0.00000000e+00
 0.00000000e+00 0.00000000e+00 0.00000000e+00 0.00000000e+00
 0.00000000e+00 0.00000000e+00 0.00000000e+00 0.00000000e+00
 0.00000000e+00 0.00000000e+00 0.00000000e+00 1.16279070e+00
 9.99999999e-01 0.00000000e+00 0.00000000e+00 0.00000000e+00
 5.16917293e-02 0.00000000e+00 3.99999998e+00 0.00000000e+00
 0.00000000e+00 0.00000000e+00 0.00000000e+00 0.00000000e+00
 2.63956711e-03 0.00000000e+00 0.00000000e+00 0.00000000e+00
 5.24344569e-01 1.80296201e-01 0.00000000e+00 3.42801175e-02
 2.27395777e-01 0.00000000e+00 0.00000000e+00 1.17319255e-02
 1.73422935e-02 0.00000000e+00 1.95275073e+01 1.66355140e+01
 0.00000000e+00 0.00000000e+00 2.03636364e-01 0.00000000e+00
 0.00000000e+00 0.00000000e+00 0.00000000e+00 4.90918017e-02
 0.00000000e+00 0.00000000e+00 1.99278253e+01 0.00000000e+00
 0.00000000e+00 0.00000000e+00 0.00000000e+00 0.00000000e+00
 0.00000000e+00 0.00000000e+00 0.00000000e+00 0.00000000e+00
 0.00000000e+00 0.00000000e+00 0.00000000e+00 0.00000000e+00
 0.00000000e+00 0.00000000e+00 0.00000000e+00 0.00000000e+00
 0.00000000e+00 0.00000000e+00 0.00000000e+00 0.00000000e+00
 0.00000000e+00 0.00000000e+00 0.00000000e+00 0.00000000e+00
 0.00000000e+00 0.00000000e+00 0.00000000e+00 0.00000000e+00
 0.00000000e+00 0.00000000e+00 0.00000000e+00 0.00000000e+00
 0.00000000e+00 0.00000000e+00 0.00000000e+00 0.00000000e+00
 0.00000000e+00 0.00000000e+00 0.00000000e+00 0.00000000e+00
 0.00000000e+00 0.00000000e+00 0.00000000e+00 0.00000000e+00
 0.00000000e+00 0.00000000e+00 0.00000000e+00 0.00000000e+00
 0.00000000e+00 0.00000000e+00 0.00000000e+00 0.00000000e+00
 0.00000000e+00 0.00000000e+00 0.00000000e+00 0.00000000e+00
 0.00000000e+00 0.00000000e+00 0.00000000e+00 0.00000000e+00
 0.00000000e+00 0.00000000e+00 0.00000000e+00 1.99999996e+01
 0.00000000e+00 0.00000000e+00 0.00000000e+00 0.00000000e+00
 0.00000000e+00 0.00000000e+00 0.00000000e+00 0.00000000e+00
 0.00000000e+00 0.00000000e+00 0.00000000e+00 0.00000000e+00
 9.80338173e+00 1.00000000e+00 1.96444357e-03 1.32550940e+01
 1.79786824e-02 0.00000000e+00 0.00000000e+00 0.00000000e+00
 0.00000000e+00 0.00000000e+00 0.00000000e+00 0.00000000e+00
 0.00000000e+00]",MathSAT,60.190783977508545,timeout (60.0 s),"['MathSAT', 'CVC4', 'YICES', 'BOOLECTOR', 'Z3', 'Bitwuzla']",[60]
./tmp/QF_AUFBV/opStructure_MBA_6.smt2,"[2.09999996e+01 2.06084396e-03 9.99999999e-01 0.00000000e+00
 0.00000000e+00 0.00000000e+00 0.00000000e+00 1.60690861e-02
 0.00000000e+00 0.00000000e+00 0.00000000e+00 0.00000000e+00
 0.00000000e+00 0.00000000e+00 9.99999999e-01 0.00000000e+00
 0.00000000e+00 0.00000000e+00 0.00000000e+00 0.00000000e+00
 0.00000000e+00 0.00000000e+00 0.00000000e+00 0.00000000e+00
 0.00000000e+00 0.00000000e+00 0.00000000e+00 0.00000000e+00
 0.00000000e+00 0.00000000e+00 0.00000000e+00 1.15384615e+00
 9.99999999e-01 0.00000000e+00 0.00000000e+00 0.00000000e+00
 4.92264416e-02 0.00000000e+00 0.00000000e+00 0.00000000e+00
 0.00000000e+00 0.00000000e+00 0.00000000e+00 0.00000000e+00
 1.38568129e-03 0.00000000e+00 0.00000000e+00 0.00000000e+00
 5.36496350e-01 1.87619655e-01 0.00000000e+00 3.59325348e-02
 2.36081370e-01 0.00000000e+00 0.00000000e+00 1.23113000e-02
 1.36481802e-02 0.00000000e+00 4.84793652e+00 5.36777408e+00
 0.00000000e+00 0.00000000e+00 5.58510638e-02 0.00000000e+00
 0.00000000e+00 0.00000000e+00 0.00000000e+00 5.14201763e-02
 0.00000000e+00 0.00000000e+00 8.59090909e+00 0.00000000e+00
 0.00000000e+00 0.00000000e+00 0.00000000e+00 0.00000000e+00
 0.00000000e+00 0.00000000e+00 0.00000000e+00 0.00000000e+00
 0.00000000e+00 0.00000000e+00 0.00000000e+00 0.00000000e+00
 0.00000000e+00 0.00000000e+00 0.00000000e+00 0.00000000e+00
 0.00000000e+00 0.00000000e+00 0.00000000e+00 0.00000000e+00
 0.00000000e+00 0.00000000e+00 0.00000000e+00 0.00000000e+00
 0.00000000e+00 0.00000000e+00 0.00000000e+00 0.00000000e+00
 0.00000000e+00 0.00000000e+00 0.00000000e+00 0.00000000e+00
 0.00000000e+00 0.00000000e+00 0.00000000e+00 0.00000000e+00
 0.00000000e+00 0.00000000e+00 0.00000000e+00 0.00000000e+00
 0.00000000e+00 0.00000000e+00 0.00000000e+00 0.00000000e+00
 0.00000000e+00 0.00000000e+00 0.00000000e+00 0.00000000e+00
 0.00000000e+00 0.00000000e+00 0.00000000e+00 0.00000000e+00
 0.00000000e+00 0.00000000e+00 0.00000000e+00 0.00000000e+00
 0.00000000e+00 0.00000000e+00 0.00000000e+00 0.00000000e+00
 0.00000000e+00 0.00000000e+00 0.00000000e+00 1.04999999e+01
 0.00000000e+00 0.00000000e+00 0.00000000e+00 0.00000000e+00
 0.00000000e+00 0.00000000e+00 0.00000000e+00 0.00000000e+00
 0.00000000e+00 0.00000000e+00 0.00000000e+00 0.00000000e+00
 3.09245435e+00 1.00000000e+00 2.06246317e-03 3.91136783e+00
 1.88606620e-02 0.00000000e+00 0.00000000e+00 0.00000000e+00
 0.00000000e+00 0.00000000e+00 0.00000000e+00 0.00000000e+00
 0.00000000e+00]",BOOLECTOR,52.943066120147705,error,"['BOOLECTOR', 'CVC4', 'MathSAT', 'YICES', 'Bitwuzla', 'Z3']",[52.87152695655823]
./tmp/QF_AUFBV/com.galois.ecc.P384ECC64.signHash4.short.smt2,"[0.         2.45850767 1.         0.         0.         0.
 0.         2.33841344 0.         0.         0.         0.
 0.         0.         1.         0.         0.         0.
 0.         0.         0.         0.         0.         0.
 0.         0.         0.         0.         0.         0.
 0.         0.92631579 1.         0.         0.         0.
 0.         1.29411765 0.         5.69358178 1.46666666 5.52801358
 4.28869048 0.         1.91989882 0.         0.6214145  5.14567615
 3.8978979  2.98510756 0.         1.86532438 2.22329163 0.08396947
 5.77966102 0.46707789 0.60712029 2.43269231 0.         0.
 0.         0.         0.         0.         4.02150538 0.
 0.         0.         0.         0.         0.0221998  0.
 0.         0.         0.         0.         0.         0.
 0.         0.         9.77777778 0.         0.         0.
 0.         0.         0.         0.         0.         0.
 0.         0.         0.         0.         0.         0.
 0.         0.         0.         0.         0.         0.
 0.         0.         0.         0.         0.         0.
 0.         0.         0.         0.         0.         0.
 0.         0.         0.         0.         0.         0.
 0.         0.         0.         0.         0.         0.
 0.         0.         0.         0.         0.         0.
 0.         0.         0.         0.         0.         0.
 0.         0.         0.         0.         0.         0.
 0.         0.         0.         0.         0.58021937 1.
 2.45851871 0.33571153 1.74627923 0.         0.         0.
 0.         0.         5.14567615 0.         1.65818271]",BOOLECTOR,4.019284963607788,unsat,"['BOOLECTOR', 'MathSAT', 'YICES', 'Bitwuzla', 'CVC4', 'Z3']",[3.9702558517456055]
./tmp/QF_AUFBV/com.galois.ecc.P384ECC64.ec_twin_mul_aux12.short.smt2,"[0.         2.40234192 1.         0.         0.         0.
 0.         2.32484412 0.         0.         0.         0.
 0.         0.         1.         0.         0.         0.
 0.         0.         0.         0.         0.         0.
 0.         0.         0.         0.         0.         0.
 0.         0.92929293 1.         0.         0.         0.
 0.         1.27777778 0.         3.71354167 1.4375     3.33817126
 4.795053   0.         2.21449954 0.         0.82541693 4.05688337
 3.00261097 2.14007004 0.         1.9690089  1.51955056 5.03874814
 3.75177305 0.32527224 0.82676686 0.21904762 0.         0.
 0.         0.         0.         0.         0.         0.
 0.         0.         0.         0.         0.         0.
 0.         0.         0.         0.         0.         0.
 0.         0.         0.         0.         0.         0.
 0.         0.         0.         0.         0.         0.
 0.         0.         0.         0.         0.         0.
 0.         0.         0.         0.         0.         0.
 0.         0.         0.         0.         0.         0.
 0.         0.         0.         0.         0.         0.
 0.         0.         0.         0.         0.         0.
 0.         0.         0.         0.         0.         0.
 0.         0.         0.         0.         0.         0.
 0.         0.         0.         0.         0.         0.
 0.         0.         0.         0.         0.         0.
 0.         0.         0.         0.         0.61107221 1.
 2.40242187 0.38695542 1.93802055 0.         0.         0.
 0.         0.         4.05688337 0.         1.89201083]",BOOLECTOR,0.18777775764465332,unsat,"['BOOLECTOR', 'YICES', 'CVC4', 'MathSAT', 'Bitwuzla', 'Z3']",[0.1357719898223877]
./tmp/QF_AUFBV/com.galois.ecc.P384ECC64.verifySignature.short.smt2,"[0.00000000e+00 2.01330187e+00 9.99999999e-01 0.00000000e+00
 0.00000000e+00 0.00000000e+00 0.00000000e+00 1.85527915e+00
 0.00000000e+00 0.00000000e+00 0.00000000e+00 0.00000000e+00
 0.00000000e+00 0.00000000e+00 9.99999999e-01 0.00000000e+00
 0.00000000e+00 0.00000000e+00 0.00000000e+00 0.00000000e+00
 0.00000000e+00 0.00000000e+00 0.00000000e+00 0.00000000e+00
 0.00000000e+00 0.00000000e+00 0.00000000e+00 0.00000000e+00
 0.00000000e+00 0.00000000e+00 0.00000000e+00 9.32038835e-01
 9.99999999e-01 0.00000000e+00 0.00000000e+00 0.00000000e+00
 0.00000000e+00 1.26315789e+00 0.00000000e+00 3.27436282e+00
 1.41176470e+00 3.43283582e+00 3.12295082e+00 0.00000000e+00
 1.62914109e+00 0.00000000e+00 5.34984520e-01 3.28712871e+00
 3.66371681e+00 2.91164835e+00 0.00000000e+00 1.61205992e+00
 2.21297430e+00 4.21669107e-01 3.30275229e+00 3.84080156e-01
 6.03444862e-01 1.79735683e+00 1.01084979e-03 0.00000000e+00
 0.00000000e+00 0.00000000e+00 0.00000000e+00 0.00000000e+00
 5.55371901e+00 0.00000000e+00 0.00000000e+00 0.00000000e+00
 0.00000000e+00 0.00000000e+00 5.38056272e-03 0.00000000e+00
 0.00000000e+00 0.00000000e+00 0.00000000e+00 0.00000000e+00
 0.00000000e+00 0.00000000e+00 0.00000000e+00 0.00000000e+00
 4.70679612e+00 0.00000000e+00 0.00000000e+00 0.00000000e+00
 0.00000000e+00 0.00000000e+00 0.00000000e+00 0.00000000e+00
 0.00000000e+00 0.00000000e+00 0.00000000e+00 0.00000000e+00
 0.00000000e+00 0.00000000e+00 0.00000000e+00 0.00000000e+00
 0.00000000e+00 0.00000000e+00 0.00000000e+00 0.00000000e+00
 0.00000000e+00 0.00000000e+00 0.00000000e+00 0.00000000e+00
 0.00000000e+00 0.00000000e+00 0.00000000e+00 0.00000000e+00
 0.00000000e+00 0.00000000e+00 0.00000000e+00 0.00000000e+00
 0.00000000e+00 0.00000000e+00 0.00000000e+00 0.00000000e+00
 0.00000000e+00 0.00000000e+00 0.00000000e+00 0.00000000e+00
 0.00000000e+00 0.00000000e+00 0.00000000e+00 0.00000000e+00
 0.00000000e+00 0.00000000e+00 0.00000000e+00 0.00000000e+00
 0.00000000e+00 0.00000000e+00 0.00000000e+00 0.00000000e+00
 0.00000000e+00 0.00000000e+00 0.00000000e+00 0.00000000e+00
 0.00000000e+00 0.00000000e+00 0.00000000e+00 0.00000000e+00
 0.00000000e+00 0.00000000e+00 0.00000000e+00 0.00000000e+00
 0.00000000e+00 0.00000000e+00 0.00000000e+00 0.00000000e+00
 5.58956117e-01 1.00000000e+00 2.01316920e+00 3.29094563e-01
 1.45351082e+00 0.00000000e+00 0.00000000e+00 0.00000000e+00
 0.00000000e+00 0.00000000e+00 3.28712871e+00 0.00000000e+00
 1.34710832e+00]",CVC4,2.243410110473633,unsat,"['CVC4', 'BOOLECTOR', 'Z3', 'MathSAT', 'Bitwuzla', 'YICES']",[2.1977739334106445]
./tmp/QF_AUFBV/com.galois.ecc.P384ECC64.mod_div10.short.smt2,"[0.         0.23028414 1.         0.         0.         0.
 0.         0.17900241 0.         0.         0.         0.
 0.         0.         1.         0.         0.         0.
 0.         0.         0.         0.         0.         0.
 0.         0.         0.         0.         0.         0.
 0.         0.93457944 1.         0.         0.         0.
 0.         1.25       0.         0.1119403  1.38888889 0.06203474
 0.127421   0.         0.17881428 0.         0.04635352 0.09247842
 0.75107296 2.14945761 0.         0.24563061 3.05336676 0.
 0.07621951 0.01043261 0.0247231  0.         0.         0.
 0.         0.         0.         0.00896915 0.         0.
 0.         0.         0.         0.         0.0056035  0.
 0.         0.         0.         0.         0.         0.
 0.         0.         0.19267823 0.         0.         0.
 0.         0.         0.         0.         0.         0.
 0.         0.         0.         0.         0.         0.
 0.         0.         0.         0.         0.         0.
 0.         0.         0.         0.         0.         0.
 0.         0.         0.         0.         0.         0.
 0.         0.         0.         0.         0.         0.
 0.         0.         0.         0.         0.         0.
 0.         0.         0.         0.         0.         0.
 0.         0.         0.         0.         0.         0.
 0.         0.         0.         0.         0.         0.
 0.         0.         0.         0.         0.13850734 1.
 0.22870718 0.050142   0.19409155 0.         0.         0.
 0.         0.         0.09247842 0.         0.1666314 ]",CVC4,0.15642118453979492,unsat,"['CVC4', 'BOOLECTOR', 'MathSAT', 'YICES', 'Bitwuzla', 'Z3']",[0.14833712577819824]
./tmp/QF_AUFBV/com.galois.ecc.P384ECC64.ec_full_add4.short.smt2,"[0.         0.67471875 1.         0.         0.         0.
 0.         0.4985402  0.         0.         0.         0.
 0.         0.         1.         0.         0.         0.
 0.         0.         0.         0.         0.         0.
 0.         0.         0.         0.         0.         0.
 0.         0.93693694 1.         0.         0.         0.
 0.         1.23809524 0.         0.68023256 1.36842105 0.56796117
 0.8213228  0.         0.58378059 0.         0.18085106 0.6968
 1.27346939 1.77162112 0.         0.50106551 1.64844012 0.22641509
 0.65676077 0.06493687 0.16352201 0.         0.         0.
 0.         0.         0.         0.         0.         0.
 0.         0.         0.         0.         0.         0.
 0.         0.         0.         0.         0.         0.
 0.         0.         0.         0.         0.         0.
 0.         0.         0.         0.         0.         0.
 0.         0.         0.         0.         0.         0.
 0.         0.         0.         0.         0.         0.
 0.         0.         0.         0.         0.         0.
 0.         0.         0.         0.         0.         0.
 0.         0.         0.         0.         0.         0.
 0.         0.         0.         0.         0.         0.
 0.         0.         0.         0.         0.         0.
 0.         0.         0.         0.         0.         0.
 0.         0.         0.         0.         0.         0.
 0.         0.         0.         0.         0.21993392 1.
 0.6735286  0.12252072 0.44067797 0.         0.         0.
 0.         0.         0.6968     0.         0.39816648]",BOOLECTOR,0.0818939208984375,unsat,"['BOOLECTOR', 'MathSAT', 'CVC4', 'YICES', 'Bitwuzla', 'Z3']",[0.06513285636901855]
./tmp/QF_AUFBV/com.galois.ecc.P384ECC64.signHash3.short.smt2,"[0.         2.33864969 1.         0.         0.         0.
 0.         2.29986285 0.         0.         0.         0.
 0.         0.         1.         0.         0.         0.
 0.         0.         0.         0.         0.         0.
 0.         0.         0.         0.         0.         0.
 0.         0.93913043 1.         0.         0.         0.
 0.         1.22727273 0.         4.20736196 1.35       4.22824974
 3.66296928 0.         1.93747429 0.         0.79348689 4.0251872
 2.90163934 2.27699691 0.         1.8956754  1.77687245 0.07814761
 4.25782228 0.56127717 0.81818182 2.484      0.         0.
 0.         0.         0.         0.         2.25       0.
 0.         0.         0.         0.         0.01814313 0.
 0.         0.         0.         0.         0.         0.
 0.         0.         7.67172414 0.         0.         0.
 0.         0.         0.         0.         0.         0.
 0.         0.         0.         0.         0.         0.
 0.         0.         0.         0.         0.         0.
 0.         0.         0.         0.         0.         0.
 0.         0.         0.         0.         0.         0.
 0.         0.         0.         0.         0.         0.
 0.         0.         0.         0.         0.         0.
 0.         0.         0.         0.         0.         0.
 0.         0.         0.         0.         0.         0.
 0.         0.         0.         0.         0.         0.
 0.         0.         0.         0.         0.69663534 1.
 2.33901193 0.41886128 1.81946755 0.         0.         0.
 0.         0.         4.0251872  0.         1.76161262]",CVC4,2.4683380126953125,unsat,"['CVC4', 'YICES', 'BOOLECTOR', 'MathSAT', 'Z3', 'Bitwuzla']",[2.397995948791504]
./tmp/QF_AUFBV/com.galois.ecc.P384ECC64.ec_twin_mul_init1.short.smt2,"[0.         0.68700037 1.         0.         0.         0.
 0.         0.33549675 0.         0.         0.         0.
 0.         0.         1.         0.         0.         0.
 0.         0.         0.         0.         0.         0.
 0.         0.         0.         0.         0.         0.
 0.         0.94117647 1.         0.         0.         0.
 0.         1.2173913  0.         0.33939394 1.33333333 0.22741117
 0.37710438 0.         0.5507662  0.         0.09420146 0.3110064
 2.59173554 1.83018263 0.         0.47192344 0.9494399  0.3204578
 0.31188119 0.03040174 0.08512255 0.22222222 0.         0.
 0.         0.         0.         0.         0.         0.
 0.         0.         0.         0.         0.         0.
 0.         0.         0.         0.         0.         0.
 0.         0.         0.         0.         0.         0.
 0.         0.         0.         0.         0.         0.
 0.         0.         0.         0.         0.         0.
 0.         0.         0.         0.         0.         0.
 0.         0.         0.         0.         0.         0.
 0.         0.         0.         0.         0.         0.
 0.         0.         0.         0.         0.         0.
 0.         0.         0.         0.         0.         0.
 0.         0.         0.         0.         0.         0.
 0.         0.         0.         0.         0.         0.
 0.         0.         0.         0.         0.         0.
 0.         0.         0.         0.         0.21710466 1.
 0.68591125 0.1324344  0.33753425 0.         0.         0.
 0.         0.         0.3110064  0.         0.20570324]",BOOLECTOR,0.057865142822265625,unsat,"['BOOLECTOR', 'CVC4', 'Z3', 'MathSAT', 'Bitwuzla', 'YICES']",[0.039388179779052734]
./tmp/QF_AUFBV/opStructure_NPT_2.smt2,"[0.         0.00178319 1.         0.         0.         0.
 0.         0.00413606 0.         0.         0.         0.
 0.         0.         1.         0.         0.         0.
 0.         0.         0.         0.         0.         0.
 0.         0.         0.         0.         0.         0.
 0.         1.16935484 1.         0.         0.         0.
 0.06782039 0.         0.         0.         0.         0.02941176
 0.         0.         0.00259857 0.         0.         0.
 0.09555189 0.03712    0.         0.00982135 0.05258386 0.
 0.         0.         0.         0.         0.00439653 0.00854625
 0.         0.         0.         0.03117907 0.         0.
 0.         0.         0.         0.         0.         0.
 0.         0.         0.         0.         0.         0.
 0.         0.         0.         0.         0.         0.
 0.         0.         0.         0.         0.         0.
 0.         0.         0.         0.         0.         0.
 0.         0.         0.         0.         0.         0.
 0.         0.         0.         0.         0.         0.
 0.         0.         0.         0.         0.         0.
 0.         0.         0.         0.         0.         0.
 0.         0.         0.         0.         0.         0.
 0.         0.         0.         0.         0.         0.
 0.         0.         0.         0.         0.         0.
 0.         0.         0.         0.         0.         0.
 0.         0.         0.         0.         0.01094775 1.
 0.00356945 0.0077785  0.00529584 0.         0.         0.
 0.         0.         0.         0.         0.        ]",YICES,0.1560518741607666,sat,"['YICES', 'BOOLECTOR', 'MathSAT', 'Z3', 'CVC4', 'Bitwuzla']",[0.15368890762329102]
./tmp/QF_AUFBV/com.galois.ecc.P384ECC64.mod_div12.short.smt2,"[0.         0.29046401 1.         0.         0.         0.
 0.         0.2503359  0.         0.         0.         0.
 0.         0.         1.         0.         0.         0.
 0.         0.         0.         0.         0.         0.
 0.         0.         0.         0.         0.         0.
 0.         0.9375     1.         0.         0.         0.
 0.         1.25       0.         0.25240385 1.36363636 0.15136226
 0.15075377 0.         0.23470839 0.         0.06516588 0.17068273
 0.6763285  1.97728292 0.         0.3141756  2.8844578  0.04285714
 0.22113022 0.02847458 0.0398482  0.         0.         0.
 0.         0.         0.         0.01432836 0.         0.
 0.         0.         0.         0.         0.01007613 0.
 0.         0.         0.         0.         0.13953488 0.
 0.         0.         0.20547945 0.         0.         0.
 0.         0.         0.         0.         0.         0.
 0.         0.         0.         0.         0.         0.
 0.         0.         0.         0.         0.         0.
 0.         0.         0.         0.         0.         0.
 0.         0.         0.         0.         0.         0.
 0.         0.         0.         0.         0.         0.
 0.         0.         0.         0.         0.         0.
 0.         0.         0.         0.         0.         0.
 0.         0.         0.         0.         0.         0.
 0.         0.         0.         0.         0.         0.
 0.         0.         0.         0.         0.17624075 1.
 0.28890108 0.06927509 0.26606335 0.         0.         0.
 0.         0.         0.17068273 0.         0.24163391]",BOOLECTOR,0.06833982467651367,unsat,"['BOOLECTOR', 'CVC4', 'MathSAT', 'YICES', 'Z3', 'Bitwuzla']",[0.05993986129760742]
./tmp/QF_AUFBV/com.galois.ecc.P384ECC64.mul_inner3.short.smt2,"[0.00000000e+00 2.52763182e-01 9.99999999e-01 0.00000000e+00
 0.00000000e+00 0.00000000e+00 0.00000000e+00 1.85224237e-01
 0.00000000e+00 0.00000000e+00 0.00000000e+00 0.00000000e+00
 0.00000000e+00 0.00000000e+00 9.99999999e-01 0.00000000e+00
 0.00000000e+00 0.00000000e+00 0.00000000e+00 0.00000000e+00
 0.00000000e+00 0.00000000e+00 0.00000000e+00 0.00000000e+00
 0.00000000e+00 0.00000000e+00 0.00000000e+00 0.00000000e+00
 0.00000000e+00 0.00000000e+00 0.00000000e+00 9.39393939e-01
 9.99999999e-01 0.00000000e+00 0.00000000e+00 0.00000000e+00
 0.00000000e+00 1.24000000e+00 0.00000000e+00 2.21957041e-01
 1.34782609e+00 3.09690310e-01 1.80682764e-01 0.00000000e+00
 1.95812536e-01 0.00000000e+00 8.54667192e-02 2.26578073e-01
 1.98400000e-01 3.70791494e-01 2.06666665e+01 1.88442002e-01
 1.93539631e-01 1.27397260e+00 1.89255189e-01 5.45479155e-02
 4.11218495e-02 0.00000000e+00 1.04435124e-03 9.13538044e-04
 0.00000000e+00 0.00000000e+00 0.00000000e+00 0.00000000e+00
 0.00000000e+00 0.00000000e+00 0.00000000e+00 0.00000000e+00
 0.00000000e+00 0.00000000e+00 0.00000000e+00 0.00000000e+00
 0.00000000e+00 0.00000000e+00 0.00000000e+00 0.00000000e+00
 0.00000000e+00 7.74999998e+00 0.00000000e+00 0.00000000e+00
 0.00000000e+00 0.00000000e+00 0.00000000e+00 0.00000000e+00
 1.08500000e+01 0.00000000e+00 0.00000000e+00 0.00000000e+00
 0.00000000e+00 0.00000000e+00 0.00000000e+00 0.00000000e+00
 0.00000000e+00 0.00000000e+00 0.00000000e+00 0.00000000e+00
 0.00000000e+00 0.00000000e+00 0.00000000e+00 0.00000000e+00
 0.00000000e+00 0.00000000e+00 0.00000000e+00 0.00000000e+00
 0.00000000e+00 0.00000000e+00 0.00000000e+00 0.00000000e+00
 0.00000000e+00 0.00000000e+00 0.00000000e+00 0.00000000e+00
 0.00000000e+00 0.00000000e+00 0.00000000e+00 0.00000000e+00
 0.00000000e+00 0.00000000e+00 0.00000000e+00 0.00000000e+00
 0.00000000e+00 0.00000000e+00 0.00000000e+00 0.00000000e+00
 0.00000000e+00 0.00000000e+00 0.00000000e+00 0.00000000e+00
 0.00000000e+00 0.00000000e+00 0.00000000e+00 0.00000000e+00
 0.00000000e+00 0.00000000e+00 0.00000000e+00 0.00000000e+00
 0.00000000e+00 0.00000000e+00 0.00000000e+00 0.00000000e+00
 0.00000000e+00 0.00000000e+00 0.00000000e+00 0.00000000e+00
 0.00000000e+00 0.00000000e+00 0.00000000e+00 0.00000000e+00
 8.21677013e-02 1.00000000e+00 2.51133547e-01 6.04941888e-02
 1.72966163e-01 0.00000000e+00 0.00000000e+00 0.00000000e+00
 0.00000000e+00 0.00000000e+00 2.26578073e-01 0.00000000e+00
 1.71450367e-01]",BOOLECTOR,0.8968620300292969,sat,"['BOOLECTOR', 'CVC4', 'MathSAT', 'YICES', 'Bitwuzla', 'Z3']",[0.8901169300079346]
./tmp/QF_AUFBV/opStructure_O_16_32_2_2.smt2,"[0.00000000e+00 1.93260056e-03 9.99999999e-01 0.00000000e+00
 0.00000000e+00 0.00000000e+00 0.00000000e+00 4.49817262e-03
 0.00000000e+00 0.00000000e+00 0.00000000e+00 0.00000000e+00
 0.00000000e+00 0.00000000e+00 9.99999999e-01 0.00000000e+00
 0.00000000e+00 0.00000000e+00 0.00000000e+00 0.00000000e+00
 0.00000000e+00 0.00000000e+00 0.00000000e+00 0.00000000e+00
 0.00000000e+00 0.00000000e+00 0.00000000e+00 0.00000000e+00
 0.00000000e+00 0.00000000e+00 0.00000000e+00 1.16788321e+00
 9.99999999e-01 0.00000000e+00 0.00000000e+00 0.00000000e+00
 6.49543336e+00 0.00000000e+00 5.33333330e+00 0.00000000e+00
 0.00000000e+00 3.19361277e-02 0.00000000e+00 0.00000000e+00
 4.23990814e-03 0.00000000e+00 0.00000000e+00 0.00000000e+00
 1.02073365e-01 3.77581121e-02 0.00000000e+00 1.06551236e-02
 5.20325203e-02 0.00000000e+00 0.00000000e+00 5.50784402e+00
 5.20044437e+00 0.00000000e+00 1.45944768e-01 9.95003284e-01
 0.00000000e+00 0.00000000e+00 6.35038760e+00 6.28516599e+00
 0.00000000e+00 0.00000000e+00 0.00000000e+00 6.41503524e+00
 0.00000000e+00 0.00000000e+00 0.00000000e+00 0.00000000e+00
 0.00000000e+00 0.00000000e+00 0.00000000e+00 0.00000000e+00
 0.00000000e+00 0.00000000e+00 0.00000000e+00 0.00000000e+00
 0.00000000e+00 0.00000000e+00 0.00000000e+00 0.00000000e+00
 0.00000000e+00 0.00000000e+00 0.00000000e+00 0.00000000e+00
 0.00000000e+00 0.00000000e+00 0.00000000e+00 0.00000000e+00
 0.00000000e+00 0.00000000e+00 0.00000000e+00 0.00000000e+00
 0.00000000e+00 0.00000000e+00 0.00000000e+00 0.00000000e+00
 0.00000000e+00 0.00000000e+00 0.00000000e+00 0.00000000e+00
 0.00000000e+00 0.00000000e+00 0.00000000e+00 0.00000000e+00
 0.00000000e+00 0.00000000e+00 0.00000000e+00 0.00000000e+00
 0.00000000e+00 0.00000000e+00 0.00000000e+00 0.00000000e+00
 0.00000000e+00 0.00000000e+00 0.00000000e+00 0.00000000e+00
 0.00000000e+00 0.00000000e+00 0.00000000e+00 0.00000000e+00
 0.00000000e+00 0.00000000e+00 0.00000000e+00 0.00000000e+00
 0.00000000e+00 0.00000000e+00 0.00000000e+00 0.00000000e+00
 0.00000000e+00 0.00000000e+00 0.00000000e+00 0.00000000e+00
 0.00000000e+00 0.00000000e+00 0.00000000e+00 0.00000000e+00
 0.00000000e+00 0.00000000e+00 0.00000000e+00 0.00000000e+00
 0.00000000e+00 0.00000000e+00 0.00000000e+00 0.00000000e+00
 1.27415601e+00 1.00000000e+00 3.86870580e-03 1.04104291e+00
 5.75850279e-03 0.00000000e+00 0.00000000e+00 0.00000000e+00
 0.00000000e+00 0.00000000e+00 0.00000000e+00 0.00000000e+00
 0.00000000e+00]",BOOLECTOR,60.02244687080383,timeout (60.0 s),"['BOOLECTOR', 'YICES', 'CVC4', 'Bitwuzla', 'MathSAT', 'Z3']",[60]
./tmp/QF_AUFBV/com.galois.ecc.P384ECC64.ec_twin_mul_init2.short.smt2,"[0.         0.77649348 1.         0.         0.         0.
 0.         0.38510697 0.         0.         0.         0.
 0.         0.         1.         0.         0.         0.
 0.         0.         0.         0.         0.         0.
 0.         0.         0.         0.         0.         0.
 0.         0.93617021 1.         0.         0.         0.
 0.         1.26923077 0.         0.38915094 1.375      0.26138614
 0.43385374 0.         0.62765911 0.         0.11010795 0.35787052
 2.7057101  1.87312187 0.         0.53774975 0.97211994 0.35772358
 0.35869565 0.02955665 0.08358398 0.25984252 0.         0.
 0.         0.         0.         0.         0.         0.
 0.         0.         0.         0.         0.         0.
 0.         0.         0.         0.         0.         0.
 0.         0.         0.         0.         0.         0.
 0.         0.         0.         0.         0.         0.
 0.         0.         0.         0.         0.         0.
 0.         0.         0.         0.         0.         0.
 0.         0.         0.         0.         0.         0.
 0.         0.         0.         0.         0.         0.
 0.         0.         0.         0.         0.         0.
 0.         0.         0.         0.         0.         0.
 0.         0.         0.         0.         0.         0.
 0.         0.         0.         0.         0.         0.
 0.         0.         0.         0.         0.         0.
 0.         0.         0.         0.         0.24171887 1.
 0.77527891 0.14964093 0.38733772 0.         0.         0.
 0.         0.         0.35787052 0.         0.23743255]",CVC4,1.2712888717651367,unsat,"['CVC4', 'YICES', 'Bitwuzla', 'BOOLECTOR', 'MathSAT', 'Z3']",[1.2560920715332031]
./tmp/QF_AUFBV/com.galois.ecc.P384ECC64.ec_mul_aux3.short.smt2,"[ 0.          5.85147935  1.          0.          0.          0.
  0.          6.46179813  0.          0.          0.          0.
  0.          0.          1.          0.          0.          0.
  0.          0.          0.          0.          0.          0.
  0.          0.          0.          0.          0.          0.
  0.          0.93793103  1.          0.          0.          0.
  0.          1.25925926  0.          3.39278132  1.36        3.82425308
  3.25854383  0.          6.68900954  0.          9.78218929  3.50722075
  1.8365651   1.1516129   0.          6.83381314  1.34007074  5.61538462
  3.49945829  0.96529968  0.6855902   8.14371257  0.          0.
  0.          0.          0.02633617  0.31993157  7.6         0.
  0.          0.          0.          0.          0.          0.
  0.          0.          0.          0.         10.94006309  0.
  0.          0.          4.38186158  0.          0.          0.
  0.          0.          0.          0.          0.          0.
  0.          0.          0.          0.          0.          0.
  0.          0.          0.          0.          0.          0.
  0.          0.          0.          0.          0.          0.
  0.          0.          0.          0.          0.          0.
  0.          0.          0.          0.          0.          0.
  0.          0.          0.          0.          0.          0.
  0.          0.          0.          0.          0.          0.
  0.          0.          0.          0.          0.          0.
  0.          0.          0.          0.          0.          0.
  0.          0.          0.          0.          2.24567925  1.
  5.85467872  1.25590334  7.20692313  0.          0.          0.
  0.          0.          3.50722075  0.          7.49309912]",BOOLECTOR,0.7262611389160156,unsat,"['BOOLECTOR', 'CVC4', 'Bitwuzla', 'MathSAT', 'YICES', 'Z3']",[0.6037061214447021]
./tmp/QF_AUFBV/com.galois.ecc.P384ECC64.ec_twin_mul_init.short.smt2,"[0.         0.66878981 1.         0.         0.         0.
 0.         0.32772266 0.         0.         0.         0.
 0.         0.         1.         0.         0.         0.
 0.         0.         0.         0.         0.         0.
 0.         0.         0.         0.         0.         0.
 0.         0.93959732 1.         0.         0.         0.
 0.         1.25       0.         0.36764706 1.34615384 0.2443281
 0.41116006 0.         0.52668563 0.         0.08298466 0.33712785
 2.51928021 1.81957187 0.         0.44984822 0.96314496 0.31390135
 0.33798283 0.03043147 0.08664707 0.20833333 0.         0.
 0.         0.         0.         0.         0.         0.
 0.         0.         0.         0.         0.         0.
 0.         0.         0.         0.         0.         0.
 0.         0.         0.         0.         0.         0.
 0.         0.         0.         0.         0.         0.
 0.         0.         0.         0.         0.         0.
 0.         0.         0.         0.         0.         0.
 0.         0.         0.         0.         0.         0.
 0.         0.         0.         0.         0.         0.
 0.         0.         0.         0.         0.         0.
 0.         0.         0.         0.         0.         0.
 0.         0.         0.         0.         0.         0.
 0.         0.         0.         0.         0.         0.
 0.         0.         0.         0.         0.         0.
 0.         0.         0.         0.         0.23780866 1.
 0.66768921 0.15218299 0.32076651 0.         0.         0.
 0.         0.         0.33712785 0.         0.19522936]",CVC4,1.3183948993682861,unsat,"['CVC4', 'YICES', 'MathSAT', 'BOOLECTOR', 'Bitwuzla', 'Z3']",[1.3015809059143066]
./tmp/QF_AUFBV/com.galois.ecc.P384ECC64.ec_twin_mul_aux1.short.smt2,"[0.         2.16787434 1.         0.         0.         0.
 0.         2.17021945 0.         0.         0.         0.
 0.         0.         1.         0.         0.         0.
 0.         0.         0.         0.         0.         0.
 0.         0.         0.         0.         0.         0.
 0.         0.94117647 1.         0.         0.         0.
 0.         1.24137931 0.         3.20382775 1.33333333 2.88924559
 4.14035088 0.         2.05817336 0.         0.83378747 3.50039526
 2.17391304 1.62919708 0.         1.84632353 1.25492056 5.093359
 3.234375   0.38705516 0.95963855 0.21301775 0.         0.
 0.         0.         0.         0.         0.         0.
 0.         0.         0.         0.         0.         0.
 0.         0.         0.         0.         0.         0.
 0.         0.         0.         0.         0.         0.
 0.         0.         0.         0.         0.         0.
 0.         0.         0.         0.         0.         0.
 0.         0.         0.         0.         0.         0.
 0.         0.         0.         0.         0.         0.
 0.         0.         0.         0.         0.         0.
 0.         0.         0.         0.         0.         0.
 0.         0.         0.         0.         0.         0.
 0.         0.         0.         0.         0.         0.
 0.         0.         0.         0.         0.         0.
 0.         0.         0.         0.         0.         0.
 0.         0.         0.         0.         0.76371947 1.
 2.16810811 0.5266496  1.84718746 0.         0.         0.
 0.         0.         3.50039526 0.         1.82834053]",MathSAT,0.7591216564178467,unsat,"['MathSAT', 'YICES', 'CVC4', 'BOOLECTOR', 'Z3', 'Bitwuzla']",[0.6925909519195557]
./tmp/QF_AUFBV/com.galois.ecc.P384ECC64.ec_full_sub1.short.smt2,"[0.         0.20040286 1.         0.         0.         0.
 0.         0.11013055 0.         0.         0.         0.
 0.         0.         1.         0.         0.         0.
 0.         0.         0.         0.         0.         0.
 0.         0.         0.         0.         0.         0.
 0.         0.94267516 1.         0.         0.         0.
 0.         2.38709677 0.         0.07067813 1.32142857 0.02967121
 0.04802077 0.         0.15361591 0.         0.03022053 0.03895762
 0.7443787  0.82730733 0.         0.1625183  0.92393064 0.14189837
 0.03609756 0.00397764 0.01114122 0.10914454 0.         0.
 0.         0.         0.         0.         0.         0.
 0.         0.         0.         0.         0.00828296 0.
 0.         0.         0.         0.         0.         0.
 0.         0.         0.         0.         0.         0.
 0.         0.         0.         0.         0.         0.
 0.         0.         0.         0.         0.         0.
 0.         0.         0.         0.         0.         0.
 0.         0.         0.         0.         0.         0.
 0.         0.         0.         0.         0.         0.
 0.         0.         0.         0.         0.         0.
 0.         0.         0.         0.         0.         0.
 0.         0.         0.         0.         0.         0.
 0.         0.         0.         0.         0.         0.
 0.         0.         0.         0.         0.         0.
 0.         0.         0.         0.         0.09457027 1.
 0.19892473 0.06226104 0.12629644 0.         0.         0.
 0.         0.         0.03895762 0.         0.08999931]",YICES,0.19348382949829102,unsat,"['YICES', 'BOOLECTOR', 'CVC4', 'MathSAT', 'Bitwuzla', 'Z3']",[0.18142986297607422]
./tmp/QF_AUFBV/com.galois.ecc.P384ECC64.signHash5.short.smt2,"[0.         1.99219545 1.         0.         0.         0.
 0.         1.96097464 0.         0.         0.         0.
 0.         0.         1.         0.         0.         0.
 0.         0.         0.         0.         0.         0.
 0.         0.         0.         0.         0.         0.
 0.         0.94409938 1.         0.         0.         0.
 0.         1.1875     0.         3.99487179 1.31034483 3.86023055
 2.83003003 0.         1.63166487 0.         0.61577608 3.51313903
 2.4800885  2.10067416 0.         1.61588785 1.75964719 0.07272727
 4.0418483  0.56740443 0.69642329 2.41436464 0.         0.
 0.         0.         0.         0.         2.30939226 0.
 0.         0.         0.         0.         0.02550336 0.
 0.         0.         0.         0.         0.         0.
 0.         0.         6.84148728 0.         0.         0.
 0.         0.         0.         0.         0.         0.
 0.         0.         0.         0.         0.         0.
 0.         0.         0.         0.         0.         0.
 0.         0.         0.         0.         0.         0.
 0.         0.         0.         0.         0.         0.
 0.         0.         0.         0.         0.         0.
 0.         0.         0.         0.         0.         0.
 0.         0.         0.         0.         0.         0.
 0.         0.         0.         0.         0.         0.
 0.         0.         0.         0.         0.         0.
 0.         0.         0.         0.         0.73646772 1.
 1.99235831 0.4705555  1.53665911 0.         0.         0.
 0.         0.         3.51313903 0.         1.47969543]",CVC4,1.823904275894165,unsat,"['CVC4', 'BOOLECTOR', 'Bitwuzla', 'MathSAT', 'YICES', 'Z3']",[1.7591361999511719]
./tmp/QF_AUFBV/com.galois.ecc.P384ECC64.sq_inner12.short.smt2,"[0.00000000e+00 1.15452931e-01 9.99999999e-01 0.00000000e+00
 0.00000000e+00 0.00000000e+00 0.00000000e+00 4.82267399e-02
 0.00000000e+00 0.00000000e+00 0.00000000e+00 0.00000000e+00
 0.00000000e+00 0.00000000e+00 9.99999999e-01 0.00000000e+00
 0.00000000e+00 0.00000000e+00 0.00000000e+00 0.00000000e+00
 0.00000000e+00 0.00000000e+00 0.00000000e+00 0.00000000e+00
 0.00000000e+00 0.00000000e+00 0.00000000e+00 0.00000000e+00
 0.00000000e+00 0.00000000e+00 0.00000000e+00 9.45454545e-01
 9.99999999e-01 0.00000000e+00 0.00000000e+00 0.00000000e+00
 0.00000000e+00 1.18181818e+00 0.00000000e+00 6.65529010e-02
 1.30000000e+00 5.61151079e-02 0.00000000e+00 0.00000000e+00
 8.39096358e-02 0.00000000e+00 2.08807389e-02 2.79302936e-02
 1.28996692e-01 3.17285189e-01 9.74999990e+00 6.36808957e-02
 1.96796841e-01 1.01770736e+00 3.39721254e-02 1.23861952e-02
 0.00000000e+00 0.00000000e+00 3.26964512e-04 0.00000000e+00
 0.00000000e+00 0.00000000e+00 7.55082285e-03 0.00000000e+00
 0.00000000e+00 0.00000000e+00 0.00000000e+00 0.00000000e+00
 0.00000000e+00 0.00000000e+00 0.00000000e+00 0.00000000e+00
 0.00000000e+00 0.00000000e+00 0.00000000e+00 0.00000000e+00
 1.22641509e-01 2.99999999e+00 0.00000000e+00 0.00000000e+00
 0.00000000e+00 0.00000000e+00 0.00000000e+00 0.00000000e+00
 3.54545454e+00 0.00000000e+00 0.00000000e+00 0.00000000e+00
 0.00000000e+00 0.00000000e+00 0.00000000e+00 0.00000000e+00
 0.00000000e+00 0.00000000e+00 0.00000000e+00 0.00000000e+00
 0.00000000e+00 0.00000000e+00 0.00000000e+00 0.00000000e+00
 0.00000000e+00 0.00000000e+00 0.00000000e+00 0.00000000e+00
 0.00000000e+00 0.00000000e+00 0.00000000e+00 0.00000000e+00
 0.00000000e+00 0.00000000e+00 0.00000000e+00 0.00000000e+00
 0.00000000e+00 0.00000000e+00 0.00000000e+00 0.00000000e+00
 0.00000000e+00 0.00000000e+00 0.00000000e+00 0.00000000e+00
 0.00000000e+00 0.00000000e+00 0.00000000e+00 0.00000000e+00
 0.00000000e+00 0.00000000e+00 0.00000000e+00 0.00000000e+00
 0.00000000e+00 0.00000000e+00 0.00000000e+00 0.00000000e+00
 0.00000000e+00 0.00000000e+00 0.00000000e+00 0.00000000e+00
 0.00000000e+00 0.00000000e+00 0.00000000e+00 0.00000000e+00
 0.00000000e+00 0.00000000e+00 0.00000000e+00 0.00000000e+00
 0.00000000e+00 0.00000000e+00 0.00000000e+00 0.00000000e+00
 4.78096614e-02 1.00000000e+00 1.13909583e-01 4.17075261e-02
 5.15191546e-02 0.00000000e+00 0.00000000e+00 0.00000000e+00
 0.00000000e+00 0.00000000e+00 2.79302936e-02 0.00000000e+00
 4.68312208e-02]",CVC4,0.3632807731628418,sat,"['CVC4', 'BOOLECTOR', 'Z3', 'MathSAT', 'YICES', 'Bitwuzla']",[0.35766100883483887]
./tmp/QF_AUFBV/com.galois.ecc.P384ECC64.ec_full_sub2.short.smt2,"[0.         0.20364371 1.         0.         0.         0.
 0.         0.11245931 0.         0.         0.         0.
 0.         0.         1.         0.         0.         0.
 0.         0.         0.         0.         0.         0.
 0.         0.         0.         0.         0.         0.
 0.         0.94674556 1.         0.         0.         0.
 0.         2.28571428 0.         0.0681431  1.29032258 0.02875629
 0.0479904  0.         0.15797208 0.         0.03209844 0.03815884
 0.73593074 0.82087108 0.         0.16724739 0.92584655 0.14856082
 0.03481288 0.00423415 0.01182033 0.11019284 0.         0.
 0.         0.         0.         0.         0.         0.
 0.         0.         0.         0.         0.00894654 0.
 0.         0.         0.         0.         0.         0.
 0.         0.         0.         0.         0.         0.
 0.         0.         0.         0.         0.         0.
 0.         0.         0.         0.         0.         0.
 0.         0.         0.         0.         0.         0.
 0.         0.         0.         0.         0.         0.
 0.         0.         0.         0.         0.         0.
 0.         0.         0.         0.         0.         0.
 0.         0.         0.         0.         0.         0.
 0.         0.         0.         0.         0.         0.
 0.         0.         0.         0.         0.         0.
 0.         0.         0.         0.         0.         0.
 0.         0.         0.         0.         0.09988374 1.
 0.20215633 0.06629459 0.1304157  0.         0.         0.
 0.         0.         0.03815884 0.         0.09317804]",YICES,0.2467207908630371,unsat,"['YICES', 'CVC4', 'MathSAT', 'BOOLECTOR', 'Z3', 'Bitwuzla']",[0.24105095863342285]
